arm,seed,future_collection,food_330,persistence,primary,local,colony,trail
sham,1101,107.0,197.0,9.310344827586206,112.6485256794137,105.4927050139909,111.88510126723165,115.44511082016432
sham,1102,95.0,190.0,9.310344827586206,110.38707277225963,99.25865858485503,109.70019965027264,109.29905397310284
sham,1103,51.0,102.0,102.0,30.119120166052042,0.0,30.344201430857694,0.0
sham,1104,77.0,171.0,9.310344827586206,96.68223923275609,100.41839720036099,81.80223322876977,89.47897415579338
sham,1105,94.0,187.0,9.310344827586206,106.90766524101618,114.04271847759327,104.9316399672342,102.4754818223715
sham,1106,148.0,190.0,0.0,98.28631575259274,99.15347774811835,101.75649709022197,84.05145276580953
sham,1107,42.0,115.0,115.0,55.3643825462259,64.8442871084504,58.7700193457831,95.23512551327421
sham,1108,96.0,183.0,0.0,99.31420268390109,105.4655035015231,113.2616885231228,102.12028166247579
trail_cut,1101,101.0,198.0,9.310344827586206,112.38185901274701,107.58105079734348,111.00928804408088,115.5115627827768
trail_cut,1102,97.0,192.0,9.310344827586206,109.0537394389263,104.6338138277649,120.70409246486972,107.47054819953001
trail_cut,1103,46.0,103.0,103.0,29.719120166052036,7.178455738179778,34.56718714145928,0.0
trail_cut,1104,129.0,171.0,9.310344827586206,88.68223923275609,92.20607505818334,77.82486681744047,82.12233329225849
trail_cut,1105,103.0,190.0,9.310344827586206,104.64099857434951,108.72220208509844,100.12224794535773,102.32129268682367
trail_cut,1106,115.0,189.0,0.0,101.61964908592607,104.73046384260483,99.81769466472704,89.68501081482825
trail_cut,1107,14.0,113.0,113.0,58.03104921289257,61.25781383931456,58.79902712096946,82.47737550277517
trail_cut,1108,97.0,180.0,0.0,98.11420268390108,103.18890662261826,109.18620922357022,99.18501076627568
