"BehaviorSpace results (NetLogo 7.0.4)","Table version 2.0"
"/home/brian/code/collective-competence/goal-discovery/src/experiments/thermostat/thermostat.nlogox"
"003b-discovery-feedback"
"08/29/2026 02:24:53:727 -0700"
"min-pxcor","max-pxcor","min-pycor","max-pycor"
"0","4","-20","80"
"[run number]","arm","initial-temperature","ambient-temperature","setpoint","relaxation-rate","controller-gain","max-control","displacement-amount","load-magnitude","max-ticks","[step]","ticks","temperature"
"1","feedback","20","20","20","0.05","0.25","2","-10","0","160","0","0","20"
"1","feedback","20","20","20","0.05","0.25","2","-10","0","160","1","1","20"
"1","feedback","20","20","20","0.05","0.25","2","-10","0","160","2","2","20"
"1","feedback","20","20","20","0.05","0.25","2","-10","0","160","3","3","20"
"1","feedback","20","20","20","0.05","0.25","2","-10","0","160","4","4","20"
"1","feedback","20","20","20","0.05","0.25","2","-10","0","160","5","5","20"
"1","feedback","20","20","20","0.05","0.25","2","-10","0","160","6","6","20"
"1","feedback","20","20","20","0.05","0.25","2","-10","0","160","7","7","20"
"1","feedback","20","20","20","0.05","0.25","2","-10","0","160","8","8","20"
"1","feedback","20","20","20","0.05","0.25","2","-10","0","160","9","9","20"
"1","feedback","20","20","20","0.05","0.25","2","-10","0","160","10","10","20"
"1","feedback","20","20","20","0.05","0.25","2","-10","0","160","11","11","20"
"1","feedback","20","20","20","0.05","0.25","2","-10","0","160","12","12","20"
"1","feedback","20","20","20","0.05","0.25","2","-10","0","160","13","13","20"
"1","feedback","20","20","20","0.05","0.25","2","-10","0","160","14","14","20"
"1","feedback","20","20","20","0.05","0.25","2","-10","0","160","15","15","20"
"1","feedback","20","20","20","0.05","0.25","2","-10","0","160","16","16","20"
"1","feedback","20","20","20","0.05","0.25","2","-10","0","160","17","17","20"
"1","feedback","20","20","20","0.05","0.25","2","-10","0","160","18","18","20"
"1","feedback","20","20","20","0.05","0.25","2","-10","0","160","19","19","20"
"1","feedback","20","20","20","0.05","0.25","2","-10","0","160","20","20","20"
"1","feedback","20","20","20","0.05","0.25","2","-10","0","160","21","21","12.5"
"1","feedback","20","20","20","0.05","0.25","2","-10","0","160","22","22","14.75"
"1","feedback","20","20","20","0.05","0.25","2","-10","0","160","23","23","16.325"
"1","feedback","20","20","20","0.05","0.25","2","-10","0","160","24","24","17.4275"
"1","feedback","20","20","20","0.05","0.25","2","-10","0","160","25","25","18.19925"
"1","feedback","20","20","20","0.05","0.25","2","-10","0","160","26","26","18.739475"
"1","feedback","20","20","20","0.05","0.25","2","-10","0","160","27","27","19.1176325"
"1","feedback","20","20","20","0.05","0.25","2","-10","0","160","28","28","19.38234275"
"1","feedback","20","20","20","0.05","0.25","2","-10","0","160","29","29","19.567639925"
"1","feedback","20","20","20","0.05","0.25","2","-10","0","160","30","30","19.6973479475"
"1","feedback","20","20","20","0.05","0.25","2","-10","0","160","31","31","19.788143563250003"
"1","feedback","20","20","20","0.05","0.25","2","-10","0","160","32","32","19.851700494275"
"1","feedback","20","20","20","0.05","0.25","2","-10","0","160","33","33","19.8961903459925"
"1","feedback","20","20","20","0.05","0.25","2","-10","0","160","34","34","19.92733324219475"
"1","feedback","20","20","20","0.05","0.25","2","-10","0","160","35","35","19.949133269536325"
"1","feedback","20","20","20","0.05","0.25","2","-10","0","160","36","36","19.964393288675424"
"1","feedback","20","20","20","0.05","0.25","2","-10","0","160","37","37","19.975075302072796"
"1","feedback","20","20","20","0.05","0.25","2","-10","0","160","38","38","19.982552711450957"
"1","feedback","20","20","20","0.05","0.25","2","-10","0","160","39","39","19.98778689801567"
"1","feedback","20","20","20","0.05","0.25","2","-10","0","160","40","40","19.99145082861097"
"1","feedback","20","20","20","0.05","0.25","2","-10","0","160","41","41","19.99401558002768"
"1","feedback","20","20","20","0.05","0.25","2","-10","0","160","42","42","19.995810906019376"
"1","feedback","20","20","20","0.05","0.25","2","-10","0","160","43","43","19.997067634213565"
"1","feedback","20","20","20","0.05","0.25","2","-10","0","160","44","44","19.997947343949495"
"1","feedback","20","20","20","0.05","0.25","2","-10","0","160","45","45","19.99856314076465"
"1","feedback","20","20","20","0.05","0.25","2","-10","0","160","46","46","19.998994198535254"
"1","feedback","20","20","20","0.05","0.25","2","-10","0","160","47","47","19.999295938974676"
"1","feedback","20","20","20","0.05","0.25","2","-10","0","160","48","48","19.999507157282274"
"1","feedback","20","20","20","0.05","0.25","2","-10","0","160","49","49","19.99965501009759"
"1","feedback","20","20","20","0.05","0.25","2","-10","0","160","50","50","19.999758507068314"
"1","feedback","20","20","20","0.05","0.25","2","-10","0","160","51","51","19.999830954947818"
"1","feedback","20","20","20","0.05","0.25","2","-10","0","160","52","52","19.999881668463473"
"1","feedback","20","20","20","0.05","0.25","2","-10","0","160","53","53","19.99991716792443"
"1","feedback","20","20","20","0.05","0.25","2","-10","0","160","54","54","19.9999420175471"
"1","feedback","20","20","20","0.05","0.25","2","-10","0","160","55","55","19.99995941228297"
"1","feedback","20","20","20","0.05","0.25","2","-10","0","160","56","56","19.99997158859808"
"1","feedback","20","20","20","0.05","0.25","2","-10","0","160","57","57","19.999980112018655"
"1","feedback","20","20","20","0.05","0.25","2","-10","0","160","58","58","19.99998607841306"
"1","feedback","20","20","20","0.05","0.25","2","-10","0","160","59","59","19.99999025488914"
"1","feedback","20","20","20","0.05","0.25","2","-10","0","160","60","60","19.9999931784224"
"1","feedback","20","20","20","0.05","0.25","2","-10","0","160","61","61","19.99999522489568"
"1","feedback","20","20","20","0.05","0.25","2","-10","0","160","62","62","19.999996657426976"
"1","feedback","20","20","20","0.05","0.25","2","-10","0","160","63","63","19.999997660198883"
"1","feedback","20","20","20","0.05","0.25","2","-10","0","160","64","64","19.999998362139216"
"1","feedback","20","20","20","0.05","0.25","2","-10","0","160","65","65","19.999998853497452"
"1","feedback","20","20","20","0.05","0.25","2","-10","0","160","66","66","19.99999919744822"
"1","feedback","20","20","20","0.05","0.25","2","-10","0","160","67","67","19.999999438213752"
"1","feedback","20","20","20","0.05","0.25","2","-10","0","160","68","68","19.99999960674963"
"1","feedback","20","20","20","0.05","0.25","2","-10","0","160","69","69","19.99999972472474"
"1","feedback","20","20","20","0.05","0.25","2","-10","0","160","70","70","19.99999980730732"
"1","feedback","20","20","20","0.05","0.25","2","-10","0","160","71","71","19.99999986511512"
"1","feedback","20","20","20","0.05","0.25","2","-10","0","160","72","72","19.999999905580587"
"1","feedback","20","20","20","0.05","0.25","2","-10","0","160","73","73","19.99999993390641"
"1","feedback","20","20","20","0.05","0.25","2","-10","0","160","74","74","19.999999953734488"
"1","feedback","20","20","20","0.05","0.25","2","-10","0","160","75","75","19.99999996761414"
"1","feedback","20","20","20","0.05","0.25","2","-10","0","160","76","76","19.999999977329896"
"1","feedback","20","20","20","0.05","0.25","2","-10","0","160","77","77","19.999999984130927"
"1","feedback","20","20","20","0.05","0.25","2","-10","0","160","78","78","19.99999998889165"
"1","feedback","20","20","20","0.05","0.25","2","-10","0","160","79","79","19.999999992224154"
"1","feedback","20","20","20","0.05","0.25","2","-10","0","160","80","80","19.99999999455691"
"1","feedback","20","20","20","0.05","0.25","2","-10","0","160","81","81","19.999999996189835"
"1","feedback","20","20","20","0.05","0.25","2","-10","0","160","82","82","19.999999997332885"
"1","feedback","20","20","20","0.05","0.25","2","-10","0","160","83","83","19.99999999813302"
"1","feedback","20","20","20","0.05","0.25","2","-10","0","160","84","84","19.999999998693113"
"1","feedback","20","20","20","0.05","0.25","2","-10","0","160","85","85","19.99999999908518"
"1","feedback","20","20","20","0.05","0.25","2","-10","0","160","86","86","19.999999999359627"
"1","feedback","20","20","20","0.05","0.25","2","-10","0","160","87","87","19.999999999551736"
"1","feedback","20","20","20","0.05","0.25","2","-10","0","160","88","88","19.999999999686217"
"1","feedback","20","20","20","0.05","0.25","2","-10","0","160","89","89","19.99999999978035"
"1","feedback","20","20","20","0.05","0.25","2","-10","0","160","90","90","19.999999999846246"
"1","feedback","20","20","20","0.05","0.25","2","-10","0","160","91","91","19.999999999892374"
"1","feedback","20","20","20","0.05","0.25","2","-10","0","160","92","92","19.99999999992466"
"1","feedback","20","20","20","0.05","0.25","2","-10","0","160","93","93","19.999999999947264"
"1","feedback","20","20","20","0.05","0.25","2","-10","0","160","94","94","19.999999999963084"
"1","feedback","20","20","20","0.05","0.25","2","-10","0","160","95","95","19.99999999997416"
"1","feedback","20","20","20","0.05","0.25","2","-10","0","160","96","96","19.999999999981913"
"1","feedback","20","20","20","0.05","0.25","2","-10","0","160","97","97","19.99999999998734"
"1","feedback","20","20","20","0.05","0.25","2","-10","0","160","98","98","19.99999999999114"
"1","feedback","20","20","20","0.05","0.25","2","-10","0","160","99","99","19.999999999993797"
"1","feedback","20","20","20","0.05","0.25","2","-10","0","160","100","100","19.99999999999566"
"1","feedback","20","20","20","0.05","0.25","2","-10","0","160","101","101","19.99999999999696"
"1","feedback","20","20","20","0.05","0.25","2","-10","0","160","102","102","19.999999999997872"
"1","feedback","20","20","20","0.05","0.25","2","-10","0","160","103","103","19.99999999999851"
"1","feedback","20","20","20","0.05","0.25","2","-10","0","160","104","104","19.99999999999896"
"1","feedback","20","20","20","0.05","0.25","2","-10","0","160","105","105","19.99999999999927"
"1","feedback","20","20","20","0.05","0.25","2","-10","0","160","106","106","19.99999999999949"
"1","feedback","20","20","20","0.05","0.25","2","-10","0","160","107","107","19.99999999999964"
"1","feedback","20","20","20","0.05","0.25","2","-10","0","160","108","108","19.999999999999748"
"1","feedback","20","20","20","0.05","0.25","2","-10","0","160","109","109","19.999999999999826"
"1","feedback","20","20","20","0.05","0.25","2","-10","0","160","110","110","19.999999999999876"
"1","feedback","20","20","20","0.05","0.25","2","-10","0","160","111","111","19.999999999999915"
"1","feedback","20","20","20","0.05","0.25","2","-10","0","160","112","112","19.99999999999994"
"1","feedback","20","20","20","0.05","0.25","2","-10","0","160","113","113","19.999999999999957"
"1","feedback","20","20","20","0.05","0.25","2","-10","0","160","114","114","19.99999999999997"
"1","feedback","20","20","20","0.05","0.25","2","-10","0","160","115","115","19.99999999999998"
"1","feedback","20","20","20","0.05","0.25","2","-10","0","160","116","116","19.999999999999986"
"1","feedback","20","20","20","0.05","0.25","2","-10","0","160","117","117","19.99999999999999"
"1","feedback","20","20","20","0.05","0.25","2","-10","0","160","118","118","19.999999999999993"
"1","feedback","20","20","20","0.05","0.25","2","-10","0","160","119","119","19.999999999999993"
"1","feedback","20","20","20","0.05","0.25","2","-10","0","160","120","120","19.999999999999993"
"1","feedback","20","20","20","0.05","0.25","2","-10","0","160","121","121","19.999999999999993"
"1","feedback","20","20","20","0.05","0.25","2","-10","0","160","122","122","19.999999999999993"
"1","feedback","20","20","20","0.05","0.25","2","-10","0","160","123","123","19.999999999999993"
"1","feedback","20","20","20","0.05","0.25","2","-10","0","160","124","124","19.999999999999993"
"1","feedback","20","20","20","0.05","0.25","2","-10","0","160","125","125","19.999999999999993"
"1","feedback","20","20","20","0.05","0.25","2","-10","0","160","126","126","19.999999999999993"
"1","feedback","20","20","20","0.05","0.25","2","-10","0","160","127","127","19.999999999999993"
"1","feedback","20","20","20","0.05","0.25","2","-10","0","160","128","128","19.999999999999993"
"1","feedback","20","20","20","0.05","0.25","2","-10","0","160","129","129","19.999999999999993"
"1","feedback","20","20","20","0.05","0.25","2","-10","0","160","130","130","19.999999999999993"
"1","feedback","20","20","20","0.05","0.25","2","-10","0","160","131","131","19.999999999999993"
"1","feedback","20","20","20","0.05","0.25","2","-10","0","160","132","132","19.999999999999993"
"1","feedback","20","20","20","0.05","0.25","2","-10","0","160","133","133","19.999999999999993"
"1","feedback","20","20","20","0.05","0.25","2","-10","0","160","134","134","19.999999999999993"
"1","feedback","20","20","20","0.05","0.25","2","-10","0","160","135","135","19.999999999999993"
"1","feedback","20","20","20","0.05","0.25","2","-10","0","160","136","136","19.999999999999993"
"1","feedback","20","20","20","0.05","0.25","2","-10","0","160","137","137","19.999999999999993"
"1","feedback","20","20","20","0.05","0.25","2","-10","0","160","138","138","19.999999999999993"
"1","feedback","20","20","20","0.05","0.25","2","-10","0","160","139","139","19.999999999999993"
"1","feedback","20","20","20","0.05","0.25","2","-10","0","160","140","140","19.999999999999993"
"1","feedback","20","20","20","0.05","0.25","2","-10","0","160","141","141","19.999999999999993"
"1","feedback","20","20","20","0.05","0.25","2","-10","0","160","142","142","19.999999999999993"
"1","feedback","20","20","20","0.05","0.25","2","-10","0","160","143","143","19.999999999999993"
"1","feedback","20","20","20","0.05","0.25","2","-10","0","160","144","144","19.999999999999993"
"1","feedback","20","20","20","0.05","0.25","2","-10","0","160","145","145","19.999999999999993"
"1","feedback","20","20","20","0.05","0.25","2","-10","0","160","146","146","19.999999999999993"
"1","feedback","20","20","20","0.05","0.25","2","-10","0","160","147","147","19.999999999999993"
"1","feedback","20","20","20","0.05","0.25","2","-10","0","160","148","148","19.999999999999993"
"1","feedback","20","20","20","0.05","0.25","2","-10","0","160","149","149","19.999999999999993"
"1","feedback","20","20","20","0.05","0.25","2","-10","0","160","150","150","19.999999999999993"
"1","feedback","20","20","20","0.05","0.25","2","-10","0","160","151","151","19.999999999999993"
"1","feedback","20","20","20","0.05","0.25","2","-10","0","160","152","152","19.999999999999993"
"1","feedback","20","20","20","0.05","0.25","2","-10","0","160","153","153","19.999999999999993"
"1","feedback","20","20","20","0.05","0.25","2","-10","0","160","154","154","19.999999999999993"
"1","feedback","20","20","20","0.05","0.25","2","-10","0","160","155","155","19.999999999999993"
"1","feedback","20","20","20","0.05","0.25","2","-10","0","160","156","156","19.999999999999993"
"1","feedback","20","20","20","0.05","0.25","2","-10","0","160","157","157","19.999999999999993"
"1","feedback","20","20","20","0.05","0.25","2","-10","0","160","158","158","19.999999999999993"
"1","feedback","20","20","20","0.05","0.25","2","-10","0","160","159","159","19.999999999999993"
"1","feedback","20","20","20","0.05","0.25","2","-10","0","160","160","160","19.999999999999993"
"2","feedback","20","20","20","0.05","0.25","2","-6","0","160","0","0","20"
"2","feedback","20","20","20","0.05","0.25","2","-6","0","160","1","1","20"
"2","feedback","20","20","20","0.05","0.25","2","-6","0","160","2","2","20"
"2","feedback","20","20","20","0.05","0.25","2","-6","0","160","3","3","20"
"2","feedback","20","20","20","0.05","0.25","2","-6","0","160","4","4","20"
"2","feedback","20","20","20","0.05","0.25","2","-6","0","160","5","5","20"
"2","feedback","20","20","20","0.05","0.25","2","-6","0","160","6","6","20"
"2","feedback","20","20","20","0.05","0.25","2","-6","0","160","7","7","20"
"2","feedback","20","20","20","0.05","0.25","2","-6","0","160","8","8","20"
"2","feedback","20","20","20","0.05","0.25","2","-6","0","160","9","9","20"
"2","feedback","20","20","20","0.05","0.25","2","-6","0","160","10","10","20"
"2","feedback","20","20","20","0.05","0.25","2","-6","0","160","11","11","20"
"2","feedback","20","20","20","0.05","0.25","2","-6","0","160","12","12","20"
"2","feedback","20","20","20","0.05","0.25","2","-6","0","160","13","13","20"
"2","feedback","20","20","20","0.05","0.25","2","-6","0","160","14","14","20"
"2","feedback","20","20","20","0.05","0.25","2","-6","0","160","15","15","20"
"2","feedback","20","20","20","0.05","0.25","2","-6","0","160","16","16","20"
"2","feedback","20","20","20","0.05","0.25","2","-6","0","160","17","17","20"
"2","feedback","20","20","20","0.05","0.25","2","-6","0","160","18","18","20"
"2","feedback","20","20","20","0.05","0.25","2","-6","0","160","19","19","20"
"2","feedback","20","20","20","0.05","0.25","2","-6","0","160","20","20","20"
"2","feedback","20","20","20","0.05","0.25","2","-6","0","160","21","21","15.8"
"2","feedback","20","20","20","0.05","0.25","2","-6","0","160","22","22","17.060000000000002"
"2","feedback","20","20","20","0.05","0.25","2","-6","0","160","23","23","17.942"
"2","feedback","20","20","20","0.05","0.25","2","-6","0","160","24","24","18.559399999999997"
"2","feedback","20","20","20","0.05","0.25","2","-6","0","160","25","25","18.99158"
"2","feedback","20","20","20","0.05","0.25","2","-6","0","160","26","26","19.294106"
"2","feedback","20","20","20","0.05","0.25","2","-6","0","160","27","27","19.5058742"
"2","feedback","20","20","20","0.05","0.25","2","-6","0","160","28","28","19.65411194"
"2","feedback","20","20","20","0.05","0.25","2","-6","0","160","29","29","19.757878358"
"2","feedback","20","20","20","0.05","0.25","2","-6","0","160","30","30","19.8305148506"
"2","feedback","20","20","20","0.05","0.25","2","-6","0","160","31","31","19.88136039542"
"2","feedback","20","20","20","0.05","0.25","2","-6","0","160","32","32","19.916952276794"
"2","feedback","20","20","20","0.05","0.25","2","-6","0","160","33","33","19.941866593755798"
"2","feedback","20","20","20","0.05","0.25","2","-6","0","160","34","34","19.95930661562906"
"2","feedback","20","20","20","0.05","0.25","2","-6","0","160","35","35","19.97151463094034"
"2","feedback","20","20","20","0.05","0.25","2","-6","0","160","36","36","19.980060241658236"
"2","feedback","20","20","20","0.05","0.25","2","-6","0","160","37","37","19.986042169160765"
"2","feedback","20","20","20","0.05","0.25","2","-6","0","160","38","38","19.990229518412534"
"2","feedback","20","20","20","0.05","0.25","2","-6","0","160","39","39","19.993160662888773"
"2","feedback","20","20","20","0.05","0.25","2","-6","0","160","40","40","19.995212464022142"
"2","feedback","20","20","20","0.05","0.25","2","-6","0","160","41","41","19.996648724815497"
"2","feedback","20","20","20","0.05","0.25","2","-6","0","160","42","42","19.997654107370845"
"2","feedback","20","20","20","0.05","0.25","2","-6","0","160","43","43","19.99835787515959"
"2","feedback","20","20","20","0.05","0.25","2","-6","0","160","44","44","19.99885051261171"
"2","feedback","20","20","20","0.05","0.25","2","-6","0","160","45","45","19.999195358828196"
"2","feedback","20","20","20","0.05","0.25","2","-6","0","160","46","46","19.999436751179736"
"2","feedback","20","20","20","0.05","0.25","2","-6","0","160","47","47","19.999605725825816"
"2","feedback","20","20","20","0.05","0.25","2","-6","0","160","48","48","19.999724008078072"
"2","feedback","20","20","20","0.05","0.25","2","-6","0","160","49","49","19.99980680565465"
"2","feedback","20","20","20","0.05","0.25","2","-6","0","160","50","50","19.999864763958257"
"2","feedback","20","20","20","0.05","0.25","2","-6","0","160","51","51","19.99990533477078"
"2","feedback","20","20","20","0.05","0.25","2","-6","0","160","52","52","19.99993373433955"
"2","feedback","20","20","20","0.05","0.25","2","-6","0","160","53","53","19.999953614037686"
"2","feedback","20","20","20","0.05","0.25","2","-6","0","160","54","54","19.999967529826378"
"2","feedback","20","20","20","0.05","0.25","2","-6","0","160","55","55","19.999977270878464"
"2","feedback","20","20","20","0.05","0.25","2","-6","0","160","56","56","19.999984089614927"
"2","feedback","20","20","20","0.05","0.25","2","-6","0","160","57","57","19.999988862730447"
"2","feedback","20","20","20","0.05","0.25","2","-6","0","160","58","58","19.99999220391131"
"2","feedback","20","20","20","0.05","0.25","2","-6","0","160","59","59","19.999994542737916"
"2","feedback","20","20","20","0.05","0.25","2","-6","0","160","60","60","19.999996179916543"
"2","feedback","20","20","20","0.05","0.25","2","-6","0","160","61","61","19.999997325941578"
"2","feedback","20","20","20","0.05","0.25","2","-6","0","160","62","62","19.999998128159106"
"2","feedback","20","20","20","0.05","0.25","2","-6","0","160","63","63","19.999998689711376"
"2","feedback","20","20","20","0.05","0.25","2","-6","0","160","64","64","19.999999082797963"
"2","feedback","20","20","20","0.05","0.25","2","-6","0","160","65","65","19.999999357958572"
"2","feedback","20","20","20","0.05","0.25","2","-6","0","160","66","66","19.999999550571"
"2","feedback","20","20","20","0.05","0.25","2","-6","0","160","67","67","19.9999996853997"
"2","feedback","20","20","20","0.05","0.25","2","-6","0","160","68","68","19.99999977977979"
"2","feedback","20","20","20","0.05","0.25","2","-6","0","160","69","69","19.999999845845856"
"2","feedback","20","20","20","0.05","0.25","2","-6","0","160","70","70","19.9999998920921"
"2","feedback","20","20","20","0.05","0.25","2","-6","0","160","71","71","19.99999992446447"
"2","feedback","20","20","20","0.05","0.25","2","-6","0","160","72","72","19.999999947125126"
"2","feedback","20","20","20","0.05","0.25","2","-6","0","160","73","73","19.999999962987587"
"2","feedback","20","20","20","0.05","0.25","2","-6","0","160","74","74","19.99999997409131"
"2","feedback","20","20","20","0.05","0.25","2","-6","0","160","75","75","19.999999981863915"
"2","feedback","20","20","20","0.05","0.25","2","-6","0","160","76","76","19.99999998730474"
"2","feedback","20","20","20","0.05","0.25","2","-6","0","160","77","77","19.99999999111332"
"2","feedback","20","20","20","0.05","0.25","2","-6","0","160","78","78","19.999999993779326"
"2","feedback","20","20","20","0.05","0.25","2","-6","0","160","79","79","19.999999995645528"
"2","feedback","20","20","20","0.05","0.25","2","-6","0","160","80","80","19.99999999695187"
"2","feedback","20","20","20","0.05","0.25","2","-6","0","160","81","81","19.99999999786631"
"2","feedback","20","20","20","0.05","0.25","2","-6","0","160","82","82","19.999999998506418"
"2","feedback","20","20","20","0.05","0.25","2","-6","0","160","83","83","19.999999998954493"
"2","feedback","20","20","20","0.05","0.25","2","-6","0","160","84","84","19.999999999268145"
"2","feedback","20","20","20","0.05","0.25","2","-6","0","160","85","85","19.999999999487702"
"2","feedback","20","20","20","0.05","0.25","2","-6","0","160","86","86","19.999999999641393"
"2","feedback","20","20","20","0.05","0.25","2","-6","0","160","87","87","19.999999999748976"
"2","feedback","20","20","20","0.05","0.25","2","-6","0","160","88","88","19.999999999824283"
"2","feedback","20","20","20","0.05","0.25","2","-6","0","160","89","89","19.999999999876998"
"2","feedback","20","20","20","0.05","0.25","2","-6","0","160","90","90","19.999999999913896"
"2","feedback","20","20","20","0.05","0.25","2","-6","0","160","91","91","19.999999999939728"
"2","feedback","20","20","20","0.05","0.25","2","-6","0","160","92","92","19.999999999957808"
"2","feedback","20","20","20","0.05","0.25","2","-6","0","160","93","93","19.999999999970466"
"2","feedback","20","20","20","0.05","0.25","2","-6","0","160","94","94","19.999999999979327"
"2","feedback","20","20","20","0.05","0.25","2","-6","0","160","95","95","19.99999999998553"
"2","feedback","20","20","20","0.05","0.25","2","-6","0","160","96","96","19.99999999998987"
"2","feedback","20","20","20","0.05","0.25","2","-6","0","160","97","97","19.999999999992912"
"2","feedback","20","20","20","0.05","0.25","2","-6","0","160","98","98","19.99999999999504"
"2","feedback","20","20","20","0.05","0.25","2","-6","0","160","99","99","19.99999999999653"
"2","feedback","20","20","20","0.05","0.25","2","-6","0","160","100","100","19.99999999999757"
"2","feedback","20","20","20","0.05","0.25","2","-6","0","160","101","101","19.9999999999983"
"2","feedback","20","20","20","0.05","0.25","2","-6","0","160","102","102","19.99999999999881"
"2","feedback","20","20","20","0.05","0.25","2","-6","0","160","103","103","19.99999999999917"
"2","feedback","20","20","20","0.05","0.25","2","-6","0","160","104","104","19.999999999999417"
"2","feedback","20","20","20","0.05","0.25","2","-6","0","160","105","105","19.99999999999959"
"2","feedback","20","20","20","0.05","0.25","2","-6","0","160","106","106","19.999999999999716"
"2","feedback","20","20","20","0.05","0.25","2","-6","0","160","107","107","19.9999999999998"
"2","feedback","20","20","20","0.05","0.25","2","-6","0","160","108","108","19.99999999999986"
"2","feedback","20","20","20","0.05","0.25","2","-6","0","160","109","109","19.999999999999904"
"2","feedback","20","20","20","0.05","0.25","2","-6","0","160","110","110","19.999999999999932"
"2","feedback","20","20","20","0.05","0.25","2","-6","0","160","111","111","19.999999999999954"
"2","feedback","20","20","20","0.05","0.25","2","-6","0","160","112","112","19.999999999999968"
"2","feedback","20","20","20","0.05","0.25","2","-6","0","160","113","113","19.999999999999975"
"2","feedback","20","20","20","0.05","0.25","2","-6","0","160","114","114","19.999999999999982"
"2","feedback","20","20","20","0.05","0.25","2","-6","0","160","115","115","19.999999999999986"
"2","feedback","20","20","20","0.05","0.25","2","-6","0","160","116","116","19.99999999999999"
"2","feedback","20","20","20","0.05","0.25","2","-6","0","160","117","117","19.999999999999993"
"2","feedback","20","20","20","0.05","0.25","2","-6","0","160","118","118","19.999999999999993"
"2","feedback","20","20","20","0.05","0.25","2","-6","0","160","119","119","19.999999999999993"
"2","feedback","20","20","20","0.05","0.25","2","-6","0","160","120","120","19.999999999999993"
"2","feedback","20","20","20","0.05","0.25","2","-6","0","160","121","121","19.999999999999993"
"2","feedback","20","20","20","0.05","0.25","2","-6","0","160","122","122","19.999999999999993"
"2","feedback","20","20","20","0.05","0.25","2","-6","0","160","123","123","19.999999999999993"
"2","feedback","20","20","20","0.05","0.25","2","-6","0","160","124","124","19.999999999999993"
"2","feedback","20","20","20","0.05","0.25","2","-6","0","160","125","125","19.999999999999993"
"2","feedback","20","20","20","0.05","0.25","2","-6","0","160","126","126","19.999999999999993"
"2","feedback","20","20","20","0.05","0.25","2","-6","0","160","127","127","19.999999999999993"
"2","feedback","20","20","20","0.05","0.25","2","-6","0","160","128","128","19.999999999999993"
"2","feedback","20","20","20","0.05","0.25","2","-6","0","160","129","129","19.999999999999993"
"2","feedback","20","20","20","0.05","0.25","2","-6","0","160","130","130","19.999999999999993"
"2","feedback","20","20","20","0.05","0.25","2","-6","0","160","131","131","19.999999999999993"
"2","feedback","20","20","20","0.05","0.25","2","-6","0","160","132","132","19.999999999999993"
"2","feedback","20","20","20","0.05","0.25","2","-6","0","160","133","133","19.999999999999993"
"2","feedback","20","20","20","0.05","0.25","2","-6","0","160","134","134","19.999999999999993"
"2","feedback","20","20","20","0.05","0.25","2","-6","0","160","135","135","19.999999999999993"
"2","feedback","20","20","20","0.05","0.25","2","-6","0","160","136","136","19.999999999999993"
"2","feedback","20","20","20","0.05","0.25","2","-6","0","160","137","137","19.999999999999993"
"2","feedback","20","20","20","0.05","0.25","2","-6","0","160","138","138","19.999999999999993"
"2","feedback","20","20","20","0.05","0.25","2","-6","0","160","139","139","19.999999999999993"
"2","feedback","20","20","20","0.05","0.25","2","-6","0","160","140","140","19.999999999999993"
"2","feedback","20","20","20","0.05","0.25","2","-6","0","160","141","141","19.999999999999993"
"2","feedback","20","20","20","0.05","0.25","2","-6","0","160","142","142","19.999999999999993"
"2","feedback","20","20","20","0.05","0.25","2","-6","0","160","143","143","19.999999999999993"
"2","feedback","20","20","20","0.05","0.25","2","-6","0","160","144","144","19.999999999999993"
"2","feedback","20","20","20","0.05","0.25","2","-6","0","160","145","145","19.999999999999993"
"2","feedback","20","20","20","0.05","0.25","2","-6","0","160","146","146","19.999999999999993"
"2","feedback","20","20","20","0.05","0.25","2","-6","0","160","147","147","19.999999999999993"
"2","feedback","20","20","20","0.05","0.25","2","-6","0","160","148","148","19.999999999999993"
"2","feedback","20","20","20","0.05","0.25","2","-6","0","160","149","149","19.999999999999993"
"2","feedback","20","20","20","0.05","0.25","2","-6","0","160","150","150","19.999999999999993"
"2","feedback","20","20","20","0.05","0.25","2","-6","0","160","151","151","19.999999999999993"
"2","feedback","20","20","20","0.05","0.25","2","-6","0","160","152","152","19.999999999999993"
"2","feedback","20","20","20","0.05","0.25","2","-6","0","160","153","153","19.999999999999993"
"2","feedback","20","20","20","0.05","0.25","2","-6","0","160","154","154","19.999999999999993"
"2","feedback","20","20","20","0.05","0.25","2","-6","0","160","155","155","19.999999999999993"
"2","feedback","20","20","20","0.05","0.25","2","-6","0","160","156","156","19.999999999999993"
"2","feedback","20","20","20","0.05","0.25","2","-6","0","160","157","157","19.999999999999993"
"2","feedback","20","20","20","0.05","0.25","2","-6","0","160","158","158","19.999999999999993"
"2","feedback","20","20","20","0.05","0.25","2","-6","0","160","159","159","19.999999999999993"
"2","feedback","20","20","20","0.05","0.25","2","-6","0","160","160","160","19.999999999999993"
"3","feedback","20","20","20","0.05","0.25","2","-3","0","160","0","0","20"
"3","feedback","20","20","20","0.05","0.25","2","-3","0","160","1","1","20"
"3","feedback","20","20","20","0.05","0.25","2","-3","0","160","2","2","20"
"3","feedback","20","20","20","0.05","0.25","2","-3","0","160","3","3","20"
"3","feedback","20","20","20","0.05","0.25","2","-3","0","160","4","4","20"
"3","feedback","20","20","20","0.05","0.25","2","-3","0","160","5","5","20"
"3","feedback","20","20","20","0.05","0.25","2","-3","0","160","6","6","20"
"3","feedback","20","20","20","0.05","0.25","2","-3","0","160","7","7","20"
"3","feedback","20","20","20","0.05","0.25","2","-3","0","160","8","8","20"
"3","feedback","20","20","20","0.05","0.25","2","-3","0","160","9","9","20"
"3","feedback","20","20","20","0.05","0.25","2","-3","0","160","10","10","20"
"3","feedback","20","20","20","0.05","0.25","2","-3","0","160","11","11","20"
"3","feedback","20","20","20","0.05","0.25","2","-3","0","160","12","12","20"
"3","feedback","20","20","20","0.05","0.25","2","-3","0","160","13","13","20"
"3","feedback","20","20","20","0.05","0.25","2","-3","0","160","14","14","20"
"3","feedback","20","20","20","0.05","0.25","2","-3","0","160","15","15","20"
"3","feedback","20","20","20","0.05","0.25","2","-3","0","160","16","16","20"
"3","feedback","20","20","20","0.05","0.25","2","-3","0","160","17","17","20"
"3","feedback","20","20","20","0.05","0.25","2","-3","0","160","18","18","20"
"3","feedback","20","20","20","0.05","0.25","2","-3","0","160","19","19","20"
"3","feedback","20","20","20","0.05","0.25","2","-3","0","160","20","20","20"
"3","feedback","20","20","20","0.05","0.25","2","-3","0","160","21","21","17.9"
"3","feedback","20","20","20","0.05","0.25","2","-3","0","160","22","22","18.53"
"3","feedback","20","20","20","0.05","0.25","2","-3","0","160","23","23","18.971"
"3","feedback","20","20","20","0.05","0.25","2","-3","0","160","24","24","19.2797"
"3","feedback","20","20","20","0.05","0.25","2","-3","0","160","25","25","19.49579"
"3","feedback","20","20","20","0.05","0.25","2","-3","0","160","26","26","19.647053"
"3","feedback","20","20","20","0.05","0.25","2","-3","0","160","27","27","19.7529371"
"3","feedback","20","20","20","0.05","0.25","2","-3","0","160","28","28","19.82705597"
"3","feedback","20","20","20","0.05","0.25","2","-3","0","160","29","29","19.878939179"
"3","feedback","20","20","20","0.05","0.25","2","-3","0","160","30","30","19.9152574253"
"3","feedback","20","20","20","0.05","0.25","2","-3","0","160","31","31","19.940680197709998"
"3","feedback","20","20","20","0.05","0.25","2","-3","0","160","32","32","19.958476138397"
"3","feedback","20","20","20","0.05","0.25","2","-3","0","160","33","33","19.9709332968779"
"3","feedback","20","20","20","0.05","0.25","2","-3","0","160","34","34","19.979653307814527"
"3","feedback","20","20","20","0.05","0.25","2","-3","0","160","35","35","19.985757315470167"
"3","feedback","20","20","20","0.05","0.25","2","-3","0","160","36","36","19.99003012082912"
"3","feedback","20","20","20","0.05","0.25","2","-3","0","160","37","37","19.993021084580384"
"3","feedback","20","20","20","0.05","0.25","2","-3","0","160","38","38","19.995114759206267"
"3","feedback","20","20","20","0.05","0.25","2","-3","0","160","39","39","19.996580331444385"
"3","feedback","20","20","20","0.05","0.25","2","-3","0","160","40","40","19.997606232011066"
"3","feedback","20","20","20","0.05","0.25","2","-3","0","160","41","41","19.998324362407747"
"3","feedback","20","20","20","0.05","0.25","2","-3","0","160","42","42","19.998827053685424"
"3","feedback","20","20","20","0.05","0.25","2","-3","0","160","43","43","19.9991789375798"
"3","feedback","20","20","20","0.05","0.25","2","-3","0","160","44","44","19.99942525630586"
"3","feedback","20","20","20","0.05","0.25","2","-3","0","160","45","45","19.9995976794141"
"3","feedback","20","20","20","0.05","0.25","2","-3","0","160","46","46","19.99971837558987"
"3","feedback","20","20","20","0.05","0.25","2","-3","0","160","47","47","19.999802862912908"
"3","feedback","20","20","20","0.05","0.25","2","-3","0","160","48","48","19.999862004039038"
"3","feedback","20","20","20","0.05","0.25","2","-3","0","160","49","49","19.99990340282733"
"3","feedback","20","20","20","0.05","0.25","2","-3","0","160","50","50","19.99993238197913"
"3","feedback","20","20","20","0.05","0.25","2","-3","0","160","51","51","19.999952667385386"
"3","feedback","20","20","20","0.05","0.25","2","-3","0","160","52","52","19.99996686716977"
"3","feedback","20","20","20","0.05","0.25","2","-3","0","160","53","53","19.99997680701884"
"3","feedback","20","20","20","0.05","0.25","2","-3","0","160","54","54","19.99998376491319"
"3","feedback","20","20","20","0.05","0.25","2","-3","0","160","55","55","19.99998863543923"
"3","feedback","20","20","20","0.05","0.25","2","-3","0","160","56","56","19.999992044807463"
"3","feedback","20","20","20","0.05","0.25","2","-3","0","160","57","57","19.999994431365224"
"3","feedback","20","20","20","0.05","0.25","2","-3","0","160","58","58","19.999996101955656"
"3","feedback","20","20","20","0.05","0.25","2","-3","0","160","59","59","19.999997271368958"
"3","feedback","20","20","20","0.05","0.25","2","-3","0","160","60","60","19.99999808995827"
"3","feedback","20","20","20","0.05","0.25","2","-3","0","160","61","61","19.999998662970793"
"3","feedback","20","20","20","0.05","0.25","2","-3","0","160","62","62","19.999999064079553"
"3","feedback","20","20","20","0.05","0.25","2","-3","0","160","63","63","19.999999344855688"
"3","feedback","20","20","20","0.05","0.25","2","-3","0","160","64","64","19.999999541398978"
"3","feedback","20","20","20","0.05","0.25","2","-3","0","160","65","65","19.999999678979286"
"3","feedback","20","20","20","0.05","0.25","2","-3","0","160","66","66","19.999999775285502"
"3","feedback","20","20","20","0.05","0.25","2","-3","0","160","67","67","19.99999984269985"
"3","feedback","20","20","20","0.05","0.25","2","-3","0","160","68","68","19.999999889889896"
"3","feedback","20","20","20","0.05","0.25","2","-3","0","160","69","69","19.999999922922928"
"3","feedback","20","20","20","0.05","0.25","2","-3","0","160","70","70","19.99999994604605"
"3","feedback","20","20","20","0.05","0.25","2","-3","0","160","71","71","19.999999962232234"
"3","feedback","20","20","20","0.05","0.25","2","-3","0","160","72","72","19.999999973562563"
"3","feedback","20","20","20","0.05","0.25","2","-3","0","160","73","73","19.999999981493794"
"3","feedback","20","20","20","0.05","0.25","2","-3","0","160","74","74","19.999999987045655"
"3","feedback","20","20","20","0.05","0.25","2","-3","0","160","75","75","19.999999990931958"
"3","feedback","20","20","20","0.05","0.25","2","-3","0","160","76","76","19.99999999365237"
"3","feedback","20","20","20","0.05","0.25","2","-3","0","160","77","77","19.99999999555666"
"3","feedback","20","20","20","0.05","0.25","2","-3","0","160","78","78","19.99999999688966"
"3","feedback","20","20","20","0.05","0.25","2","-3","0","160","79","79","19.999999997822762"
"3","feedback","20","20","20","0.05","0.25","2","-3","0","160","80","80","19.999999998475936"
"3","feedback","20","20","20","0.05","0.25","2","-3","0","160","81","81","19.999999998933156"
"3","feedback","20","20","20","0.05","0.25","2","-3","0","160","82","82","19.999999999253205"
"3","feedback","20","20","20","0.05","0.25","2","-3","0","160","83","83","19.999999999477243"
"3","feedback","20","20","20","0.05","0.25","2","-3","0","160","84","84","19.99999999963407"
"3","feedback","20","20","20","0.05","0.25","2","-3","0","160","85","85","19.99999999974385"
"3","feedback","20","20","20","0.05","0.25","2","-3","0","160","86","86","19.999999999820695"
"3","feedback","20","20","20","0.05","0.25","2","-3","0","160","87","87","19.99999999987449"
"3","feedback","20","20","20","0.05","0.25","2","-3","0","160","88","88","19.99999999991214"
"3","feedback","20","20","20","0.05","0.25","2","-3","0","160","89","89","19.999999999938495"
"3","feedback","20","20","20","0.05","0.25","2","-3","0","160","90","90","19.999999999956948"
"3","feedback","20","20","20","0.05","0.25","2","-3","0","160","91","91","19.999999999969866"
"3","feedback","20","20","20","0.05","0.25","2","-3","0","160","92","92","19.999999999978904"
"3","feedback","20","20","20","0.05","0.25","2","-3","0","160","93","93","19.999999999985235"
"3","feedback","20","20","20","0.05","0.25","2","-3","0","160","94","94","19.999999999989665"
"3","feedback","20","20","20","0.05","0.25","2","-3","0","160","95","95","19.999999999992763"
"3","feedback","20","20","20","0.05","0.25","2","-3","0","160","96","96","19.999999999994934"
"3","feedback","20","20","20","0.05","0.25","2","-3","0","160","97","97","19.999999999996454"
"3","feedback","20","20","20","0.05","0.25","2","-3","0","160","98","98","19.99999999999752"
"3","feedback","20","20","20","0.05","0.25","2","-3","0","160","99","99","19.999999999998266"
"3","feedback","20","20","20","0.05","0.25","2","-3","0","160","100","100","19.999999999998785"
"3","feedback","20","20","20","0.05","0.25","2","-3","0","160","101","101","19.999999999999147"
"3","feedback","20","20","20","0.05","0.25","2","-3","0","160","102","102","19.999999999999403"
"3","feedback","20","20","20","0.05","0.25","2","-3","0","160","103","103","19.99999999999958"
"3","feedback","20","20","20","0.05","0.25","2","-3","0","160","104","104","19.99999999999971"
"3","feedback","20","20","20","0.05","0.25","2","-3","0","160","105","105","19.999999999999794"
"3","feedback","20","20","20","0.05","0.25","2","-3","0","160","106","106","19.999999999999858"
"3","feedback","20","20","20","0.05","0.25","2","-3","0","160","107","107","19.9999999999999"
"3","feedback","20","20","20","0.05","0.25","2","-3","0","160","108","108","19.99999999999993"
"3","feedback","20","20","20","0.05","0.25","2","-3","0","160","109","109","19.99999999999995"
"3","feedback","20","20","20","0.05","0.25","2","-3","0","160","110","110","19.999999999999964"
"3","feedback","20","20","20","0.05","0.25","2","-3","0","160","111","111","19.99999999999997"
"3","feedback","20","20","20","0.05","0.25","2","-3","0","160","112","112","19.99999999999998"
"3","feedback","20","20","20","0.05","0.25","2","-3","0","160","113","113","19.999999999999986"
"3","feedback","20","20","20","0.05","0.25","2","-3","0","160","114","114","19.99999999999999"
"3","feedback","20","20","20","0.05","0.25","2","-3","0","160","115","115","19.999999999999993"
"3","feedback","20","20","20","0.05","0.25","2","-3","0","160","116","116","19.999999999999993"
"3","feedback","20","20","20","0.05","0.25","2","-3","0","160","117","117","19.999999999999993"
"3","feedback","20","20","20","0.05","0.25","2","-3","0","160","118","118","19.999999999999993"
"3","feedback","20","20","20","0.05","0.25","2","-3","0","160","119","119","19.999999999999993"
"3","feedback","20","20","20","0.05","0.25","2","-3","0","160","120","120","19.999999999999993"
"3","feedback","20","20","20","0.05","0.25","2","-3","0","160","121","121","19.999999999999993"
"3","feedback","20","20","20","0.05","0.25","2","-3","0","160","122","122","19.999999999999993"
"3","feedback","20","20","20","0.05","0.25","2","-3","0","160","123","123","19.999999999999993"
"3","feedback","20","20","20","0.05","0.25","2","-3","0","160","124","124","19.999999999999993"
"3","feedback","20","20","20","0.05","0.25","2","-3","0","160","125","125","19.999999999999993"
"3","feedback","20","20","20","0.05","0.25","2","-3","0","160","126","126","19.999999999999993"
"3","feedback","20","20","20","0.05","0.25","2","-3","0","160","127","127","19.999999999999993"
"3","feedback","20","20","20","0.05","0.25","2","-3","0","160","128","128","19.999999999999993"
"3","feedback","20","20","20","0.05","0.25","2","-3","0","160","129","129","19.999999999999993"
"3","feedback","20","20","20","0.05","0.25","2","-3","0","160","130","130","19.999999999999993"
"3","feedback","20","20","20","0.05","0.25","2","-3","0","160","131","131","19.999999999999993"
"3","feedback","20","20","20","0.05","0.25","2","-3","0","160","132","132","19.999999999999993"
"3","feedback","20","20","20","0.05","0.25","2","-3","0","160","133","133","19.999999999999993"
"3","feedback","20","20","20","0.05","0.25","2","-3","0","160","134","134","19.999999999999993"
"3","feedback","20","20","20","0.05","0.25","2","-3","0","160","135","135","19.999999999999993"
"3","feedback","20","20","20","0.05","0.25","2","-3","0","160","136","136","19.999999999999993"
"3","feedback","20","20","20","0.05","0.25","2","-3","0","160","137","137","19.999999999999993"
"3","feedback","20","20","20","0.05","0.25","2","-3","0","160","138","138","19.999999999999993"
"3","feedback","20","20","20","0.05","0.25","2","-3","0","160","139","139","19.999999999999993"
"3","feedback","20","20","20","0.05","0.25","2","-3","0","160","140","140","19.999999999999993"
"3","feedback","20","20","20","0.05","0.25","2","-3","0","160","141","141","19.999999999999993"
"3","feedback","20","20","20","0.05","0.25","2","-3","0","160","142","142","19.999999999999993"
"3","feedback","20","20","20","0.05","0.25","2","-3","0","160","143","143","19.999999999999993"
"3","feedback","20","20","20","0.05","0.25","2","-3","0","160","144","144","19.999999999999993"
"3","feedback","20","20","20","0.05","0.25","2","-3","0","160","145","145","19.999999999999993"
"3","feedback","20","20","20","0.05","0.25","2","-3","0","160","146","146","19.999999999999993"
"3","feedback","20","20","20","0.05","0.25","2","-3","0","160","147","147","19.999999999999993"
"3","feedback","20","20","20","0.05","0.25","2","-3","0","160","148","148","19.999999999999993"
"3","feedback","20","20","20","0.05","0.25","2","-3","0","160","149","149","19.999999999999993"
"3","feedback","20","20","20","0.05","0.25","2","-3","0","160","150","150","19.999999999999993"
"3","feedback","20","20","20","0.05","0.25","2","-3","0","160","151","151","19.999999999999993"
"3","feedback","20","20","20","0.05","0.25","2","-3","0","160","152","152","19.999999999999993"
"3","feedback","20","20","20","0.05","0.25","2","-3","0","160","153","153","19.999999999999993"
"3","feedback","20","20","20","0.05","0.25","2","-3","0","160","154","154","19.999999999999993"
"3","feedback","20","20","20","0.05","0.25","2","-3","0","160","155","155","19.999999999999993"
"3","feedback","20","20","20","0.05","0.25","2","-3","0","160","156","156","19.999999999999993"
"3","feedback","20","20","20","0.05","0.25","2","-3","0","160","157","157","19.999999999999993"
"3","feedback","20","20","20","0.05","0.25","2","-3","0","160","158","158","19.999999999999993"
"3","feedback","20","20","20","0.05","0.25","2","-3","0","160","159","159","19.999999999999993"
"3","feedback","20","20","20","0.05","0.25","2","-3","0","160","160","160","19.999999999999993"
"4","feedback","20","20","20","0.05","0.25","2","2","0","160","0","0","20"
"4","feedback","20","20","20","0.05","0.25","2","2","0","160","1","1","20"
"4","feedback","20","20","20","0.05","0.25","2","2","0","160","2","2","20"
"4","feedback","20","20","20","0.05","0.25","2","2","0","160","3","3","20"
"4","feedback","20","20","20","0.05","0.25","2","2","0","160","4","4","20"
"4","feedback","20","20","20","0.05","0.25","2","2","0","160","5","5","20"
"4","feedback","20","20","20","0.05","0.25","2","2","0","160","6","6","20"
"4","feedback","20","20","20","0.05","0.25","2","2","0","160","7","7","20"
"4","feedback","20","20","20","0.05","0.25","2","2","0","160","8","8","20"
"4","feedback","20","20","20","0.05","0.25","2","2","0","160","9","9","20"
"4","feedback","20","20","20","0.05","0.25","2","2","0","160","10","10","20"
"4","feedback","20","20","20","0.05","0.25","2","2","0","160","11","11","20"
"4","feedback","20","20","20","0.05","0.25","2","2","0","160","12","12","20"
"4","feedback","20","20","20","0.05","0.25","2","2","0","160","13","13","20"
"4","feedback","20","20","20","0.05","0.25","2","2","0","160","14","14","20"
"4","feedback","20","20","20","0.05","0.25","2","2","0","160","15","15","20"
"4","feedback","20","20","20","0.05","0.25","2","2","0","160","16","16","20"
"4","feedback","20","20","20","0.05","0.25","2","2","0","160","17","17","20"
"4","feedback","20","20","20","0.05","0.25","2","2","0","160","18","18","20"
"4","feedback","20","20","20","0.05","0.25","2","2","0","160","19","19","20"
"4","feedback","20","20","20","0.05","0.25","2","2","0","160","20","20","20"
"4","feedback","20","20","20","0.05","0.25","2","2","0","160","21","21","21.4"
"4","feedback","20","20","20","0.05","0.25","2","2","0","160","22","22","20.979999999999997"
"4","feedback","20","20","20","0.05","0.25","2","2","0","160","23","23","20.686"
"4","feedback","20","20","20","0.05","0.25","2","2","0","160","24","24","20.480199999999996"
"4","feedback","20","20","20","0.05","0.25","2","2","0","160","25","25","20.336139999999997"
"4","feedback","20","20","20","0.05","0.25","2","2","0","160","26","26","20.235297999999997"
"4","feedback","20","20","20","0.05","0.25","2","2","0","160","27","27","20.164708599999997"
"4","feedback","20","20","20","0.05","0.25","2","2","0","160","28","28","20.11529602"
"4","feedback","20","20","20","0.05","0.25","2","2","0","160","29","29","20.080707213999997"
"4","feedback","20","20","20","0.05","0.25","2","2","0","160","30","30","20.056495049799995"
"4","feedback","20","20","20","0.05","0.25","2","2","0","160","31","31","20.039546534859998"
"4","feedback","20","20","20","0.05","0.25","2","2","0","160","32","32","20.027682574402"
"4","feedback","20","20","20","0.05","0.25","2","2","0","160","33","33","20.0193778020814"
"4","feedback","20","20","20","0.05","0.25","2","2","0","160","34","34","20.01356446145698"
"4","feedback","20","20","20","0.05","0.25","2","2","0","160","35","35","20.009495123019885"
"4","feedback","20","20","20","0.05","0.25","2","2","0","160","36","36","20.00664658611392"
"4","feedback","20","20","20","0.05","0.25","2","2","0","160","37","37","20.004652610279745"
"4","feedback","20","20","20","0.05","0.25","2","2","0","160","38","38","20.00325682719582"
"4","feedback","20","20","20","0.05","0.25","2","2","0","160","39","39","20.002279779037075"
"4","feedback","20","20","20","0.05","0.25","2","2","0","160","40","40","20.00159584532595"
"4","feedback","20","20","20","0.05","0.25","2","2","0","160","41","41","20.001117091728165"
"4","feedback","20","20","20","0.05","0.25","2","2","0","160","42","42","20.000781964209718"
"4","feedback","20","20","20","0.05","0.25","2","2","0","160","43","43","20.0005473749468"
"4","feedback","20","20","20","0.05","0.25","2","2","0","160","44","44","20.00038316246276"
"4","feedback","20","20","20","0.05","0.25","2","2","0","160","45","45","20.000268213723935"
"4","feedback","20","20","20","0.05","0.25","2","2","0","160","46","46","20.000187749606752"
"4","feedback","20","20","20","0.05","0.25","2","2","0","160","47","47","20.000131424724728"
"4","feedback","20","20","20","0.05","0.25","2","2","0","160","48","48","20.000091997307308"
"4","feedback","20","20","20","0.05","0.25","2","2","0","160","49","49","20.000064398115114"
"4","feedback","20","20","20","0.05","0.25","2","2","0","160","50","50","20.00004507868058"
"4","feedback","20","20","20","0.05","0.25","2","2","0","160","51","51","20.000031555076404"
"4","feedback","20","20","20","0.05","0.25","2","2","0","160","52","52","20.000022088553482"
"4","feedback","20","20","20","0.05","0.25","2","2","0","160","53","53","20.000015461987438"
"4","feedback","20","20","20","0.05","0.25","2","2","0","160","54","54","20.000010823391207"
"4","feedback","20","20","20","0.05","0.25","2","2","0","160","55","55","20.000007576373847"
"4","feedback","20","20","20","0.05","0.25","2","2","0","160","56","56","20.00000530346169"
"4","feedback","20","20","20","0.05","0.25","2","2","0","160","57","57","20.000003712423183"
"4","feedback","20","20","20","0.05","0.25","2","2","0","160","58","58","20.00000259869623"
"4","feedback","20","20","20","0.05","0.25","2","2","0","160","59","59","20.000001819087363"
"4","feedback","20","20","20","0.05","0.25","2","2","0","160","60","60","20.000001273361153"
"4","feedback","20","20","20","0.05","0.25","2","2","0","160","61","61","20.00000089135281"
"4","feedback","20","20","20","0.05","0.25","2","2","0","160","62","62","20.000000623946963"
"4","feedback","20","20","20","0.05","0.25","2","2","0","160","63","63","20.000000436762875"
"4","feedback","20","20","20","0.05","0.25","2","2","0","160","64","64","20.000000305734012"
"4","feedback","20","20","20","0.05","0.25","2","2","0","160","65","65","20.00000021401381"
"4","feedback","20","20","20","0.05","0.25","2","2","0","160","66","66","20.000000149809665"
"4","feedback","20","20","20","0.05","0.25","2","2","0","160","67","67","20.000000104866764"
"4","feedback","20","20","20","0.05","0.25","2","2","0","160","68","68","20.00000007340674"
"4","feedback","20","20","20","0.05","0.25","2","2","0","160","69","69","20.000000051384717"
"4","feedback","20","20","20","0.05","0.25","2","2","0","160","70","70","20.0000000359693"
"4","feedback","20","20","20","0.05","0.25","2","2","0","160","71","71","20.000000025178508"
"4","feedback","20","20","20","0.05","0.25","2","2","0","160","72","72","20.000000017624956"
"4","feedback","20","20","20","0.05","0.25","2","2","0","160","73","73","20.00000001233747"
"4","feedback","20","20","20","0.05","0.25","2","2","0","160","74","74","20.00000000863623"
"4","feedback","20","20","20","0.05","0.25","2","2","0","160","75","75","20.00000000604536"
"4","feedback","20","20","20","0.05","0.25","2","2","0","160","76","76","20.00000000423175"
"4","feedback","20","20","20","0.05","0.25","2","2","0","160","77","77","20.000000002962224"
"4","feedback","20","20","20","0.05","0.25","2","2","0","160","78","78","20.000000002073556"
"4","feedback","20","20","20","0.05","0.25","2","2","0","160","79","79","20.00000000145149"
"4","feedback","20","20","20","0.05","0.25","2","2","0","160","80","80","20.00000000101604"
"4","feedback","20","20","20","0.05","0.25","2","2","0","160","81","81","20.000000000711225"
"4","feedback","20","20","20","0.05","0.25","2","2","0","160","82","82","20.000000000497856"
"4","feedback","20","20","20","0.05","0.25","2","2","0","160","83","83","20.0000000003485"
"4","feedback","20","20","20","0.05","0.25","2","2","0","160","84","84","20.00000000024395"
"4","feedback","20","20","20","0.05","0.25","2","2","0","160","85","85","20.000000000170765"
"4","feedback","20","20","20","0.05","0.25","2","2","0","160","86","86","20.000000000119535"
"4","feedback","20","20","20","0.05","0.25","2","2","0","160","87","87","20.000000000083674"
"4","feedback","20","20","20","0.05","0.25","2","2","0","160","88","88","20.00000000005857"
"4","feedback","20","20","20","0.05","0.25","2","2","0","160","89","89","20.000000000041"
"4","feedback","20","20","20","0.05","0.25","2","2","0","160","90","90","20.0000000000287"
"4","feedback","20","20","20","0.05","0.25","2","2","0","160","91","91","20.000000000020087"
"4","feedback","20","20","20","0.05","0.25","2","2","0","160","92","92","20.00000000001406"
"4","feedback","20","20","20","0.05","0.25","2","2","0","160","93","93","20.00000000000984"
"4","feedback","20","20","20","0.05","0.25","2","2","0","160","94","94","20.000000000006892"
"4","feedback","20","20","20","0.05","0.25","2","2","0","160","95","95","20.000000000004825"
"4","feedback","20","20","20","0.05","0.25","2","2","0","160","96","96","20.000000000003375"
"4","feedback","20","20","20","0.05","0.25","2","2","0","160","97","97","20.00000000000236"
"4","feedback","20","20","20","0.05","0.25","2","2","0","160","98","98","20.000000000001652"
"4","feedback","20","20","20","0.05","0.25","2","2","0","160","99","99","20.000000000001158"
"4","feedback","20","20","20","0.05","0.25","2","2","0","160","100","100","20.00000000000081"
"4","feedback","20","20","20","0.05","0.25","2","2","0","160","101","101","20.00000000000057"
"4","feedback","20","20","20","0.05","0.25","2","2","0","160","102","102","20.000000000000398"
"4","feedback","20","20","20","0.05","0.25","2","2","0","160","103","103","20.000000000000277"
"4","feedback","20","20","20","0.05","0.25","2","2","0","160","104","104","20.000000000000192"
"4","feedback","20","20","20","0.05","0.25","2","2","0","160","105","105","20.000000000000135"
"4","feedback","20","20","20","0.05","0.25","2","2","0","160","106","106","20.000000000000092"
"4","feedback","20","20","20","0.05","0.25","2","2","0","160","107","107","20.000000000000064"
"4","feedback","20","20","20","0.05","0.25","2","2","0","160","108","108","20.000000000000043"
"4","feedback","20","20","20","0.05","0.25","2","2","0","160","109","109","20.00000000000003"
"4","feedback","20","20","20","0.05","0.25","2","2","0","160","110","110","20.00000000000002"
"4","feedback","20","20","20","0.05","0.25","2","2","0","160","111","111","20.000000000000014"
"4","feedback","20","20","20","0.05","0.25","2","2","0","160","112","112","20.00000000000001"
"4","feedback","20","20","20","0.05","0.25","2","2","0","160","113","113","20.000000000000007"
"4","feedback","20","20","20","0.05","0.25","2","2","0","160","114","114","20.000000000000007"
"4","feedback","20","20","20","0.05","0.25","2","2","0","160","115","115","20.000000000000007"
"4","feedback","20","20","20","0.05","0.25","2","2","0","160","116","116","20.000000000000007"
"4","feedback","20","20","20","0.05","0.25","2","2","0","160","117","117","20.000000000000007"
"4","feedback","20","20","20","0.05","0.25","2","2","0","160","118","118","20.000000000000007"
"4","feedback","20","20","20","0.05","0.25","2","2","0","160","119","119","20.000000000000007"
"4","feedback","20","20","20","0.05","0.25","2","2","0","160","120","120","20.000000000000007"
"4","feedback","20","20","20","0.05","0.25","2","2","0","160","121","121","20.000000000000007"
"4","feedback","20","20","20","0.05","0.25","2","2","0","160","122","122","20.000000000000007"
"4","feedback","20","20","20","0.05","0.25","2","2","0","160","123","123","20.000000000000007"
"4","feedback","20","20","20","0.05","0.25","2","2","0","160","124","124","20.000000000000007"
"4","feedback","20","20","20","0.05","0.25","2","2","0","160","125","125","20.000000000000007"
"4","feedback","20","20","20","0.05","0.25","2","2","0","160","126","126","20.000000000000007"
"4","feedback","20","20","20","0.05","0.25","2","2","0","160","127","127","20.000000000000007"
"4","feedback","20","20","20","0.05","0.25","2","2","0","160","128","128","20.000000000000007"
"4","feedback","20","20","20","0.05","0.25","2","2","0","160","129","129","20.000000000000007"
"4","feedback","20","20","20","0.05","0.25","2","2","0","160","130","130","20.000000000000007"
"4","feedback","20","20","20","0.05","0.25","2","2","0","160","131","131","20.000000000000007"
"4","feedback","20","20","20","0.05","0.25","2","2","0","160","132","132","20.000000000000007"
"4","feedback","20","20","20","0.05","0.25","2","2","0","160","133","133","20.000000000000007"
"4","feedback","20","20","20","0.05","0.25","2","2","0","160","134","134","20.000000000000007"
"4","feedback","20","20","20","0.05","0.25","2","2","0","160","135","135","20.000000000000007"
"4","feedback","20","20","20","0.05","0.25","2","2","0","160","136","136","20.000000000000007"
"4","feedback","20","20","20","0.05","0.25","2","2","0","160","137","137","20.000000000000007"
"4","feedback","20","20","20","0.05","0.25","2","2","0","160","138","138","20.000000000000007"
"4","feedback","20","20","20","0.05","0.25","2","2","0","160","139","139","20.000000000000007"
"4","feedback","20","20","20","0.05","0.25","2","2","0","160","140","140","20.000000000000007"
"4","feedback","20","20","20","0.05","0.25","2","2","0","160","141","141","20.000000000000007"
"4","feedback","20","20","20","0.05","0.25","2","2","0","160","142","142","20.000000000000007"
"4","feedback","20","20","20","0.05","0.25","2","2","0","160","143","143","20.000000000000007"
"4","feedback","20","20","20","0.05","0.25","2","2","0","160","144","144","20.000000000000007"
"4","feedback","20","20","20","0.05","0.25","2","2","0","160","145","145","20.000000000000007"
"4","feedback","20","20","20","0.05","0.25","2","2","0","160","146","146","20.000000000000007"
"4","feedback","20","20","20","0.05","0.25","2","2","0","160","147","147","20.000000000000007"
"4","feedback","20","20","20","0.05","0.25","2","2","0","160","148","148","20.000000000000007"
"4","feedback","20","20","20","0.05","0.25","2","2","0","160","149","149","20.000000000000007"
"4","feedback","20","20","20","0.05","0.25","2","2","0","160","150","150","20.000000000000007"
"4","feedback","20","20","20","0.05","0.25","2","2","0","160","151","151","20.000000000000007"
"4","feedback","20","20","20","0.05","0.25","2","2","0","160","152","152","20.000000000000007"
"4","feedback","20","20","20","0.05","0.25","2","2","0","160","153","153","20.000000000000007"
"4","feedback","20","20","20","0.05","0.25","2","2","0","160","154","154","20.000000000000007"
"4","feedback","20","20","20","0.05","0.25","2","2","0","160","155","155","20.000000000000007"
"4","feedback","20","20","20","0.05","0.25","2","2","0","160","156","156","20.000000000000007"
"4","feedback","20","20","20","0.05","0.25","2","2","0","160","157","157","20.000000000000007"
"4","feedback","20","20","20","0.05","0.25","2","2","0","160","158","158","20.000000000000007"
"4","feedback","20","20","20","0.05","0.25","2","2","0","160","159","159","20.000000000000007"
"4","feedback","20","20","20","0.05","0.25","2","2","0","160","160","160","20.000000000000007"
"5","feedback","20","20","20","0.05","0.25","2","5","0","160","0","0","20"
"5","feedback","20","20","20","0.05","0.25","2","5","0","160","1","1","20"
"5","feedback","20","20","20","0.05","0.25","2","5","0","160","2","2","20"
"5","feedback","20","20","20","0.05","0.25","2","5","0","160","3","3","20"
"5","feedback","20","20","20","0.05","0.25","2","5","0","160","4","4","20"
"5","feedback","20","20","20","0.05","0.25","2","5","0","160","5","5","20"
"5","feedback","20","20","20","0.05","0.25","2","5","0","160","6","6","20"
"5","feedback","20","20","20","0.05","0.25","2","5","0","160","7","7","20"
"5","feedback","20","20","20","0.05","0.25","2","5","0","160","8","8","20"
"5","feedback","20","20","20","0.05","0.25","2","5","0","160","9","9","20"
"5","feedback","20","20","20","0.05","0.25","2","5","0","160","10","10","20"
"5","feedback","20","20","20","0.05","0.25","2","5","0","160","11","11","20"
"5","feedback","20","20","20","0.05","0.25","2","5","0","160","12","12","20"
"5","feedback","20","20","20","0.05","0.25","2","5","0","160","13","13","20"
"5","feedback","20","20","20","0.05","0.25","2","5","0","160","14","14","20"
"5","feedback","20","20","20","0.05","0.25","2","5","0","160","15","15","20"
"5","feedback","20","20","20","0.05","0.25","2","5","0","160","16","16","20"
"5","feedback","20","20","20","0.05","0.25","2","5","0","160","17","17","20"
"5","feedback","20","20","20","0.05","0.25","2","5","0","160","18","18","20"
"5","feedback","20","20","20","0.05","0.25","2","5","0","160","19","19","20"
"5","feedback","20","20","20","0.05","0.25","2","5","0","160","20","20","20"
"5","feedback","20","20","20","0.05","0.25","2","5","0","160","21","21","23.5"
"5","feedback","20","20","20","0.05","0.25","2","5","0","160","22","22","22.45"
"5","feedback","20","20","20","0.05","0.25","2","5","0","160","23","23","21.715"
"5","feedback","20","20","20","0.05","0.25","2","5","0","160","24","24","21.200499999999998"
"5","feedback","20","20","20","0.05","0.25","2","5","0","160","25","25","20.84035"
"5","feedback","20","20","20","0.05","0.25","2","5","0","160","26","26","20.588245"
"5","feedback","20","20","20","0.05","0.25","2","5","0","160","27","27","20.4117715"
"5","feedback","20","20","20","0.05","0.25","2","5","0","160","28","28","20.28824005"
"5","feedback","20","20","20","0.05","0.25","2","5","0","160","29","29","20.201768035"
"5","feedback","20","20","20","0.05","0.25","2","5","0","160","30","30","20.1412376245"
"5","feedback","20","20","20","0.05","0.25","2","5","0","160","31","31","20.09886633715"
"5","feedback","20","20","20","0.05","0.25","2","5","0","160","32","32","20.069206436005"
"5","feedback","20","20","20","0.05","0.25","2","5","0","160","33","33","20.0484445052035"
"5","feedback","20","20","20","0.05","0.25","2","5","0","160","34","34","20.03391115364245"
"5","feedback","20","20","20","0.05","0.25","2","5","0","160","35","35","20.023737807549715"
"5","feedback","20","20","20","0.05","0.25","2","5","0","160","36","36","20.016616465284798"
"5","feedback","20","20","20","0.05","0.25","2","5","0","160","37","37","20.011631525699357"
"5","feedback","20","20","20","0.05","0.25","2","5","0","160","38","38","20.00814206798955"
"5","feedback","20","20","20","0.05","0.25","2","5","0","160","39","39","20.005699447592683"
"5","feedback","20","20","20","0.05","0.25","2","5","0","160","40","40","20.00398961331488"
"5","feedback","20","20","20","0.05","0.25","2","5","0","160","41","41","20.00279272932042"
"5","feedback","20","20","20","0.05","0.25","2","5","0","160","42","42","20.001954910524294"
"5","feedback","20","20","20","0.05","0.25","2","5","0","160","43","43","20.001368437367006"
"5","feedback","20","20","20","0.05","0.25","2","5","0","160","44","44","20.000957906156906"
"5","feedback","20","20","20","0.05","0.25","2","5","0","160","45","45","20.000670534309833"
"5","feedback","20","20","20","0.05","0.25","2","5","0","160","46","46","20.000469374016884"
"5","feedback","20","20","20","0.05","0.25","2","5","0","160","47","47","20.000328561811816"
"5","feedback","20","20","20","0.05","0.25","2","5","0","160","48","48","20.000229993268274"
"5","feedback","20","20","20","0.05","0.25","2","5","0","160","49","49","20.00016099528779"
"5","feedback","20","20","20","0.05","0.25","2","5","0","160","50","50","20.000112696701454"
"5","feedback","20","20","20","0.05","0.25","2","5","0","160","51","51","20.000078887691018"
"5","feedback","20","20","20","0.05","0.25","2","5","0","160","52","52","20.00005522138371"
"5","feedback","20","20","20","0.05","0.25","2","5","0","160","53","53","20.0000386549686"
"5","feedback","20","20","20","0.05","0.25","2","5","0","160","54","54","20.000027058478018"
"5","feedback","20","20","20","0.05","0.25","2","5","0","160","55","55","20.00001894093461"
"5","feedback","20","20","20","0.05","0.25","2","5","0","160","56","56","20.000013258654228"
"5","feedback","20","20","20","0.05","0.25","2","5","0","160","57","57","20.000009281057956"
"5","feedback","20","20","20","0.05","0.25","2","5","0","160","58","58","20.000006496740568"
"5","feedback","20","20","20","0.05","0.25","2","5","0","160","59","59","20.000004547718397"
"5","feedback","20","20","20","0.05","0.25","2","5","0","160","60","60","20.00000318340288"
"5","feedback","20","20","20","0.05","0.25","2","5","0","160","61","61","20.000002228382016"
"5","feedback","20","20","20","0.05","0.25","2","5","0","160","62","62","20.00000155986741"
"5","feedback","20","20","20","0.05","0.25","2","5","0","160","63","63","20.000001091907187"
"5","feedback","20","20","20","0.05","0.25","2","5","0","160","64","64","20.000000764335027"
"5","feedback","20","20","20","0.05","0.25","2","5","0","160","65","65","20.00000053503452"
"5","feedback","20","20","20","0.05","0.25","2","5","0","160","66","66","20.000000374524166"
"5","feedback","20","20","20","0.05","0.25","2","5","0","160","67","67","20.000000262166918"
"5","feedback","20","20","20","0.05","0.25","2","5","0","160","68","68","20.000000183516843"
"5","feedback","20","20","20","0.05","0.25","2","5","0","160","69","69","20.00000012846179"
"5","feedback","20","20","20","0.05","0.25","2","5","0","160","70","70","20.00000008992325"
"5","feedback","20","20","20","0.05","0.25","2","5","0","160","71","71","20.000000062946278"
"5","feedback","20","20","20","0.05","0.25","2","5","0","160","72","72","20.000000044062396"
"5","feedback","20","20","20","0.05","0.25","2","5","0","160","73","73","20.00000003084368"
"5","feedback","20","20","20","0.05","0.25","2","5","0","160","74","74","20.000000021590576"
"5","feedback","20","20","20","0.05","0.25","2","5","0","160","75","75","20.000000015113404"
"5","feedback","20","20","20","0.05","0.25","2","5","0","160","76","76","20.000000010579384"
"5","feedback","20","20","20","0.05","0.25","2","5","0","160","77","77","20.000000007405568"
"5","feedback","20","20","20","0.05","0.25","2","5","0","160","78","78","20.0000000051839"
"5","feedback","20","20","20","0.05","0.25","2","5","0","160","79","79","20.000000003628728"
"5","feedback","20","20","20","0.05","0.25","2","5","0","160","80","80","20.00000000254011"
"5","feedback","20","20","20","0.05","0.25","2","5","0","160","81","81","20.000000001778076"
"5","feedback","20","20","20","0.05","0.25","2","5","0","160","82","82","20.000000001244654"
"5","feedback","20","20","20","0.05","0.25","2","5","0","160","83","83","20.000000000871257"
"5","feedback","20","20","20","0.05","0.25","2","5","0","160","84","84","20.00000000060988"
"5","feedback","20","20","20","0.05","0.25","2","5","0","160","85","85","20.000000000426915"
"5","feedback","20","20","20","0.05","0.25","2","5","0","160","86","86","20.00000000029884"
"5","feedback","20","20","20","0.05","0.25","2","5","0","160","87","87","20.000000000209187"
"5","feedback","20","20","20","0.05","0.25","2","5","0","160","88","88","20.000000000146432"
"5","feedback","20","20","20","0.05","0.25","2","5","0","160","89","89","20.000000000102503"
"5","feedback","20","20","20","0.05","0.25","2","5","0","160","90","90","20.00000000007175"
"5","feedback","20","20","20","0.05","0.25","2","5","0","160","91","91","20.000000000050225"
"5","feedback","20","20","20","0.05","0.25","2","5","0","160","92","92","20.000000000035158"
"5","feedback","20","20","20","0.05","0.25","2","5","0","160","93","93","20.00000000002461"
"5","feedback","20","20","20","0.05","0.25","2","5","0","160","94","94","20.000000000017227"
"5","feedback","20","20","20","0.05","0.25","2","5","0","160","95","95","20.00000000001206"
"5","feedback","20","20","20","0.05","0.25","2","5","0","160","96","96","20.00000000000844"
"5","feedback","20","20","20","0.05","0.25","2","5","0","160","97","97","20.000000000005908"
"5","feedback","20","20","20","0.05","0.25","2","5","0","160","98","98","20.000000000004135"
"5","feedback","20","20","20","0.05","0.25","2","5","0","160","99","99","20.000000000002895"
"5","feedback","20","20","20","0.05","0.25","2","5","0","160","100","100","20.000000000002025"
"5","feedback","20","20","20","0.05","0.25","2","5","0","160","101","101","20.00000000000142"
"5","feedback","20","20","20","0.05","0.25","2","5","0","160","102","102","20.000000000000995"
"5","feedback","20","20","20","0.05","0.25","2","5","0","160","103","103","20.000000000000696"
"5","feedback","20","20","20","0.05","0.25","2","5","0","160","104","104","20.000000000000487"
"5","feedback","20","20","20","0.05","0.25","2","5","0","160","105","105","20.00000000000034"
"5","feedback","20","20","20","0.05","0.25","2","5","0","160","106","106","20.000000000000238"
"5","feedback","20","20","20","0.05","0.25","2","5","0","160","107","107","20.000000000000167"
"5","feedback","20","20","20","0.05","0.25","2","5","0","160","108","108","20.000000000000117"
"5","feedback","20","20","20","0.05","0.25","2","5","0","160","109","109","20.00000000000008"
"5","feedback","20","20","20","0.05","0.25","2","5","0","160","110","110","20.000000000000057"
"5","feedback","20","20","20","0.05","0.25","2","5","0","160","111","111","20.00000000000004"
"5","feedback","20","20","20","0.05","0.25","2","5","0","160","112","112","20.000000000000025"
"5","feedback","20","20","20","0.05","0.25","2","5","0","160","113","113","20.000000000000018"
"5","feedback","20","20","20","0.05","0.25","2","5","0","160","114","114","20.000000000000014"
"5","feedback","20","20","20","0.05","0.25","2","5","0","160","115","115","20.00000000000001"
"5","feedback","20","20","20","0.05","0.25","2","5","0","160","116","116","20.000000000000007"
"5","feedback","20","20","20","0.05","0.25","2","5","0","160","117","117","20.000000000000007"
"5","feedback","20","20","20","0.05","0.25","2","5","0","160","118","118","20.000000000000007"
"5","feedback","20","20","20","0.05","0.25","2","5","0","160","119","119","20.000000000000007"
"5","feedback","20","20","20","0.05","0.25","2","5","0","160","120","120","20.000000000000007"
"5","feedback","20","20","20","0.05","0.25","2","5","0","160","121","121","20.000000000000007"
"5","feedback","20","20","20","0.05","0.25","2","5","0","160","122","122","20.000000000000007"
"5","feedback","20","20","20","0.05","0.25","2","5","0","160","123","123","20.000000000000007"
"5","feedback","20","20","20","0.05","0.25","2","5","0","160","124","124","20.000000000000007"
"5","feedback","20","20","20","0.05","0.25","2","5","0","160","125","125","20.000000000000007"
"5","feedback","20","20","20","0.05","0.25","2","5","0","160","126","126","20.000000000000007"
"5","feedback","20","20","20","0.05","0.25","2","5","0","160","127","127","20.000000000000007"
"5","feedback","20","20","20","0.05","0.25","2","5","0","160","128","128","20.000000000000007"
"5","feedback","20","20","20","0.05","0.25","2","5","0","160","129","129","20.000000000000007"
"5","feedback","20","20","20","0.05","0.25","2","5","0","160","130","130","20.000000000000007"
"5","feedback","20","20","20","0.05","0.25","2","5","0","160","131","131","20.000000000000007"
"5","feedback","20","20","20","0.05","0.25","2","5","0","160","132","132","20.000000000000007"
"5","feedback","20","20","20","0.05","0.25","2","5","0","160","133","133","20.000000000000007"
"5","feedback","20","20","20","0.05","0.25","2","5","0","160","134","134","20.000000000000007"
"5","feedback","20","20","20","0.05","0.25","2","5","0","160","135","135","20.000000000000007"
"5","feedback","20","20","20","0.05","0.25","2","5","0","160","136","136","20.000000000000007"
"5","feedback","20","20","20","0.05","0.25","2","5","0","160","137","137","20.000000000000007"
"5","feedback","20","20","20","0.05","0.25","2","5","0","160","138","138","20.000000000000007"
"5","feedback","20","20","20","0.05","0.25","2","5","0","160","139","139","20.000000000000007"
"5","feedback","20","20","20","0.05","0.25","2","5","0","160","140","140","20.000000000000007"
"5","feedback","20","20","20","0.05","0.25","2","5","0","160","141","141","20.000000000000007"
"5","feedback","20","20","20","0.05","0.25","2","5","0","160","142","142","20.000000000000007"
"5","feedback","20","20","20","0.05","0.25","2","5","0","160","143","143","20.000000000000007"
"5","feedback","20","20","20","0.05","0.25","2","5","0","160","144","144","20.000000000000007"
"5","feedback","20","20","20","0.05","0.25","2","5","0","160","145","145","20.000000000000007"
"5","feedback","20","20","20","0.05","0.25","2","5","0","160","146","146","20.000000000000007"
"5","feedback","20","20","20","0.05","0.25","2","5","0","160","147","147","20.000000000000007"
"5","feedback","20","20","20","0.05","0.25","2","5","0","160","148","148","20.000000000000007"
"5","feedback","20","20","20","0.05","0.25","2","5","0","160","149","149","20.000000000000007"
"5","feedback","20","20","20","0.05","0.25","2","5","0","160","150","150","20.000000000000007"
"5","feedback","20","20","20","0.05","0.25","2","5","0","160","151","151","20.000000000000007"
"5","feedback","20","20","20","0.05","0.25","2","5","0","160","152","152","20.000000000000007"
"5","feedback","20","20","20","0.05","0.25","2","5","0","160","153","153","20.000000000000007"
"5","feedback","20","20","20","0.05","0.25","2","5","0","160","154","154","20.000000000000007"
"5","feedback","20","20","20","0.05","0.25","2","5","0","160","155","155","20.000000000000007"
"5","feedback","20","20","20","0.05","0.25","2","5","0","160","156","156","20.000000000000007"
"5","feedback","20","20","20","0.05","0.25","2","5","0","160","157","157","20.000000000000007"
"5","feedback","20","20","20","0.05","0.25","2","5","0","160","158","158","20.000000000000007"
"5","feedback","20","20","20","0.05","0.25","2","5","0","160","159","159","20.000000000000007"
"5","feedback","20","20","20","0.05","0.25","2","5","0","160","160","160","20.000000000000007"
"6","feedback","20","20","20","0.05","0.25","2","9","0","160","0","0","20"
"6","feedback","20","20","20","0.05","0.25","2","9","0","160","1","1","20"
"6","feedback","20","20","20","0.05","0.25","2","9","0","160","2","2","20"
"6","feedback","20","20","20","0.05","0.25","2","9","0","160","3","3","20"
"6","feedback","20","20","20","0.05","0.25","2","9","0","160","4","4","20"
"6","feedback","20","20","20","0.05","0.25","2","9","0","160","5","5","20"
"6","feedback","20","20","20","0.05","0.25","2","9","0","160","6","6","20"
"6","feedback","20","20","20","0.05","0.25","2","9","0","160","7","7","20"
"6","feedback","20","20","20","0.05","0.25","2","9","0","160","8","8","20"
"6","feedback","20","20","20","0.05","0.25","2","9","0","160","9","9","20"
"6","feedback","20","20","20","0.05","0.25","2","9","0","160","10","10","20"
"6","feedback","20","20","20","0.05","0.25","2","9","0","160","11","11","20"
"6","feedback","20","20","20","0.05","0.25","2","9","0","160","12","12","20"
"6","feedback","20","20","20","0.05","0.25","2","9","0","160","13","13","20"
"6","feedback","20","20","20","0.05","0.25","2","9","0","160","14","14","20"
"6","feedback","20","20","20","0.05","0.25","2","9","0","160","15","15","20"
"6","feedback","20","20","20","0.05","0.25","2","9","0","160","16","16","20"
"6","feedback","20","20","20","0.05","0.25","2","9","0","160","17","17","20"
"6","feedback","20","20","20","0.05","0.25","2","9","0","160","18","18","20"
"6","feedback","20","20","20","0.05","0.25","2","9","0","160","19","19","20"
"6","feedback","20","20","20","0.05","0.25","2","9","0","160","20","20","20"
"6","feedback","20","20","20","0.05","0.25","2","9","0","160","21","21","26.55"
"6","feedback","20","20","20","0.05","0.25","2","9","0","160","22","22","24.585"
"6","feedback","20","20","20","0.05","0.25","2","9","0","160","23","23","23.2095"
"6","feedback","20","20","20","0.05","0.25","2","9","0","160","24","24","22.246650000000002"
"6","feedback","20","20","20","0.05","0.25","2","9","0","160","25","25","21.572655"
"6","feedback","20","20","20","0.05","0.25","2","9","0","160","26","26","21.1008585"
"6","feedback","20","20","20","0.05","0.25","2","9","0","160","27","27","20.770600950000002"
"6","feedback","20","20","20","0.05","0.25","2","9","0","160","28","28","20.539420665"
"6","feedback","20","20","20","0.05","0.25","2","9","0","160","29","29","20.377594465500003"
"6","feedback","20","20","20","0.05","0.25","2","9","0","160","30","30","20.26431612585"
"6","feedback","20","20","20","0.05","0.25","2","9","0","160","31","31","20.185021288095"
"6","feedback","20","20","20","0.05","0.25","2","9","0","160","32","32","20.1295149016665"
"6","feedback","20","20","20","0.05","0.25","2","9","0","160","33","33","20.09066043116655"
"6","feedback","20","20","20","0.05","0.25","2","9","0","160","34","34","20.063462301816585"
"6","feedback","20","20","20","0.05","0.25","2","9","0","160","35","35","20.04442361127161"
"6","feedback","20","20","20","0.05","0.25","2","9","0","160","36","36","20.031096527890128"
"6","feedback","20","20","20","0.05","0.25","2","9","0","160","37","37","20.02176756952309"
"6","feedback","20","20","20","0.05","0.25","2","9","0","160","38","38","20.01523729866616"
"6","feedback","20","20","20","0.05","0.25","2","9","0","160","39","39","20.01066610906631"
"6","feedback","20","20","20","0.05","0.25","2","9","0","160","40","40","20.007466276346417"
"6","feedback","20","20","20","0.05","0.25","2","9","0","160","41","41","20.00522639344249"
"6","feedback","20","20","20","0.05","0.25","2","9","0","160","42","42","20.003658475409743"
"6","feedback","20","20","20","0.05","0.25","2","9","0","160","43","43","20.00256093278682"
"6","feedback","20","20","20","0.05","0.25","2","9","0","160","44","44","20.001792652950776"
"6","feedback","20","20","20","0.05","0.25","2","9","0","160","45","45","20.001254857065547"
"6","feedback","20","20","20","0.05","0.25","2","9","0","160","46","46","20.000878399945883"
"6","feedback","20","20","20","0.05","0.25","2","9","0","160","47","47","20.000614879962114"
"6","feedback","20","20","20","0.05","0.25","2","9","0","160","48","48","20.00043041597348"
"6","feedback","20","20","20","0.05","0.25","2","9","0","160","49","49","20.000301291181433"
"6","feedback","20","20","20","0.05","0.25","2","9","0","160","50","50","20.000210903827004"
"6","feedback","20","20","20","0.05","0.25","2","9","0","160","51","51","20.000147632678903"
"6","feedback","20","20","20","0.05","0.25","2","9","0","160","52","52","20.00010334287523"
"6","feedback","20","20","20","0.05","0.25","2","9","0","160","53","53","20.00007234001266"
"6","feedback","20","20","20","0.05","0.25","2","9","0","160","54","54","20.00005063800886"
"6","feedback","20","20","20","0.05","0.25","2","9","0","160","55","55","20.000035446606205"
"6","feedback","20","20","20","0.05","0.25","2","9","0","160","56","56","20.000024812624343"
"6","feedback","20","20","20","0.05","0.25","2","9","0","160","57","57","20.00001736883704"
"6","feedback","20","20","20","0.05","0.25","2","9","0","160","58","58","20.00001215818593"
"6","feedback","20","20","20","0.05","0.25","2","9","0","160","59","59","20.00000851073015"
"6","feedback","20","20","20","0.05","0.25","2","9","0","160","60","60","20.000005957511103"
"6","feedback","20","20","20","0.05","0.25","2","9","0","160","61","61","20.00000417025777"
"6","feedback","20","20","20","0.05","0.25","2","9","0","160","62","62","20.000002919180442"
"6","feedback","20","20","20","0.05","0.25","2","9","0","160","63","63","20.00000204342631"
"6","feedback","20","20","20","0.05","0.25","2","9","0","160","64","64","20.000001430398417"
"6","feedback","20","20","20","0.05","0.25","2","9","0","160","65","65","20.000001001278893"
"6","feedback","20","20","20","0.05","0.25","2","9","0","160","66","66","20.000000700895225"
"6","feedback","20","20","20","0.05","0.25","2","9","0","160","67","67","20.000000490626658"
"6","feedback","20","20","20","0.05","0.25","2","9","0","160","68","68","20.00000034343866"
"6","feedback","20","20","20","0.05","0.25","2","9","0","160","69","69","20.000000240407065"
"6","feedback","20","20","20","0.05","0.25","2","9","0","160","70","70","20.000000168284945"
"6","feedback","20","20","20","0.05","0.25","2","9","0","160","71","71","20.000000117799463"
"6","feedback","20","20","20","0.05","0.25","2","9","0","160","72","72","20.000000082459625"
"6","feedback","20","20","20","0.05","0.25","2","9","0","160","73","73","20.00000005772174"
"6","feedback","20","20","20","0.05","0.25","2","9","0","160","74","74","20.00000004040522"
"6","feedback","20","20","20","0.05","0.25","2","9","0","160","75","75","20.00000002828365"
"6","feedback","20","20","20","0.05","0.25","2","9","0","160","76","76","20.000000019798556"
"6","feedback","20","20","20","0.05","0.25","2","9","0","160","77","77","20.000000013858987"
"6","feedback","20","20","20","0.05","0.25","2","9","0","160","78","78","20.00000000970129"
"6","feedback","20","20","20","0.05","0.25","2","9","0","160","79","79","20.0000000067909"
"6","feedback","20","20","20","0.05","0.25","2","9","0","160","80","80","20.00000000475363"
"6","feedback","20","20","20","0.05","0.25","2","9","0","160","81","81","20.000000003327543"
"6","feedback","20","20","20","0.05","0.25","2","9","0","160","82","82","20.00000000232928"
"6","feedback","20","20","20","0.05","0.25","2","9","0","160","83","83","20.000000001630497"
"6","feedback","20","20","20","0.05","0.25","2","9","0","160","84","84","20.00000000114135"
"6","feedback","20","20","20","0.05","0.25","2","9","0","160","85","85","20.000000000798945"
"6","feedback","20","20","20","0.05","0.25","2","9","0","160","86","86","20.00000000055926"
"6","feedback","20","20","20","0.05","0.25","2","9","0","160","87","87","20.00000000039148"
"6","feedback","20","20","20","0.05","0.25","2","9","0","160","88","88","20.000000000274035"
"6","feedback","20","20","20","0.05","0.25","2","9","0","160","89","89","20.000000000191825"
"6","feedback","20","20","20","0.05","0.25","2","9","0","160","90","90","20.00000000013428"
"6","feedback","20","20","20","0.05","0.25","2","9","0","160","91","91","20.000000000093994"
"6","feedback","20","20","20","0.05","0.25","2","9","0","160","92","92","20.000000000065796"
"6","feedback","20","20","20","0.05","0.25","2","9","0","160","93","93","20.000000000046057"
"6","feedback","20","20","20","0.05","0.25","2","9","0","160","94","94","20.00000000003224"
"6","feedback","20","20","20","0.05","0.25","2","9","0","160","95","95","20.000000000022567"
"6","feedback","20","20","20","0.05","0.25","2","9","0","160","96","96","20.000000000015795"
"6","feedback","20","20","20","0.05","0.25","2","9","0","160","97","97","20.000000000011056"
"6","feedback","20","20","20","0.05","0.25","2","9","0","160","98","98","20.000000000007738"
"6","feedback","20","20","20","0.05","0.25","2","9","0","160","99","99","20.000000000005414"
"6","feedback","20","20","20","0.05","0.25","2","9","0","160","100","100","20.00000000000379"
"6","feedback","20","20","20","0.05","0.25","2","9","0","160","101","101","20.000000000002654"
"6","feedback","20","20","20","0.05","0.25","2","9","0","160","102","102","20.000000000001858"
"6","feedback","20","20","20","0.05","0.25","2","9","0","160","103","103","20.0000000000013"
"6","feedback","20","20","20","0.05","0.25","2","9","0","160","104","104","20.00000000000091"
"6","feedback","20","20","20","0.05","0.25","2","9","0","160","105","105","20.000000000000636"
"6","feedback","20","20","20","0.05","0.25","2","9","0","160","106","106","20.000000000000444"
"6","feedback","20","20","20","0.05","0.25","2","9","0","160","107","107","20.000000000000313"
"6","feedback","20","20","20","0.05","0.25","2","9","0","160","108","108","20.00000000000022"
"6","feedback","20","20","20","0.05","0.25","2","9","0","160","109","109","20.000000000000156"
"6","feedback","20","20","20","0.05","0.25","2","9","0","160","110","110","20.00000000000011"
"6","feedback","20","20","20","0.05","0.25","2","9","0","160","111","111","20.000000000000075"
"6","feedback","20","20","20","0.05","0.25","2","9","0","160","112","112","20.000000000000053"
"6","feedback","20","20","20","0.05","0.25","2","9","0","160","113","113","20.000000000000036"
"6","feedback","20","20","20","0.05","0.25","2","9","0","160","114","114","20.00000000000003"
"6","feedback","20","20","20","0.05","0.25","2","9","0","160","115","115","20.00000000000002"
"6","feedback","20","20","20","0.05","0.25","2","9","0","160","116","116","20.000000000000014"
"6","feedback","20","20","20","0.05","0.25","2","9","0","160","117","117","20.00000000000001"
"6","feedback","20","20","20","0.05","0.25","2","9","0","160","118","118","20.000000000000007"
"6","feedback","20","20","20","0.05","0.25","2","9","0","160","119","119","20.000000000000007"
"6","feedback","20","20","20","0.05","0.25","2","9","0","160","120","120","20.000000000000007"
"6","feedback","20","20","20","0.05","0.25","2","9","0","160","121","121","20.000000000000007"
"6","feedback","20","20","20","0.05","0.25","2","9","0","160","122","122","20.000000000000007"
"6","feedback","20","20","20","0.05","0.25","2","9","0","160","123","123","20.000000000000007"
"6","feedback","20","20","20","0.05","0.25","2","9","0","160","124","124","20.000000000000007"
"6","feedback","20","20","20","0.05","0.25","2","9","0","160","125","125","20.000000000000007"
"6","feedback","20","20","20","0.05","0.25","2","9","0","160","126","126","20.000000000000007"
"6","feedback","20","20","20","0.05","0.25","2","9","0","160","127","127","20.000000000000007"
"6","feedback","20","20","20","0.05","0.25","2","9","0","160","128","128","20.000000000000007"
"6","feedback","20","20","20","0.05","0.25","2","9","0","160","129","129","20.000000000000007"
"6","feedback","20","20","20","0.05","0.25","2","9","0","160","130","130","20.000000000000007"
"6","feedback","20","20","20","0.05","0.25","2","9","0","160","131","131","20.000000000000007"
"6","feedback","20","20","20","0.05","0.25","2","9","0","160","132","132","20.000000000000007"
"6","feedback","20","20","20","0.05","0.25","2","9","0","160","133","133","20.000000000000007"
"6","feedback","20","20","20","0.05","0.25","2","9","0","160","134","134","20.000000000000007"
"6","feedback","20","20","20","0.05","0.25","2","9","0","160","135","135","20.000000000000007"
"6","feedback","20","20","20","0.05","0.25","2","9","0","160","136","136","20.000000000000007"
"6","feedback","20","20","20","0.05","0.25","2","9","0","160","137","137","20.000000000000007"
"6","feedback","20","20","20","0.05","0.25","2","9","0","160","138","138","20.000000000000007"
"6","feedback","20","20","20","0.05","0.25","2","9","0","160","139","139","20.000000000000007"
"6","feedback","20","20","20","0.05","0.25","2","9","0","160","140","140","20.000000000000007"
"6","feedback","20","20","20","0.05","0.25","2","9","0","160","141","141","20.000000000000007"
"6","feedback","20","20","20","0.05","0.25","2","9","0","160","142","142","20.000000000000007"
"6","feedback","20","20","20","0.05","0.25","2","9","0","160","143","143","20.000000000000007"
"6","feedback","20","20","20","0.05","0.25","2","9","0","160","144","144","20.000000000000007"
"6","feedback","20","20","20","0.05","0.25","2","9","0","160","145","145","20.000000000000007"
"6","feedback","20","20","20","0.05","0.25","2","9","0","160","146","146","20.000000000000007"
"6","feedback","20","20","20","0.05","0.25","2","9","0","160","147","147","20.000000000000007"
"6","feedback","20","20","20","0.05","0.25","2","9","0","160","148","148","20.000000000000007"
"6","feedback","20","20","20","0.05","0.25","2","9","0","160","149","149","20.000000000000007"
"6","feedback","20","20","20","0.05","0.25","2","9","0","160","150","150","20.000000000000007"
"6","feedback","20","20","20","0.05","0.25","2","9","0","160","151","151","20.000000000000007"
"6","feedback","20","20","20","0.05","0.25","2","9","0","160","152","152","20.000000000000007"
"6","feedback","20","20","20","0.05","0.25","2","9","0","160","153","153","20.000000000000007"
"6","feedback","20","20","20","0.05","0.25","2","9","0","160","154","154","20.000000000000007"
"6","feedback","20","20","20","0.05","0.25","2","9","0","160","155","155","20.000000000000007"
"6","feedback","20","20","20","0.05","0.25","2","9","0","160","156","156","20.000000000000007"
"6","feedback","20","20","20","0.05","0.25","2","9","0","160","157","157","20.000000000000007"
"6","feedback","20","20","20","0.05","0.25","2","9","0","160","158","158","20.000000000000007"
"6","feedback","20","20","20","0.05","0.25","2","9","0","160","159","159","20.000000000000007"
"6","feedback","20","20","20","0.05","0.25","2","9","0","160","160","160","20.000000000000007"
