condition,seed,time,mantle,sustentacular,hair,total,macro_distance,radial_order
active,801,0,3,2,0,5,1.2923076923076922,0.5
active,801,5000,3,2,0,5,1.2923076923076922,0.5
active,801,10000,3,2,0,5,1.2923076923076922,0.5
active,801,15000,3,2,0,5,1.2923076923076922,0.5
active,801,20000,3,2,0,5,1.2923076923076922,0.5
active,801,25000,3,2,0,5,1.2923076923076922,0.5
active,801,30000,3,1,2,6,1.2371794871794872,0.75
active,801,35000,3,2,2,7,1.098901098901099,0.625
active,801,40000,3,3,2,8,1.0096153846153846,0.6666666666666666
active,801,45000,3,3,4,10,1.026923076923077,0.7916666666666667
active,801,50000,3,2,8,13,1.1153846153846154,0.78125
active,801,55000,4,4,8,16,0.9615384615384615,0.8125
active,801,60000,5,2,12,19,1.048582995951417,0.8958333333333333
active,801,65000,8,6,12,26,0.7884615384615385,0.9305555555555556
active,801,70000,8,6,12,26,0.7884615384615385,0.9583333333333334
active,801,75000,9,9,14,32,0.622596153846154,0.9797178130511464
active,801,80000,9,14,14,37,0.4293139293139293,0.9974489795918368
active,801,85000,11,23,14,48,0.11698717948717952,0.9707792207792207
active,801,90000,12,27,14,53,0.034107402031930356,0.955026455026455
active,801,95000,13,33,14,60,0.18974358974358974,0.998917748917749
active,801,100000,13,36,14,63,0.2637362637362637,1.0
active,801,105000,13,36,14,63,0.2637362637362637,0.9967948717948718
active,801,110000,13,36,14,63,0.2637362637362637,1.0
active,801,115000,13,37,14,64,0.2896634615384615,1.0
active,801,120000,13,37,14,64,0.2896634615384615,1.0
active,801,125000,13,37,14,64,0.2896634615384615,0.9990347490347491
active,801,130000,13,37,14,64,0.2896634615384615,0.997104247104247
active,801,135000,13,38,14,65,0.3153846153846154,0.998048004626952
active,801,140000,13,38,14,65,0.3153846153846154,0.9990601503759399
active,801,145000,13,38,14,65,0.3153846153846154,1.0
active,801,150000,13,38,14,65,0.3153846153846154,1.0
active,801,155000,13,38,14,65,0.3153846153846154,0.9990601503759399
active,801,160000,13,38,14,65,0.3153846153846154,0.9990601503759399
active,801,165000,13,38,14,65,0.3153846153846154,0.9990601503759399
active,801,170000,13,38,14,65,0.3153846153846154,0.9981203007518797
active,801,175000,13,38,14,65,0.3153846153846154,0.9990601503759399
active,801,180000,13,38,14,65,0.3153846153846154,0.9990601503759399
active,801,185000,13,38,14,65,0.3153846153846154,0.9990601503759399
active,801,190000,13,38,14,65,0.3153846153846154,0.9990601503759399
active,801,195000,13,38,14,65,0.3153846153846154,1.0
active,801,200000,13,38,14,65,0.3153846153846154,1.0
active,801,205000,13,38,14,65,0.3153846153846154,1.0
active,801,210000,13,38,14,65,0.3153846153846154,1.0
active,802,0,3,2,0,5,1.2923076923076922,0.5
active,802,5000,3,2,0,5,1.2923076923076922,0.5
active,802,10000,3,2,0,5,1.2923076923076922,0.5
active,802,15000,3,2,0,5,1.2923076923076922,0.5
active,802,20000,3,2,0,5,1.2923076923076922,0.5
active,802,25000,3,2,0,5,1.2923076923076922,0.5
active,802,30000,3,3,0,6,1.173076923076923,0.5
active,802,35000,3,5,0,8,1.1153846153846154,0.5
active,802,40000,4,5,0,9,1.096153846153846,0.5
active,802,45000,4,5,2,11,0.9405594405594406,1.0
active,802,50000,5,7,2,14,0.8763736263736264,1.0
active,802,55000,5,7,8,20,0.7846153846153847,0.8928571428571428
active,802,60000,6,8,8,22,0.7325174825174825,0.9375
active,802,65000,11,11,10,32,0.560096153846154,0.9876033057851239
active,802,70000,12,21,10,43,0.24060822898032203,0.9976190476190476
active,802,75000,13,30,10,53,0.09978229317851955,0.9987179487179487
active,802,80000,13,31,10,54,0.12250712250712248,1.0
active,802,85000,13,32,10,55,0.14510489510489505,1.0
active,802,90000,13,32,10,55,0.14510489510489505,1.0
active,802,95000,13,33,10,56,0.16758241758241757,1.0
active,802,100000,13,33,10,56,0.16758241758241757,1.0
active,802,105000,13,33,10,56,0.16758241758241757,1.0
active,802,110000,13,33,10,56,0.16758241758241757,1.0
active,802,115000,13,33,10,56,0.16758241758241757,1.0
active,802,120000,13,33,10,56,0.16758241758241757,1.0
active,802,125000,13,33,10,56,0.16758241758241757,1.0
active,802,130000,13,33,10,56,0.16758241758241757,1.0
active,802,135000,13,34,10,57,0.18994601889338728,1.0
active,802,140000,13,34,10,57,0.18994601889338728,1.0
active,802,145000,13,35,10,58,0.2122015915119363,1.0
active,802,150000,13,35,10,58,0.2122015915119363,1.0
active,802,155000,13,35,10,58,0.2122015915119363,1.0
active,802,160000,13,35,10,58,0.2122015915119363,1.0
active,802,165000,13,35,10,58,0.2122015915119363,1.0
active,802,170000,13,35,10,58,0.2122015915119363,1.0
active,802,175000,13,35,10,58,0.2122015915119363,1.0
active,802,180000,13,35,10,58,0.2122015915119363,1.0
active,802,185000,13,35,10,58,0.2122015915119363,0.9989010989010989
active,802,190000,13,35,10,58,0.2122015915119363,0.9978021978021978
active,802,195000,13,35,10,58,0.2122015915119363,0.9989010989010989
active,802,200000,13,35,10,58,0.2122015915119363,0.9989010989010989
active,802,205000,13,35,10,58,0.2122015915119363,0.9989010989010989
active,802,210000,13,35,10,58,0.2122015915119363,0.9989010989010989
active,803,0,3,2,0,5,1.2923076923076922,0.5
active,803,5000,3,2,0,5,1.2923076923076922,0.5
active,803,10000,3,2,0,5,1.2923076923076922,0.5
active,803,15000,3,2,0,5,1.2923076923076922,0.5
active,803,20000,3,2,0,5,1.2923076923076922,0.5
active,803,25000,3,3,0,6,1.173076923076923,0.5
active,803,30000,3,3,4,10,1.026923076923077,0.7083333333333334
active,803,35000,3,3,4,10,1.026923076923077,0.8333333333333333
active,803,40000,3,2,6,11,1.1258741258741258,0.9166666666666667
active,803,45000,4,1,8,13,1.1923076923076923,1.0
active,803,50000,5,3,8,16,1.0240384615384615,0.9166666666666667
active,803,55000,5,4,8,17,0.9570135746606336,0.9375
active,803,60000,7,6,10,23,0.8160535117056857,0.925
active,803,65000,7,6,14,27,0.7777777777777778,0.9940476190476191
active,803,70000,9,17,14,40,0.32500000000000007,1.0
active,803,75000,10,24,14,48,0.0993589743589744,0.9979166666666667
active,803,80000,10,27,14,51,0.03469079939668175,0.9981481481481482
active,803,85000,11,34,14,59,0.19165580182529332,1.0
active,803,90000,11,34,14,59,0.19165580182529332,1.0
active,803,95000,11,34,14,59,0.19165580182529332,1.0
active,803,100000,11,34,14,59,0.19165580182529332,1.0
active,803,105000,11,35,14,60,0.21794871794871795,1.0
active,803,110000,11,35,14,60,0.21794871794871795,1.0
active,803,115000,11,35,14,60,0.21794871794871795,1.0
active,803,120000,11,35,14,60,0.21794871794871795,1.0
active,803,125000,11,35,14,60,0.21794871794871795,1.0
active,803,130000,11,35,14,60,0.21794871794871795,1.0
active,803,135000,11,35,14,60,0.21794871794871795,1.0
active,803,140000,11,35,14,60,0.21794871794871795,1.0
active,803,145000,11,35,14,60,0.21794871794871795,1.0
active,803,150000,11,35,14,60,0.21794871794871795,1.0
active,803,155000,11,35,14,60,0.21794871794871795,1.0
active,803,160000,11,35,14,60,0.21794871794871795,1.0
active,803,165000,11,35,14,60,0.21794871794871795,1.0
active,803,170000,11,35,14,60,0.21794871794871795,1.0
active,803,175000,11,35,14,60,0.21794871794871795,1.0
active,803,180000,11,35,14,60,0.21794871794871795,1.0
active,803,185000,11,35,14,60,0.21794871794871795,1.0
active,803,190000,11,35,14,60,0.21794871794871795,1.0
active,803,195000,11,35,14,60,0.21794871794871795,1.0
active,803,200000,11,35,14,60,0.21794871794871795,1.0
active,803,205000,11,35,14,60,0.21794871794871795,1.0
active,803,210000,11,35,14,60,0.21794871794871795,1.0
active,804,0,3,2,0,5,1.2923076923076922,0.5
active,804,5000,3,2,0,5,1.2923076923076922,0.5
active,804,10000,3,2,0,5,1.2923076923076922,0.5
active,804,15000,3,2,0,5,1.2923076923076922,0.5
active,804,20000,3,2,0,5,1.2923076923076922,0.5
active,804,25000,3,2,0,5,1.2923076923076922,0.5
active,804,30000,3,1,2,6,1.2371794871794872,0.75
active,804,35000,3,1,2,6,1.2371794871794872,1.0
active,804,40000,3,0,4,7,1.3846153846153846,0.0
active,804,45000,4,0,4,8,1.3653846153846154,0.0
active,804,50000,4,0,4,8,1.3653846153846154,0.0
active,804,55000,4,0,4,8,1.3653846153846154,0.0
active,804,60000,4,0,4,8,1.3653846153846154,0.0
active,804,65000,4,0,4,8,1.3653846153846154,0.0
active,804,70000,4,0,4,8,1.3653846153846154,0.0
active,804,75000,4,0,4,8,1.3653846153846154,0.0
active,804,80000,4,0,4,8,1.3653846153846154,0.0
active,804,85000,4,0,4,8,1.3653846153846154,0.0
active,804,90000,4,0,4,8,1.3653846153846154,0.0
active,804,95000,4,0,4,8,1.3653846153846154,0.0
active,804,100000,4,0,4,8,1.3653846153846154,0.0
active,804,105000,4,0,4,8,1.3653846153846154,0.0
active,804,110000,4,0,4,8,1.3653846153846154,0.0
active,804,115000,4,0,4,8,1.3653846153846154,0.0
active,804,120000,4,0,4,8,1.3653846153846154,0.0
active,804,125000,4,0,4,8,1.3653846153846154,0.0
active,804,130000,4,0,4,8,1.3653846153846154,0.0
active,804,135000,4,0,4,8,1.3653846153846154,0.0
active,804,140000,4,0,4,8,1.3653846153846154,0.0
active,804,145000,4,0,4,8,1.3653846153846154,0.0
active,804,150000,4,0,4,8,1.3653846153846154,0.0
active,804,155000,4,0,4,8,1.3653846153846154,0.0
active,804,160000,4,0,4,8,1.3653846153846154,0.0
active,804,165000,4,0,4,8,1.3653846153846154,0.0
active,804,170000,4,0,4,8,1.3653846153846154,0.0
active,804,175000,4,0,4,8,1.3653846153846154,0.0
active,804,180000,4,0,4,8,1.3653846153846154,0.0
active,804,185000,4,0,4,8,1.3653846153846154,0.0
active,804,190000,4,0,4,8,1.3653846153846154,0.0
active,804,195000,4,0,4,8,1.3653846153846154,0.0
active,804,200000,4,0,4,8,1.3653846153846154,0.0
active,804,205000,4,0,4,8,1.3653846153846154,0.0
active,804,210000,4,0,4,8,1.3653846153846154,0.0
feedback_disabled,801,0,3,2,0,5,1.2923076923076922,0.5
feedback_disabled,801,5000,3,2,0,5,1.2923076923076922,0.5
feedback_disabled,801,10000,3,2,0,5,1.2923076923076922,0.5
feedback_disabled,801,15000,3,2,0,5,1.2923076923076922,0.5
feedback_disabled,801,20000,3,2,0,5,1.2923076923076922,0.5
feedback_disabled,801,25000,3,2,0,5,1.2923076923076922,0.5
feedback_disabled,801,30000,3,1,2,6,1.2371794871794872,0.75
feedback_disabled,801,35000,10,3,2,15,1.1666666666666667,0.8166666666666667
feedback_disabled,801,40000,14,2,4,20,1.103846153846154,0.5892857142857143
feedback_disabled,801,45000,22,2,4,28,1.0357142857142856,0.6931818181818181
feedback_disabled,801,50000,33,3,4,40,0.8442307692307693,0.7613636363636365
feedback_disabled,801,55000,45,2,6,53,0.6567489114658926,0.75
feedback_disabled,801,60000,67,1,8,76,1.1315789473684212,0.7425373134328358
feedback_disabled,801,65000,125,1,8,134,2.298220436280138,0.863
feedback_disabled,801,70000,201,0,10,211,3.798760481224936,0.0
feedback_disabled,801,75000,334,0,10,344,6.374776386404293,0.0
feedback_disabled,801,80000,548,0,10,558,10.501309622277363,0.0
feedback_disabled,802,0,3,2,0,5,1.2923076923076922,0.5
feedback_disabled,802,5000,3,2,0,5,1.2923076923076922,0.5
feedback_disabled,802,10000,3,2,0,5,1.2923076923076922,0.5
feedback_disabled,802,15000,3,2,0,5,1.2923076923076922,0.5
feedback_disabled,802,20000,3,2,0,5,1.2923076923076922,0.5
feedback_disabled,802,25000,4,2,0,6,1.3397435897435896,0.5
feedback_disabled,802,30000,5,1,2,8,1.2596153846153846,1.0
feedback_disabled,802,35000,10,1,2,13,1.3076923076923077,1.0
feedback_disabled,802,40000,21,2,2,25,1.1476923076923078,1.0
feedback_disabled,802,45000,37,1,6,44,0.7832167832167832,0.75
feedback_disabled,802,50000,61,0,8,69,0.9994425863991081,0.0
feedback_disabled,802,55000,114,0,8,122,2.0690416141235817,0.0
feedback_disabled,802,60000,190,0,8,198,3.5557498057498056,0.0
feedback_disabled,802,65000,292,0,8,300,5.531025641025641,0.0
feedback_disabled,803,0,3,2,0,5,1.2923076923076922,0.5
feedback_disabled,803,5000,3,2,0,5,1.2923076923076922,0.5
feedback_disabled,803,10000,3,2,0,5,1.2923076923076922,0.5
feedback_disabled,803,15000,3,2,0,5,1.2923076923076922,0.5
feedback_disabled,803,20000,3,2,0,5,1.2923076923076922,0.5
feedback_disabled,803,25000,4,3,0,7,1.2252747252747254,0.5
feedback_disabled,803,30000,5,6,0,11,1.0576923076923075,0.5
feedback_disabled,803,35000,7,6,6,19,0.8380566801619433,0.8888888888888888
feedback_disabled,803,40000,9,6,10,25,0.7984615384615386,0.9916666666666667
feedback_disabled,803,45000,11,9,10,30,0.6423076923076922,0.9944444444444445
feedback_disabled,803,50000,19,13,10,42,0.43315018315018317,0.9817813765182186
feedback_disabled,803,55000,34,30,10,74,0.670997920997921,0.9393137254901961
feedback_disabled,803,60000,57,59,12,128,1.6953125,0.9205322628605412
feedback_disabled,803,65000,104,95,14,213,3.372878295413507,0.9225347021399652
feedback_disabled,803,70000,199,179,16,394,6.870460757516595,0.9068781407035176
feedback_disabled,804,0,3,2,0,5,1.2923076923076922,0.5
feedback_disabled,804,5000,3,2,0,5,1.2923076923076922,0.5
feedback_disabled,804,10000,3,2,0,5,1.2923076923076922,0.5
feedback_disabled,804,15000,3,2,0,5,1.2923076923076922,0.5
feedback_disabled,804,20000,3,2,0,5,1.2923076923076922,0.5
feedback_disabled,804,25000,3,2,0,5,1.2923076923076922,0.5
feedback_disabled,804,30000,7,2,0,9,1.393162393162393,0.5
feedback_disabled,804,35000,7,4,0,11,1.2132867132867133,0.5
feedback_disabled,804,40000,16,10,4,30,0.7448717948717949,0.9437500000000001
feedback_disabled,804,45000,19,20,10,49,0.2339089481946625,0.9469736842105263
feedback_disabled,804,50000,28,35,16,79,0.6621226874391433,0.9716836734693878
feedback_disabled,804,55000,57,68,18,143,1.937062937062937,0.9392414860681115
feedback_disabled,804,60000,114,128,18,260,4.226923076923077,0.9037257858187134
proliferation_disabled,801,0,3,2,0,5,1.2923076923076922,0.5
proliferation_disabled,801,5000,3,2,0,5,1.2923076923076922,0.5
proliferation_disabled,801,10000,3,2,0,5,1.2923076923076922,0.5
proliferation_disabled,801,15000,3,2,0,5,1.2923076923076922,0.5
proliferation_disabled,801,20000,3,2,0,5,1.2923076923076922,0.5
proliferation_disabled,801,25000,3,2,0,5,1.2923076923076922,0.5
proliferation_disabled,801,30000,3,2,0,5,1.2923076923076922,0.5
proliferation_disabled,801,35000,3,2,0,5,1.2923076923076922,0.5
proliferation_disabled,801,40000,3,2,0,5,1.2923076923076922,0.5
proliferation_disabled,801,45000,3,2,0,5,1.2923076923076922,0.5
proliferation_disabled,801,50000,3,2,0,5,1.2923076923076922,0.5
proliferation_disabled,801,55000,3,2,0,5,1.2923076923076922,0.5
proliferation_disabled,801,60000,3,2,0,5,1.2923076923076922,0.5
proliferation_disabled,801,65000,3,2,0,5,1.2923076923076922,0.5
proliferation_disabled,801,70000,3,2,0,5,1.2923076923076922,0.5
proliferation_disabled,801,75000,3,2,0,5,1.2923076923076922,0.5
proliferation_disabled,801,80000,3,2,0,5,1.2923076923076922,0.5
proliferation_disabled,801,85000,3,2,0,5,1.2923076923076922,0.5
proliferation_disabled,801,90000,3,2,0,5,1.2923076923076922,0.5
proliferation_disabled,801,95000,3,2,0,5,1.2923076923076922,0.5
proliferation_disabled,801,100000,3,2,0,5,1.2923076923076922,0.5
proliferation_disabled,801,105000,3,2,0,5,1.2923076923076922,0.5
proliferation_disabled,801,110000,3,2,0,5,1.2923076923076922,0.5
proliferation_disabled,801,115000,3,2,0,5,1.2923076923076922,0.5
proliferation_disabled,801,120000,3,2,0,5,1.2923076923076922,0.5
proliferation_disabled,801,125000,3,2,0,5,1.2923076923076922,0.5
proliferation_disabled,801,130000,3,2,0,5,1.2923076923076922,0.5
proliferation_disabled,801,135000,3,2,0,5,1.2923076923076922,0.5
proliferation_disabled,801,140000,3,2,0,5,1.2923076923076922,0.5
proliferation_disabled,801,145000,3,2,0,5,1.2923076923076922,0.5
proliferation_disabled,801,150000,3,2,0,5,1.2923076923076922,0.5
proliferation_disabled,801,155000,3,2,0,5,1.2923076923076922,0.5
proliferation_disabled,801,160000,3,2,0,5,1.2923076923076922,0.5
proliferation_disabled,801,165000,3,2,0,5,1.2923076923076922,0.5
proliferation_disabled,801,170000,3,2,0,5,1.2923076923076922,0.5
proliferation_disabled,801,175000,3,2,0,5,1.2923076923076922,0.5
proliferation_disabled,801,180000,3,2,0,5,1.2923076923076922,0.5
proliferation_disabled,801,185000,3,2,0,5,1.2923076923076922,0.5
proliferation_disabled,801,190000,3,2,0,5,1.2923076923076922,0.5
proliferation_disabled,801,195000,3,2,0,5,1.2923076923076922,0.5
proliferation_disabled,801,200000,3,2,0,5,1.2923076923076922,0.5
proliferation_disabled,801,205000,3,2,0,5,1.2923076923076922,0.5
proliferation_disabled,801,210000,3,2,0,5,1.2923076923076922,0.5
proliferation_disabled,802,0,3,2,0,5,1.2923076923076922,0.5
proliferation_disabled,802,5000,3,2,0,5,1.2923076923076922,0.5
proliferation_disabled,802,10000,3,2,0,5,1.2923076923076922,0.5
proliferation_disabled,802,15000,3,2,0,5,1.2923076923076922,0.5
proliferation_disabled,802,20000,3,2,0,5,1.2923076923076922,0.5
proliferation_disabled,802,25000,3,2,0,5,1.2923076923076922,0.5
proliferation_disabled,802,30000,3,2,0,5,1.2923076923076922,0.5
proliferation_disabled,802,35000,3,2,0,5,1.2923076923076922,0.5
proliferation_disabled,802,40000,3,2,0,5,1.2923076923076922,0.5
proliferation_disabled,802,45000,3,2,0,5,1.2923076923076922,0.5
proliferation_disabled,802,50000,3,2,0,5,1.2923076923076922,0.5
proliferation_disabled,802,55000,3,2,0,5,1.2923076923076922,0.5
proliferation_disabled,802,60000,3,2,0,5,1.2923076923076922,0.5
proliferation_disabled,802,65000,3,2,0,5,1.2923076923076922,0.5
proliferation_disabled,802,70000,3,2,0,5,1.2923076923076922,0.5
proliferation_disabled,802,75000,3,2,0,5,1.2923076923076922,0.5
proliferation_disabled,802,80000,3,2,0,5,1.2923076923076922,0.5
proliferation_disabled,802,85000,3,2,0,5,1.2923076923076922,0.5
proliferation_disabled,802,90000,3,2,0,5,1.2923076923076922,0.5
proliferation_disabled,802,95000,3,2,0,5,1.2923076923076922,0.5
proliferation_disabled,802,100000,3,2,0,5,1.2923076923076922,0.5
proliferation_disabled,802,105000,3,2,0,5,1.2923076923076922,0.5
proliferation_disabled,802,110000,3,2,0,5,1.2923076923076922,0.5
proliferation_disabled,802,115000,3,2,0,5,1.2923076923076922,0.5
proliferation_disabled,802,120000,3,2,0,5,1.2923076923076922,0.5
proliferation_disabled,802,125000,3,2,0,5,1.2923076923076922,0.5
proliferation_disabled,802,130000,3,2,0,5,1.2923076923076922,0.5
proliferation_disabled,802,135000,3,2,0,5,1.2923076923076922,0.5
proliferation_disabled,802,140000,3,2,0,5,1.2923076923076922,0.5
proliferation_disabled,802,145000,3,2,0,5,1.2923076923076922,0.5
proliferation_disabled,802,150000,3,2,0,5,1.2923076923076922,0.5
proliferation_disabled,802,155000,3,2,0,5,1.2923076923076922,0.5
proliferation_disabled,802,160000,3,2,0,5,1.2923076923076922,0.5
proliferation_disabled,802,165000,3,2,0,5,1.2923076923076922,0.5
proliferation_disabled,802,170000,3,2,0,5,1.2923076923076922,0.5
proliferation_disabled,802,175000,3,2,0,5,1.2923076923076922,0.5
proliferation_disabled,802,180000,3,2,0,5,1.2923076923076922,0.5
proliferation_disabled,802,185000,3,2,0,5,1.2923076923076922,0.5
proliferation_disabled,802,190000,3,2,0,5,1.2923076923076922,0.5
proliferation_disabled,802,195000,3,2,0,5,1.2923076923076922,0.5
proliferation_disabled,802,200000,3,2,0,5,1.2923076923076922,0.5
proliferation_disabled,802,205000,3,2,0,5,1.2923076923076922,0.5
proliferation_disabled,802,210000,3,2,0,5,1.2923076923076922,0.5
proliferation_disabled,803,0,3,2,0,5,1.2923076923076922,0.5
proliferation_disabled,803,5000,3,2,0,5,1.2923076923076922,0.5
proliferation_disabled,803,10000,3,2,0,5,1.2923076923076922,0.5
proliferation_disabled,803,15000,3,2,0,5,1.2923076923076922,0.5
proliferation_disabled,803,20000,3,2,0,5,1.2923076923076922,0.5
proliferation_disabled,803,25000,3,2,0,5,1.2923076923076922,0.5
proliferation_disabled,803,30000,3,2,0,5,1.2923076923076922,0.5
proliferation_disabled,803,35000,3,2,0,5,1.2923076923076922,0.5
proliferation_disabled,803,40000,3,2,0,5,1.2923076923076922,0.5
proliferation_disabled,803,45000,3,2,0,5,1.2923076923076922,0.5
proliferation_disabled,803,50000,3,2,0,5,1.2923076923076922,0.5
proliferation_disabled,803,55000,3,2,0,5,1.2923076923076922,0.5
proliferation_disabled,803,60000,3,2,0,5,1.2923076923076922,0.5
proliferation_disabled,803,65000,3,2,0,5,1.2923076923076922,0.5
proliferation_disabled,803,70000,3,2,0,5,1.2923076923076922,0.5
proliferation_disabled,803,75000,3,2,0,5,1.2923076923076922,0.5
proliferation_disabled,803,80000,3,2,0,5,1.2923076923076922,0.5
proliferation_disabled,803,85000,3,2,0,5,1.2923076923076922,0.5
proliferation_disabled,803,90000,3,2,0,5,1.2923076923076922,0.5
proliferation_disabled,803,95000,3,2,0,5,1.2923076923076922,0.5
proliferation_disabled,803,100000,3,2,0,5,1.2923076923076922,0.5
proliferation_disabled,803,105000,3,2,0,5,1.2923076923076922,0.5
proliferation_disabled,803,110000,3,2,0,5,1.2923076923076922,0.5
proliferation_disabled,803,115000,3,2,0,5,1.2923076923076922,0.5
proliferation_disabled,803,120000,3,2,0,5,1.2923076923076922,0.5
proliferation_disabled,803,125000,3,2,0,5,1.2923076923076922,0.5
proliferation_disabled,803,130000,3,2,0,5,1.2923076923076922,0.5
proliferation_disabled,803,135000,3,2,0,5,1.2923076923076922,0.5
proliferation_disabled,803,140000,3,2,0,5,1.2923076923076922,0.5
proliferation_disabled,803,145000,3,2,0,5,1.2923076923076922,0.5
proliferation_disabled,803,150000,3,2,0,5,1.2923076923076922,0.5
proliferation_disabled,803,155000,3,2,0,5,1.2923076923076922,0.5
proliferation_disabled,803,160000,3,2,0,5,1.2923076923076922,0.5
proliferation_disabled,803,165000,3,2,0,5,1.2923076923076922,0.5
proliferation_disabled,803,170000,3,2,0,5,1.2923076923076922,0.5
proliferation_disabled,803,175000,3,2,0,5,1.2923076923076922,0.5
proliferation_disabled,803,180000,3,2,0,5,1.2923076923076922,0.5
proliferation_disabled,803,185000,3,2,0,5,1.2923076923076922,0.5
proliferation_disabled,803,190000,3,2,0,5,1.2923076923076922,0.5
proliferation_disabled,803,195000,3,2,0,5,1.2923076923076922,0.5
proliferation_disabled,803,200000,3,2,0,5,1.2923076923076922,0.5
proliferation_disabled,803,205000,3,2,0,5,1.2923076923076922,0.5
proliferation_disabled,803,210000,3,2,0,5,1.2923076923076922,0.5
proliferation_disabled,804,0,3,2,0,5,1.2923076923076922,0.5
proliferation_disabled,804,5000,3,2,0,5,1.2923076923076922,0.5
proliferation_disabled,804,10000,3,2,0,5,1.2923076923076922,0.5
proliferation_disabled,804,15000,3,2,0,5,1.2923076923076922,0.5
proliferation_disabled,804,20000,3,2,0,5,1.2923076923076922,0.5
proliferation_disabled,804,25000,3,2,0,5,1.2923076923076922,0.5
proliferation_disabled,804,30000,3,2,0,5,1.2923076923076922,0.5
proliferation_disabled,804,35000,3,2,0,5,1.2923076923076922,0.5
proliferation_disabled,804,40000,3,2,0,5,1.2923076923076922,0.5
proliferation_disabled,804,45000,3,2,0,5,1.2923076923076922,0.5
proliferation_disabled,804,50000,3,2,0,5,1.2923076923076922,0.5
proliferation_disabled,804,55000,3,2,0,5,1.2923076923076922,0.5
proliferation_disabled,804,60000,3,2,0,5,1.2923076923076922,0.5
proliferation_disabled,804,65000,3,2,0,5,1.2923076923076922,0.5
proliferation_disabled,804,70000,3,2,0,5,1.2923076923076922,0.5
proliferation_disabled,804,75000,3,2,0,5,1.2923076923076922,0.5
proliferation_disabled,804,80000,3,2,0,5,1.2923076923076922,0.5
proliferation_disabled,804,85000,3,2,0,5,1.2923076923076922,0.5
proliferation_disabled,804,90000,3,2,0,5,1.2923076923076922,0.5
proliferation_disabled,804,95000,3,2,0,5,1.2923076923076922,0.5
proliferation_disabled,804,100000,3,2,0,5,1.2923076923076922,0.5
proliferation_disabled,804,105000,3,2,0,5,1.2923076923076922,0.5
proliferation_disabled,804,110000,3,2,0,5,1.2923076923076922,0.5
proliferation_disabled,804,115000,3,2,0,5,1.2923076923076922,0.5
proliferation_disabled,804,120000,3,2,0,5,1.2923076923076922,0.5
proliferation_disabled,804,125000,3,2,0,5,1.2923076923076922,0.5
proliferation_disabled,804,130000,3,2,0,5,1.2923076923076922,0.5
proliferation_disabled,804,135000,3,2,0,5,1.2923076923076922,0.5
proliferation_disabled,804,140000,3,2,0,5,1.2923076923076922,0.5
proliferation_disabled,804,145000,3,2,0,5,1.2923076923076922,0.5
proliferation_disabled,804,150000,3,2,0,5,1.2923076923076922,0.5
proliferation_disabled,804,155000,3,2,0,5,1.2923076923076922,0.5
proliferation_disabled,804,160000,3,2,0,5,1.2923076923076922,0.5
proliferation_disabled,804,165000,3,2,0,5,1.2923076923076922,0.5
proliferation_disabled,804,170000,3,2,0,5,1.2923076923076922,0.5
proliferation_disabled,804,175000,3,2,0,5,1.2923076923076922,0.5
proliferation_disabled,804,180000,3,2,0,5,1.2923076923076922,0.5
proliferation_disabled,804,185000,3,2,0,5,1.2923076923076922,0.5
proliferation_disabled,804,190000,3,2,0,5,1.2923076923076922,0.5
proliferation_disabled,804,195000,3,2,0,5,1.2923076923076922,0.5
proliferation_disabled,804,200000,3,2,0,5,1.2923076923076922,0.5
proliferation_disabled,804,205000,3,2,0,5,1.2923076923076922,0.5
proliferation_disabled,804,210000,3,2,0,5,1.2923076923076922,0.5
