seed,episode,ticks_to_goal
4000,0,202
4000,1,202
4000,2,202
4000,3,202
4000,4,202
4001,0,202
4001,1,202
4001,2,202
4001,3,202
4001,4,202
4002,0,202
4002,1,202
4002,2,202
4002,3,202
4002,4,202
4003,0,210
4003,1,210
4003,2,210
4003,3,210
4003,4,210
4004,0,186
4004,1,186
4004,2,186
4004,3,186
4004,4,186
4005,0,194
4005,1,194
4005,2,194
4005,3,194
4005,4,194
4006,0,194
4006,1,194
4006,2,194
4006,3,194
4006,4,194
4007,0,202
4007,1,202
4007,2,202
4007,3,202
4007,4,202
4008,0,202
4008,1,202
4008,2,202
4008,3,202
4008,4,202
4009,0,210
4009,1,210
4009,2,210
4009,3,210
4009,4,210
4010,0,194
4010,1,194
4010,2,194
4010,3,194
4010,4,194
4011,0,210
4011,1,210
4011,2,210
4011,3,210
4011,4,210
4012,0,202
4012,1,202
4012,2,202
4012,3,202
4012,4,202
4013,0,202
4013,1,202
4013,2,202
4013,3,202
4013,4,202
4014,0,210
4014,1,210
4014,2,210
4014,3,210
4014,4,210
4015,0,202
4015,1,202
4015,2,202
4015,3,202
4015,4,202
4016,0,202
4016,1,202
4016,2,202
4016,3,202
4016,4,202
4017,0,202
4017,1,202
4017,2,202
4017,3,202
4017,4,202
4018,0,202
4018,1,202
4018,2,202
4018,3,202
4018,4,202
4019,0,194
4019,1,194
4019,2,194
4019,3,194
4019,4,194
4020,0,194
4020,1,194
4020,2,194
4020,3,194
4020,4,194
4021,0,202
4021,1,202
4021,2,202
4021,3,202
4021,4,202
4022,0,202
4022,1,202
4022,2,202
4022,3,202
4022,4,202
4023,0,202
4023,1,202
4023,2,202
4023,3,202
4023,4,202
4024,0,210
4024,1,210
4024,2,210
4024,3,210
4024,4,210
4025,0,202
4025,1,202
4025,2,202
4025,3,202
4025,4,202
4026,0,210
4026,1,210
4026,2,210
4026,3,210
4026,4,210
4027,0,202
4027,1,202
4027,2,202
4027,3,202
4027,4,202
4028,0,202
4028,1,202
4028,2,202
4028,3,202
4028,4,202
4029,0,202
4029,1,202
4029,2,202
4029,3,202
4029,4,202
4030,0,202
4030,1,202
4030,2,202
4030,3,202
4030,4,202
4031,0,202
4031,1,202
4031,2,202
4031,3,202
4031,4,202
4032,0,202
4032,1,202
4032,2,202
4032,3,202
4032,4,202
4033,0,195
4033,1,195
4033,2,195
4033,3,195
4033,4,195
4034,0,210
4034,1,210
4034,2,210
4034,3,210
4034,4,210
4035,0,194
4035,1,194
4035,2,194
4035,3,194
4035,4,194
4036,0,202
4036,1,202
4036,2,202
4036,3,202
4036,4,202
4037,0,202
4037,1,202
4037,2,202
4037,3,202
4037,4,202
4038,0,210
4038,1,210
4038,2,210
4038,3,210
4038,4,210
4039,0,194
4039,1,194
4039,2,194
4039,3,194
4039,4,194
