seed,goal_tick,reached,escaped_goal,ticks,start_max_abs_position,start_mean_abs_position,start_settled_fraction,start_max_abs_velocity,start_total_energy_proxy,end_max_abs_position,end_mean_abs_position,end_settled_fraction,end_max_abs_velocity,end_total_energy_proxy
4000,202,True,True,202,8.921224362743484,2.922685473319872,0.0,0.0,120.54557561943533,0.0005313503708568916,0.00017407588319738097,1.0,0.0007154632004587783,1.2029390206269573e-06
4001,194,True,True,194,7.252465423009687,4.609979528997774,0.0,0.0,210.60907494498875,0.0003688462461740278,0.00023445456752061372,1.0,0.0008394258741643122,3.3661866531063575e-06
4002,202,True,True,202,9.488965535907214,6.75777549464621,0.0,0.0,394.4268892978355,0.0005651651781798749,0.0004024948111655429,1.0,0.0007609948338162235,3.936034097334197e-06
4003,202,True,True,202,9.508510780646287,5.614626071845995,0.0,0.0,311.5058636176734,0.0005663292978811992,0.0003344085435130453,1.0,0.0007625623208321496,3.1085550554157614e-06
4004,202,True,True,202,9.96986353718465,3.1920116021952665,0.0,0.0,155.9465466917814,0.0005938075843041072,0.00019011701529322058,1.0,0.0007995618296789288,1.5562096342698292e-06
4005,194,True,True,194,8.504192484820521,4.854468256151896,0.0,0.0,235.86689997357993,0.0004325066431637981,0.00024688878733179103,1.0,0.0009843051699334525,3.769885085949043e-06
4006,194,True,True,194,8.177010317925799,4.50276915928001,0.0,0.0,227.4911274390419,0.0004158667962930576,0.00022900205722034152,1.0,0.000946435954371913,3.6360142462305664e-06
4007,202,True,True,202,8.895123185217162,5.75492293726385,0.0,0.0,329.7677791957658,0.000529795778146912,0.00034276466016684877,1.0,0.0007133699415910036,3.290792941189655e-06
4008,202,True,True,202,9.17083923986394,4.023875026058388,0.0,0.0,206.96279130339647,0.0005462174958317152,0.00023966301041670004,1.0,0.0007354817821696627,2.0653069695623805e-06
4009,202,True,True,202,9.998624647034147,5.588274639903709,0.0,0.0,327.42708481305147,0.000595520603253458,0.0003328390455869961,1.0,0.0008018684094559826,3.2674348660893377e-06
4010,202,True,True,202,9.3109396128207,4.427977030404608,0.0,0.0,223.0475689436775,0.0005545619093450282,0.0002637314276140171,1.0,0.0007467175338048003,2.225818929973833e-06
4011,202,True,True,202,9.054776816897917,5.789486147562588,0.0,0.0,325.58737564892,0.000539304788676509,0.0003448232536808662,1.0,0.0007261738229465939,3.2490761836676323e-06
4012,202,True,True,202,9.641743600894731,5.70130764608758,0.0,0.0,314.8722007961498,0.0005742646782248388,0.0003395713199153601,1.0,0.000773247309361213,3.142148145230698e-06
4013,202,True,True,202,9.237030872173296,4.157940980434442,0.0,0.0,186.60140148712347,0.0005501598861298558,0.00024764801243889936,1.0,0.0007407902101578027,1.8621181739692756e-06
4014,202,True,True,202,9.647598686542295,5.869333178559293,0.0,0.0,337.10943930012434,0.0005746134086012698,0.00034957896296546905,1.0,0.0007737168747645739,3.3640562639647243e-06
4015,202,True,True,202,9.673676818692945,5.0114415429203945,0.0,0.0,278.9495556799508,0.000576166628722865,0.0002984827209904966,1.0,0.0007758082854422823,2.7836716825952335e-06
4016,202,True,True,202,9.16183890104348,5.549719202921116,0.0,0.0,281.709018187218,0.0005456814333838227,0.0003305426740457974,1.0,0.0007347599741581326,2.811208695952142e-06
4017,194,True,True,194,7.36546461752895,5.564327320563697,0.0,0.0,256.7113792305902,0.00037459316481315574,0.00028299083483555496,1.0,0.0008525047986550461,4.103044556329071e-06
4018,202,True,True,202,9.510174407388607,3.529358729986467,0.0,0.0,173.54490774577633,0.0005664283839091435,0.00021020949522321123,1.0,0.000762695740154994,1.73182582841175e-06
4019,194,True,True,194,7.687515284172801,3.4713004351290326,0.0,0.0,131.16569156366464,0.0003909720335896329,0.00017654356969112872,1.0,0.0008897800763164913,2.0964348302769034e-06
4020,194,True,True,194,8.462966796987853,4.95357905253775,0.0,0.0,262.06358179411535,0.0004304099850873889,0.00025192936912984525,1.0,0.0009795335637239064,4.188589364114617e-06
4021,202,True,True,202,9.712504883760293,6.125171190494821,0.0,0.0,369.71201029308367,0.0005784792380614854,0.00036481673941787357,1.0,0.0007789222135950955,3.6894013014632836e-06
4022,202,True,True,202,9.566779542275853,4.950077318204008,0.0,0.0,252.98934066207784,0.0005697998000053834,0.00029482785230491995,1.0,0.0007672353514596889,2.52461152656384e-06
4023,202,True,True,202,9.953947497599096,4.761409399903158,0.0,0.0,279.17330619446324,0.000592859620976151,0.0002835907435537251,1.0,0.0007982853971896767,2.7859045163048876e-06
4024,202,True,True,202,9.601117286753315,4.415574413565114,0.0,0.0,235.07760135037003,0.0005718449647182777,0.00026299272463006513,1.0,0.00076998916546116,2.3458680925171616e-06
4025,195,True,True,195,8.732816359426295,4.834228254553494,0.0,0.0,267.3668199404617,0.0005470620352269662,0.00030283732519270336,1.0,0.0009911960427442103,4.4936680119042364e-06
4026,202,True,True,202,9.798852848185327,6.875511673401504,0.0,0.0,414.31973026313705,0.0005836221445790676,0.00040950720763728246,1.0,0.0007858471365057488,4.134547186722351e-06
4027,202,True,True,202,9.533823142453809,4.014137466899142,0.0,0.0,190.80666874722397,0.0005678369085282134,0.0002390830389396779,1.0,0.000764592318358678,1.9040830495223194e-06
4028,194,True,True,194,7.6164154925997565,3.067067662807652,0.0,0.0,106.85673346279727,0.0003873560368635745,0.0001559850793082287,1.0,0.0008815507361937847,1.7079022357938062e-06
4029,202,True,True,202,9.453254195782119,5.32377027311772,0.0,0.0,293.8527765904031,0.000563038201764114,0.00031708509885610363,1.0,0.0007581308603682214,2.9323927441031652e-06
4030,194,True,True,194,8.157650060363931,3.8843558699246543,0.0,0.0,172.5831186323593,0.00041488217135379464,0.00019755076347970999,1.0,0.0009441951300204636,2.7584138558296363e-06
4031,202,True,True,202,9.452640037472065,4.815713876128861,0.0,0.0,255.81890156881695,0.0005630016223404228,0.0002868251318404069,1.0,0.0007580816061793085,2.5528480604097867e-06
4032,202,True,True,202,9.434592246014422,5.638345372650436,0.0,0.0,304.9776793673526,0.0005619266913338418,0.0003358212710453267,1.0,0.0007566342117284497,3.043409507533149e-06
4033,202,True,True,202,9.647166038597259,5.138413369191591,0.0,0.0,266.8584935236032,0.0005745876399806517,0.00030604519495531796,1.0,0.0007736821773204948,2.6630134967268894e-06
4034,202,True,True,202,9.278997233211403,7.013223926781558,0.0,0.0,446.11465918277884,0.000552659413167225,0.00041770938414689,1.0,0.0007441558229659859,4.451832665338721e-06
4035,194,True,True,194,8.6042010703573,5.708947618417154,0.0,0.0,303.0631915800218,0.0004375928847670152,0.00029034594111632106,1.0,0.0009958805156182187,4.84389037277218e-06
4036,202,True,True,202,9.174587665692133,6.717189988118572,0.0,0.0,398.0490627708671,0.0005464407530185057,0.00040007752817074074,1.0,0.0007357823979406257,3.972180208776279e-06
4037,202,True,True,202,9.810399204271903,3.8593295152380085,0.0,0.0,185.10195285853678,0.0005843098484568295,0.00022986263833297876,1.0,0.0007867731296815095,1.8471549929857827e-06
4038,194,True,True,194,7.164020688893739,5.401181018247453,0.0,0.0,256.37790119588806,0.00036434811949988776,0.0002746935321010116,1.0,0.0008291889693436482,4.0977145423692684e-06
4039,194,True,True,194,8.20202669417215,5.050580346628959,0.0,0.0,241.19103973392703,0.000417139080396898,0.00025686266575557665,1.0,0.000949331437807434,3.854981363045529e-06
