arm,run,seed,split,burden,endpoint_infected,extinct
baseline,1,10001,discovery,68,0,True
baseline,2,10002,discovery,114,0,True
baseline,3,10003,discovery,1,0,True
baseline,4,10004,discovery,428,9,False
baseline,5,10005,discovery,1342,17,False
baseline,6,10006,discovery,374,7,False
baseline,7,10007,discovery,278,3,False
baseline,8,10008,discovery,917,17,False
baseline,14,10014,confirmation,80,0,True
baseline,15,10015,confirmation,441,10,False
baseline,16,10016,confirmation,308,2,False
baseline,17,10017,confirmation,265,4,False
baseline,18,10018,confirmation,332,8,False
baseline,19,10019,confirmation,60,0,True
baseline,20,10020,confirmation,591,10,False
baseline,21,10021,confirmation,16,0,True
random-10,1,10001,discovery,140,3,False
random-10,2,10002,discovery,139,0,True
random-10,3,10003,discovery,178,2,False
random-10,4,10004,discovery,226,5,False
random-10,5,10005,discovery,799,12,False
random-10,6,10006,discovery,484,4,False
random-10,7,10007,discovery,517,14,False
random-10,8,10008,discovery,423,8,False
random-10,14,10014,confirmation,2,0,True
random-10,15,10015,confirmation,249,1,False
random-10,16,10016,confirmation,14,0,True
random-10,17,10017,confirmation,292,2,False
random-10,18,10018,confirmation,277,1,False
random-10,19,10019,confirmation,269,4,False
random-10,20,10020,confirmation,529,5,False
random-10,21,10021,confirmation,57,0,True
degree-10,1,10001,discovery,5,0,True
degree-10,2,10002,discovery,337,3,False
degree-10,3,10003,discovery,35,0,True
degree-10,4,10004,discovery,100,1,False
degree-10,5,10005,discovery,526,4,False
degree-10,6,10006,discovery,432,8,False
degree-10,7,10007,discovery,55,0,True
degree-10,8,10008,discovery,30,0,True
degree-10,14,10014,confirmation,15,0,True
degree-10,15,10015,confirmation,301,4,False
degree-10,16,10016,confirmation,348,0,True
degree-10,17,10017,confirmation,275,2,False
degree-10,18,10018,confirmation,411,4,False
degree-10,19,10019,confirmation,275,5,False
degree-10,20,10020,confirmation,376,4,False
degree-10,21,10021,confirmation,6,0,True
random-20,1,10001,discovery,6,0,True
random-20,2,10002,discovery,62,0,True
random-20,3,10003,discovery,323,6,False
random-20,4,10004,discovery,1,0,True
random-20,5,10005,discovery,189,2,False
random-20,6,10006,discovery,275,3,False
random-20,7,10007,discovery,4,0,True
random-20,8,10008,discovery,241,0,True
random-20,14,10014,confirmation,52,0,True
random-20,15,10015,confirmation,295,2,False
random-20,16,10016,confirmation,35,0,True
random-20,17,10017,confirmation,33,0,True
random-20,18,10018,confirmation,29,0,True
random-20,19,10019,confirmation,176,0,True
random-20,20,10020,confirmation,220,1,False
random-20,21,10021,confirmation,53,0,True
degree-20,1,10001,discovery,6,0,True
degree-20,2,10002,discovery,246,2,False
degree-20,3,10003,discovery,8,0,True
degree-20,4,10004,discovery,16,0,True
degree-20,5,10005,discovery,569,8,False
degree-20,6,10006,discovery,34,0,True
degree-20,7,10007,discovery,2,0,True
degree-20,8,10008,discovery,379,4,False
degree-20,14,10014,confirmation,0,0,True
degree-20,15,10015,confirmation,88,0,True
degree-20,16,10016,confirmation,180,3,False
degree-20,17,10017,confirmation,405,5,False
degree-20,18,10018,confirmation,8,0,True
degree-20,19,10019,confirmation,34,0,True
degree-20,20,10020,confirmation,31,0,True
degree-20,21,10021,confirmation,21,0,True
