boost,seed,relocate,sham,retention_ratio
0,701,0.4635368057163316,0.30062182925587183,1.0
0,702,0.4393320264005448,0.31429083233053673,1.0
0,703,0.5970842252383508,0.8584452153174774,0.695541444677436
0,704,0.5923458091751714,0.3231527249756316,1.0
0,705,0.5839148717917416,0.32423116646660033,1.0
0,706,0.43828624766844093,0.8114841911372259,0.5401044807221939
20,701,0.550904655829623,0.7829971510448095,0.7035844959263405
20,702,0.43650827267785547,0.7338565793522566,0.5948141434708434
20,703,0.5646374442901795,0.7834399228606739,0.7207156896325209
20,704,0.5697675441427889,0.8004533993606463,0.7118060146885311
20,705,0.565923816942453,0.8156387650245758,0.6938412459165073
20,706,0.560552330508358,0.7568388228002415,0.7406495460081717
40,701,0.5904399068828562,0.8641191431110654,0.6832852987808035
40,702,0.5774890277485704,0.8641191431110654,0.6682979220544193
40,703,0.5858576945149389,0.8405485623921873,0.6969944637673254
40,704,0.5879249686440757,0.8641191431110654,0.6803748919707818
40,705,0.6168659760715788,0.8561167622248751,0.7205395377009887
40,706,0.6066395129004761,0.8561167622248751,0.7085943643060348
60,701,0.44221850262334655,0.8561167622248749,0.5165399419047816
60,702,0.5812173994455332,0.8805812589015757,0.6600383480458525
60,703,0.6050817055610962,0.8722725368824437,0.6936842328244058
60,704,0.4466127770535375,0.8890497905340355,0.5023484419081473
60,705,0.6002703408357238,0.8805812589015757,0.6816751262506908
60,706,0.44398609273033784,0.8722725368824437,0.5089992794192189
80,701,0.4522145535843657,0.8805812589015757,0.5135409696868312
80,702,0.4501289766237032,0.8890497905340355,0.5063034505112691
80,703,0.4528290691168976,0.8890497905340355,0.5093405048156995
80,704,0.4419755545245146,0.8805812589015757,0.5019134237263106
80,705,0.5925397032767705,0.8805812589015757,0.6728961095718707
80,706,0.5864616780790688,0.8890497905340355,0.6596499817257617
