run_id,seed,activation_schedule,branch_tick,freeze_mode,freeze_count,reached_goal,representation,predicted_probability,predicted_goal,row_log_loss,predicted_time_to_goal_per_cell
discovery:n12:seed201:index:t4:moveable:k2,201,index,4,moveable,2,False,Value-only macro,0.35071132404269284,False,0.43187786000587847,
discovery:n12:seed201:index:t4:moveable:k3,201,index,4,moveable,3,False,Value-only macro,0.35071132404269284,False,0.43187786000587847,
discovery:n12:seed201:index:t4:immovable:k1,201,index,4,immovable,1,True,Value-only macro,0.35071132404269284,False,1.047791832529272,1.018655468314775
discovery:n12:seed201:shuffled:t4:moveable:k2,201,shuffled,4,moveable,2,True,Value-only macro,0.3722879419779186,False,0.9880876865465299,0.8021307963546137
discovery:n12:seed201:shuffled:t4:moveable:k3,201,shuffled,4,moveable,3,False,Value-only macro,0.3722879419779186,False,0.4656737239943743,
discovery:n12:seed201:shuffled:t4:immovable:k1,201,shuffled,4,immovable,1,False,Value-only macro,0.3722879419779186,False,0.4656737239943743,
discovery:n12:seed202:index:t4:moveable:k2,202,index,4,moveable,2,True,Value-only macro,0.5581221871546781,True,0.5831773671765204,0.6531321836979384
discovery:n12:seed202:index:t4:moveable:k3,202,index,4,moveable,3,True,Value-only macro,0.5581221871546781,True,0.5831773671765204,0.6531321836979384
discovery:n12:seed202:index:t4:immovable:k1,202,index,4,immovable,1,False,Value-only macro,0.5581221871546781,True,0.8167218766478621,
discovery:n12:seed202:shuffled:t4:moveable:k2,202,shuffled,4,moveable,2,True,Value-only macro,0.4987737342230631,False,0.6956027244956461,0.7391918168744764
discovery:n12:seed202:shuffled:t4:moveable:k3,202,shuffled,4,moveable,3,True,Value-only macro,0.4987737342230631,False,0.6956027244956461,0.7391918168744764
discovery:n12:seed202:shuffled:t4:immovable:k1,202,shuffled,4,immovable,1,False,Value-only macro,0.4987737342230631,False,0.690697651553357,
discovery:n12:seed203:index:t4:moveable:k2,203,index,4,moveable,2,True,Value-only macro,0.7248317410990066,True,0.32181573230523086,0.5449591541386737
discovery:n12:seed203:index:t4:moveable:k3,203,index,4,moveable,3,False,Value-only macro,0.7248317410990066,True,1.2903725178707302,
discovery:n12:seed203:index:t4:immovable:k1,203,index,4,immovable,1,True,Value-only macro,0.7248317410990066,True,0.32181573230523086,0.5449591541386737
discovery:n12:seed203:shuffled:t4:moveable:k2,203,shuffled,4,moveable,2,True,Value-only macro,0.594702580616747,True,0.5196938629200887,0.4560075810541203
discovery:n12:seed203:shuffled:t4:moveable:k3,203,shuffled,4,moveable,3,False,Value-only macro,0.594702580616747,True,0.9031341125449199,
discovery:n12:seed203:shuffled:t4:immovable:k1,203,shuffled,4,immovable,1,True,Value-only macro,0.594702580616747,True,0.5196938629200887,0.4560075810541203
discovery:n12:seed204:index:t4:moveable:k2,204,index,4,moveable,2,True,Value-only macro,0.6303899504549121,True,0.4614166821027941,0.5322510228445887
discovery:n12:seed204:index:t4:moveable:k3,204,index,4,moveable,3,False,Value-only macro,0.6303899504549121,True,0.9953067492566394,
discovery:n12:seed204:index:t4:immovable:k1,204,index,4,immovable,1,False,Value-only macro,0.6303899504549121,True,0.9953067492566394,
discovery:n12:seed204:shuffled:t4:moveable:k2,204,shuffled,4,moveable,2,True,Value-only macro,0.7071840063022536,True,0.34646438343726954,0.4435476911385746
discovery:n12:seed204:shuffled:t4:moveable:k3,204,shuffled,4,moveable,3,True,Value-only macro,0.7071840063022536,True,0.34646438343726954,0.4435476911385746
discovery:n12:seed204:shuffled:t4:immovable:k1,204,shuffled,4,immovable,1,False,Value-only macro,0.7071840063022536,True,1.228210875102125,
discovery:n12:seed205:index:t4:moveable:k2,205,index,4,moveable,2,True,Value-only macro,0.4661932276274655,False,0.7631550792396078,0.7243269220162483
discovery:n12:seed205:index:t4:moveable:k3,205,index,4,moveable,3,False,Value-only macro,0.4661932276274655,False,0.6277213549949018,
discovery:n12:seed205:index:t4:immovable:k1,205,index,4,immovable,1,False,Value-only macro,0.4661932276274655,False,0.6277213549949018,
discovery:n12:seed205:shuffled:t4:moveable:k2,205,shuffled,4,moveable,2,True,Value-only macro,0.5433572664332474,True,0.6099882261694034,0.6907992737280062
discovery:n12:seed205:shuffled:t4:moveable:k3,205,shuffled,4,moveable,3,True,Value-only macro,0.5433572664332474,True,0.6099882261694034,0.6907992737280062
discovery:n12:seed205:shuffled:t4:immovable:k1,205,shuffled,4,immovable,1,True,Value-only macro,0.5433572664332474,True,0.6099882261694034,0.6907992737280062
discovery:n12:seed206:index:t4:moveable:k2,206,index,4,moveable,2,True,Value-only macro,0.3271912377316633,False,1.1172104541608299,0.7936183767117864
discovery:n12:seed206:index:t4:moveable:k3,206,index,4,moveable,3,True,Value-only macro,0.3271912377316633,False,1.1172104541608299,0.7936183767117864
discovery:n12:seed206:index:t4:immovable:k1,206,index,4,immovable,1,False,Value-only macro,0.3271912377316633,False,0.39629414682268654,
discovery:n12:seed206:shuffled:t4:moveable:k2,206,shuffled,4,moveable,2,True,Value-only macro,0.34377760151564646,False,1.0677603379066083,0.7197391949234259
discovery:n12:seed206:shuffled:t4:moveable:k3,206,shuffled,4,moveable,3,True,Value-only macro,0.34377760151564646,False,1.0677603379066083,0.7197391949234259
discovery:n12:seed206:shuffled:t4:immovable:k1,206,shuffled,4,immovable,1,False,Value-only macro,0.34377760151564646,False,0.4212555254132407,
discovery:n12:seed207:index:t4:moveable:k2,207,index,4,moveable,2,True,Value-only macro,0.4857892891444366,False,0.7219803105277762,0.5842240490680193
discovery:n12:seed207:index:t4:moveable:k3,207,index,4,moveable,3,True,Value-only macro,0.4857892891444366,False,0.7219803105277762,0.5842240490680193
discovery:n12:seed207:index:t4:immovable:k1,207,index,4,immovable,1,False,Value-only macro,0.4857892891444366,False,0.6651221542320076,
discovery:n12:seed207:shuffled:t4:moveable:k2,207,shuffled,4,moveable,2,True,Value-only macro,0.6273486420907999,True,0.4662528448949104,0.6189656186757306
discovery:n12:seed207:shuffled:t4:moveable:k3,207,shuffled,4,moveable,3,False,Value-only macro,0.6273486420907999,True,0.9871119937346005,
discovery:n12:seed207:shuffled:t4:immovable:k1,207,shuffled,4,immovable,1,False,Value-only macro,0.6273486420907999,True,0.9871119937346005,
discovery:n12:seed208:index:t4:moveable:k2,208,index,4,moveable,2,False,Value-only macro,0.46486711823149846,False,0.6252401857892391,
discovery:n12:seed208:index:t4:moveable:k3,208,index,4,moveable,3,False,Value-only macro,0.46486711823149846,False,0.6252401857892391,
discovery:n12:seed208:index:t4:immovable:k1,208,index,4,immovable,1,False,Value-only macro,0.46486711823149846,False,0.6252401857892391,
discovery:n12:seed208:shuffled:t4:moveable:k2,208,shuffled,4,moveable,2,True,Value-only macro,0.47161810753169386,False,0.7515857151024776,0.7766417627735757
discovery:n12:seed208:shuffled:t4:moveable:k3,208,shuffled,4,moveable,3,False,Value-only macro,0.47161810753169386,False,0.6379359755276853,
discovery:n12:seed208:shuffled:t4:immovable:k1,208,shuffled,4,immovable,1,False,Value-only macro,0.47161810753169386,False,0.6379359755276853,
discovery:n12:seed209:index:t4:moveable:k2,209,index,4,moveable,2,True,Value-only macro,0.4716204268714444,False,0.7515807972801751,0.5477911598569494
discovery:n12:seed209:index:t4:moveable:k3,209,index,4,moveable,3,True,Value-only macro,0.4716204268714444,False,0.7515807972801751,0.5477911598569494
discovery:n12:seed209:index:t4:immovable:k1,209,index,4,immovable,1,False,Value-only macro,0.4716204268714444,False,0.6379403650513877,
discovery:n12:seed209:shuffled:t4:moveable:k2,209,shuffled,4,moveable,2,True,Value-only macro,0.46035312708764464,False,0.7757614164232061,0.6677576078796994
discovery:n12:seed209:shuffled:t4:moveable:k3,209,shuffled,4,moveable,3,False,Value-only macro,0.46035312708764464,False,0.6168402923864139,
discovery:n12:seed209:shuffled:t4:immovable:k1,209,shuffled,4,immovable,1,True,Value-only macro,0.46035312708764464,False,0.7757614164232061,0.6677576078796994
discovery:n12:seed210:index:t4:moveable:k2,210,index,4,moveable,2,True,Value-only macro,0.43787618580977516,False,0.8258190893670394,0.5020348413394475
discovery:n12:seed210:index:t4:moveable:k3,210,index,4,moveable,3,True,Value-only macro,0.43787618580977516,False,0.8258190893670394,0.5020348413394475
discovery:n12:seed210:index:t4:immovable:k1,210,index,4,immovable,1,False,Value-only macro,0.43787618580977516,False,0.5760331434060993,
discovery:n12:seed210:shuffled:t4:moveable:k2,210,shuffled,4,moveable,2,True,Value-only macro,0.48933092759766206,False,0.7147162748414229,0.5574821027554914
discovery:n12:seed210:shuffled:t4:moveable:k3,210,shuffled,4,moveable,3,False,Value-only macro,0.48933092759766206,False,0.672033506390171,
discovery:n12:seed210:shuffled:t4:immovable:k1,210,shuffled,4,immovable,1,False,Value-only macro,0.48933092759766206,False,0.672033506390171,
discovery:n12:seed211:index:t4:moveable:k2,211,index,4,moveable,2,False,Value-only macro,0.6199705288108587,True,0.9675064735080999,
discovery:n12:seed211:index:t4:moveable:k3,211,index,4,moveable,3,True,Value-only macro,0.6199705288108587,True,0.47808333624881894,0.6230170598266618
discovery:n12:seed211:index:t4:immovable:k1,211,index,4,immovable,1,False,Value-only macro,0.6199705288108587,True,0.9675064735080999,
discovery:n12:seed211:shuffled:t4:moveable:k2,211,shuffled,4,moveable,2,False,Value-only macro,0.5176425852021562,True,0.7290699152481217,
discovery:n12:seed211:shuffled:t4:moveable:k3,211,shuffled,4,moveable,3,True,Value-only macro,0.5176425852021562,True,0.6584702648325068,0.5789365027395237
discovery:n12:seed211:shuffled:t4:immovable:k1,211,shuffled,4,immovable,1,False,Value-only macro,0.5176425852021562,True,0.7290699152481217,
discovery:n12:seed212:index:t4:moveable:k2,212,index,4,moveable,2,True,Value-only macro,0.6153930779191042,True,0.485494064257709,0.5005883248899963
discovery:n12:seed212:index:t4:moveable:k3,212,index,4,moveable,3,True,Value-only macro,0.6153930779191042,True,0.485494064257709,0.5005883248899963
discovery:n12:seed212:index:t4:immovable:k1,212,index,4,immovable,1,False,Value-only macro,0.6153930779191042,True,0.9555334478591679,
discovery:n12:seed212:shuffled:t4:moveable:k2,212,shuffled,4,moveable,2,True,Value-only macro,0.5375511940776662,True,0.6207312787201588,0.5599396859541602
discovery:n12:seed212:shuffled:t4:moveable:k3,212,shuffled,4,moveable,3,False,Value-only macro,0.5375511940776662,True,0.7712194180538926,
discovery:n12:seed212:shuffled:t4:immovable:k1,212,shuffled,4,immovable,1,False,Value-only macro,0.5375511940776662,True,0.7712194180538926,
discovery:n12:seed201:index:t4:moveable:k2,201,index,4,moveable,2,False,Intervention-only null,0.782406255350977,True,1.5251255114309104,
discovery:n12:seed201:index:t4:moveable:k3,201,index,4,moveable,3,False,Intervention-only null,0.5743003713380801,True,0.8540212784483406,
discovery:n12:seed201:index:t4:immovable:k1,201,index,4,immovable,1,True,Intervention-only null,0.18708678804606327,False,1.6761826625937863,0.4546068631146286
discovery:n12:seed201:shuffled:t4:moveable:k2,201,shuffled,4,moveable,2,True,Intervention-only null,0.8067337006569824,True,0.21476165196413274,0.6177574496849573
discovery:n12:seed201:shuffled:t4:moveable:k3,201,shuffled,4,moveable,3,False,Intervention-only null,0.610306036281636,True,0.9423935563177049,
discovery:n12:seed201:shuffled:t4:immovable:k1,201,shuffled,4,immovable,1,False,Intervention-only null,0.21083967606738016,False,0.23678577987770436,
discovery:n12:seed202:index:t4:moveable:k2,202,index,4,moveable,2,True,Intervention-only null,0.7388095226150161,True,0.30271514143988015,0.699347396379326
discovery:n12:seed202:index:t4:moveable:k3,202,index,4,moveable,3,True,Intervention-only null,0.48738324567831387,False,0.7187045132724771,0.7458532289680565
discovery:n12:seed202:index:t4:immovable:k1,202,index,4,immovable,1,False,Intervention-only null,0.2315393040846929,False,0.26336586120818295,
discovery:n12:seed202:shuffled:t4:moveable:k2,202,shuffled,4,moveable,2,True,Intervention-only null,0.7642661177197383,True,0.2688392288428155,0.6238628166390686
discovery:n12:seed202:shuffled:t4:moveable:k3,202,shuffled,4,moveable,3,True,Intervention-only null,0.5214729262414375,True,0.6510979210539776,0.6703686492277992
discovery:n12:seed202:shuffled:t4:immovable:k1,202,shuffled,4,immovable,1,False,Intervention-only null,0.25669507078799886,False,0.29664891574859265,
discovery:n12:seed203:index:t4:moveable:k2,203,index,4,moveable,2,True,Intervention-only null,0.7447925096969366,True,0.2946496098677329,0.7501889308074822
discovery:n12:seed203:index:t4:moveable:k3,203,index,4,moveable,3,False,Intervention-only null,0.5703168397406543,True,0.8447071784982173,
discovery:n12:seed203:index:t4:immovable:k1,203,index,4,immovable,1,True,Intervention-only null,0.14571834335881823,False,1.9260796755667173,0.5585422958769909
discovery:n12:seed203:shuffled:t4:moveable:k2,203,shuffled,4,moveable,2,True,Intervention-only null,0.7724352338777674,True,0.25820711336540625,0.582568627383668
discovery:n12:seed203:shuffled:t4:moveable:k3,203,shuffled,4,moveable,3,False,Intervention-only null,0.6068829368918344,True,0.9336478409632485,
discovery:n12:seed203:shuffled:t4:immovable:k1,203,shuffled,4,immovable,1,True,Intervention-only null,0.1655498246434551,False,1.7984830742255944,0.3909219924531767
discovery:n12:seed204:index:t4:moveable:k2,204,index,4,moveable,2,True,Intervention-only null,0.7559126282150692,True,0.2798294806255517,0.6960201479001528
discovery:n12:seed204:index:t4:moveable:k3,204,index,4,moveable,3,False,Intervention-only null,0.5442828632543909,True,0.7858829760965426,
discovery:n12:seed204:index:t4:immovable:k1,204,index,4,immovable,1,False,Intervention-only null,0.2426827750497013,False,0.2779730579073764,
discovery:n12:seed204:shuffled:t4:moveable:k2,204,shuffled,4,moveable,2,True,Intervention-only null,0.755912628215069,True,0.27982948062555196,0.652219983368794
discovery:n12:seed204:shuffled:t4:moveable:k3,204,shuffled,4,moveable,3,True,Intervention-only null,0.5442828632543908,True,0.6082861980457152,0.7130175489559999
discovery:n12:seed204:shuffled:t4:immovable:k1,204,shuffled,4,immovable,1,False,Intervention-only null,0.24268277504970118,False,0.27797305790737625,
discovery:n12:seed205:index:t4:moveable:k2,205,index,4,moveable,2,True,Intervention-only null,0.7682871364446852,True,0.2635917401295064,0.6963940322564243
discovery:n12:seed205:index:t4:moveable:k3,205,index,4,moveable,3,False,Intervention-only null,0.56403172369676,True,0.8301857990526815,
discovery:n12:seed205:index:t4:immovable:k1,205,index,4,immovable,1,False,Intervention-only null,0.21105257684207862,False,0.2370555976723163,
discovery:n12:seed205:shuffled:t4:moveable:k2,205,shuffled,4,moveable,2,True,Intervention-only null,0.7419442007967157,True,0.2984812397250931,0.6023100798282438
discovery:n12:seed205:shuffled:t4:moveable:k3,205,shuffled,4,moveable,3,True,Intervention-only null,0.5287120350238589,True,0.6373113525728079,0.6582869520789958
discovery:n12:seed205:shuffled:t4:immovable:k1,205,shuffled,4,immovable,1,True,Intervention-only null,0.18829015549789258,False,1.6697711256315972,0.43362539140256406
discovery:n12:seed206:index:t4:moveable:k2,206,index,4,moveable,2,True,Intervention-only null,0.7388095226150159,True,0.30271514143988043,0.7050662081099257
discovery:n12:seed206:index:t4:moveable:k3,206,index,4,moveable,3,True,Intervention-only null,0.48738324567831387,False,0.7187045132724771,0.7173013978405944
discovery:n12:seed206:index:t4:immovable:k1,206,index,4,immovable,1,False,Intervention-only null,0.23153930408469295,False,0.26336586120818295,
discovery:n12:seed206:shuffled:t4:moveable:k2,206,shuffled,4,moveable,2,True,Intervention-only null,0.7642661177197382,True,0.26883922884281564,0.6008532300713416
discovery:n12:seed206:shuffled:t4:moveable:k3,206,shuffled,4,moveable,3,True,Intervention-only null,0.5214729262414375,True,0.6510979210539776,0.6130884198020103
discovery:n12:seed206:shuffled:t4:immovable:k1,206,shuffled,4,immovable,1,False,Intervention-only null,0.25669507078799886,False,0.29664891574859265,
discovery:n12:seed207:index:t4:moveable:k2,207,index,4,moveable,2,True,Intervention-only null,0.7303856956083765,True,0.31418253421903475,0.6559030511254101
discovery:n12:seed207:index:t4:moveable:k3,207,index,4,moveable,3,True,Intervention-only null,0.5103247479476348,True,0.6727079952281914,0.6774275446409803
discovery:n12:seed207:index:t4:immovable:k1,207,index,4,immovable,1,False,Intervention-only null,0.21750500425465993,False,0.2452677518019011,
discovery:n12:seed207:shuffled:t4:moveable:k2,207,shuffled,4,moveable,2,True,Intervention-only null,0.7810613341702618,True,0.24710159935754236,0.6324470629838507
discovery:n12:seed207:shuffled:t4:moveable:k3,207,shuffled,4,moveable,3,False,Intervention-only null,0.5784921577985878,True,0.8639168962532535,
discovery:n12:seed207:shuffled:t4:immovable:k1,207,shuffled,4,immovable,1,False,Intervention-only null,0.26796265151276855,False,0.31192374379888993,
discovery:n12:seed208:index:t4:moveable:k2,208,index,4,moveable,2,False,Intervention-only null,0.7953535384171457,True,1.5864713662843108,
discovery:n12:seed208:index:t4:moveable:k3,208,index,4,moveable,3,False,Intervention-only null,0.5902360204856739,True,0.8921739447606124,
discovery:n12:seed208:index:t4:immovable:k1,208,index,4,immovable,1,False,Intervention-only null,0.24197685543639827,False,0.2770413600808418,
discovery:n12:seed208:shuffled:t4:moveable:k2,208,shuffled,4,moveable,2,True,Intervention-only null,0.7953535384171457,True,0.22896856076711344,0.6175416554691302
discovery:n12:seed208:shuffled:t4:moveable:k3,208,shuffled,4,moveable,3,False,Intervention-only null,0.5902360204856739,True,0.8921739447606124,
discovery:n12:seed208:shuffled:t4:immovable:k1,208,shuffled,4,immovable,1,False,Intervention-only null,0.24197685543639827,False,0.2770413600808418,
discovery:n12:seed209:index:t4:moveable:k2,209,index,4,moveable,2,True,Intervention-only null,0.7419442007967156,True,0.2984812397250933,0.7364048378645344
discovery:n12:seed209:index:t4:moveable:k3,209,index,4,moveable,3,True,Intervention-only null,0.5287120350238587,True,0.6373113525728082,0.7760227387318881
discovery:n12:seed209:index:t4:immovable:k1,209,index,4,immovable,1,False,Intervention-only null,0.18829015549789255,False,0.20861233703660412,
discovery:n12:seed209:shuffled:t4:moveable:k2,209,shuffled,4,moveable,2,True,Intervention-only null,0.768287136444685,True,0.2635917401295066,0.6108708621920818
discovery:n12:seed209:shuffled:t4:moveable:k3,209,shuffled,4,moveable,3,False,Intervention-only null,0.5640317236967598,True,0.830185799052681,
discovery:n12:seed209:shuffled:t4:immovable:k1,209,shuffled,4,immovable,1,True,Intervention-only null,0.21105257684207854,False,1.555647997199744,0.4184344523657074
discovery:n12:seed210:index:t4:moveable:k2,210,index,4,moveable,2,True,Intervention-only null,0.7303856956083766,True,0.3141825342190346,0.7016036669005439
discovery:n12:seed210:index:t4:moveable:k3,210,index,4,moveable,3,True,Intervention-only null,0.5103247479476348,True,0.6727079952281914,0.715539033906927
discovery:n12:seed210:index:t4:immovable:k1,210,index,4,immovable,1,False,Intervention-only null,0.21750500425465996,False,0.24526775180190127,
discovery:n12:seed210:shuffled:t4:moveable:k2,210,shuffled,4,moveable,2,True,Intervention-only null,0.7810613341702619,True,0.24710159935754222,0.6285945704057319
discovery:n12:seed210:shuffled:t4:moveable:k3,210,shuffled,4,moveable,3,False,Intervention-only null,0.5784921577985878,True,0.8639168962532535,
discovery:n12:seed210:shuffled:t4:immovable:k1,210,shuffled,4,immovable,1,False,Intervention-only null,0.2679626515127687,False,0.3119237437988901,
discovery:n12:seed211:index:t4:moveable:k2,211,index,4,moveable,2,False,Intervention-only null,0.8104462221556937,True,1.6630825066232782,
discovery:n12:seed211:index:t4:moveable:k3,211,index,4,moveable,3,True,Intervention-only null,0.4989649035594091,False,0.6952195192524168,0.7402146155407714
discovery:n12:seed211:index:t4:immovable:k1,211,index,4,immovable,1,False,Intervention-only null,0.23221130958050484,False,0.2642407263761064,
discovery:n12:seed211:shuffled:t4:moveable:k2,211,shuffled,4,moveable,2,False,Intervention-only null,0.831725023296427,True,1.7821558715279604,
discovery:n12:seed211:shuffled:t4:moveable:k3,211,shuffled,4,moveable,3,True,Intervention-only null,0.5351543689272745,True,0.6252000336548248,0.6194538155538116
discovery:n12:seed211:shuffled:t4:immovable:k1,211,shuffled,4,immovable,1,False,Intervention-only null,0.25905682128842494,False,0.2998313385269659,
discovery:n12:seed212:index:t4:moveable:k2,212,index,4,moveable,2,True,Intervention-only null,0.7303856956083765,True,0.31418253421903475,0.6570798192716931
discovery:n12:seed212:index:t4:moveable:k3,212,index,4,moveable,3,True,Intervention-only null,0.5103247479476347,True,0.6727079952281916,0.7136731379358482
discovery:n12:seed212:index:t4:immovable:k1,212,index,4,immovable,1,False,Intervention-only null,0.21750500425465996,False,0.24526775180190127,
discovery:n12:seed212:shuffled:t4:moveable:k2,212,shuffled,4,moveable,2,True,Intervention-only null,0.7810613341702619,True,0.24710159935754222,0.6169240437841814
discovery:n12:seed212:shuffled:t4:moveable:k3,212,shuffled,4,moveable,3,False,Intervention-only null,0.5784921577985878,True,0.8639168962532535,
discovery:n12:seed212:shuffled:t4:immovable:k1,212,shuffled,4,immovable,1,False,Intervention-only null,0.2679626515127687,False,0.3119237437988901,
discovery:n12:seed201:index:t4:moveable:k2,201,index,4,moveable,2,False,Capability-aware macro,0.1343979018617653,False,0.14432994698084906,
discovery:n12:seed201:index:t4:moveable:k3,201,index,4,moveable,3,False,Capability-aware macro,0.4171054922975672,False,0.5397490563417543,
discovery:n12:seed201:index:t4:immovable:k1,201,index,4,immovable,1,True,Capability-aware macro,0.1261055020383375,False,2.0706364046210366,0.7574742326909125
discovery:n12:seed201:shuffled:t4:moveable:k2,201,shuffled,4,moveable,2,True,Capability-aware macro,0.6760232132940349,True,0.3915278643363902,0.7275018813850763
discovery:n12:seed201:shuffled:t4:moveable:k3,201,shuffled,4,moveable,3,False,Capability-aware macro,0.4539793281757347,False,0.6050984434699197,
discovery:n12:seed201:shuffled:t4:immovable:k1,201,shuffled,4,immovable,1,False,Capability-aware macro,0.037160247908238006,False,0.037868285919977256,
discovery:n12:seed202:index:t4:moveable:k2,202,index,4,moveable,2,True,Capability-aware macro,0.8057302668945364,True,0.2160062489438693,0.65404434264108
discovery:n12:seed202:index:t4:moveable:k3,202,index,4,moveable,3,True,Capability-aware macro,0.566691582427624,True,0.5679400695826223,0.7210894884027591
discovery:n12:seed202:index:t4:immovable:k1,202,index,4,immovable,1,False,Capability-aware macro,0.3661122989870898,False,0.4558834679737711,
discovery:n12:seed202:shuffled:t4:moveable:k2,202,shuffled,4,moveable,2,True,Capability-aware macro,0.7764338451544177,True,0.25304383621800947,0.7558854115154342
discovery:n12:seed202:shuffled:t4:moveable:k3,202,shuffled,4,moveable,3,True,Capability-aware macro,0.5227013996903603,True,0.648744915458619,0.8229305572771133
discovery:n12:seed202:shuffled:t4:immovable:k1,202,shuffled,4,immovable,1,False,Capability-aware macro,0.32597883007104134,False,0.3944937591729482,
discovery:n12:seed203:index:t4:moveable:k2,203,index,4,moveable,2,True,Capability-aware macro,0.9213943447696948,True,0.08186716414871652,0.5361390885842939
discovery:n12:seed203:index:t4:moveable:k3,203,index,4,moveable,3,False,Capability-aware macro,0.839149530035755,True,1.8272801035466606,
discovery:n12:seed203:index:t4:immovable:k1,203,index,4,immovable,1,True,Capability-aware macro,0.4519323444373058,False,0.7942227908015806,0.2298204535725849
discovery:n12:seed203:shuffled:t4:moveable:k2,203,shuffled,4,moveable,2,True,Capability-aware macro,0.8788038957405834,True,0.12919350545854075,0.5161148004259586
discovery:n12:seed203:shuffled:t4:moveable:k3,203,shuffled,4,moveable,3,False,Capability-aware macro,0.7634379147380007,True,1.4415445885376421,
discovery:n12:seed203:shuffled:t4:immovable:k1,203,shuffled,4,immovable,1,True,Capability-aware macro,0.3377898770480748,False,1.0853312423515014,0.2097961654142496
discovery:n12:seed204:index:t4:moveable:k2,204,index,4,moveable,2,True,Capability-aware macro,0.8672568409207881,True,0.14242010510252012,0.5789729632226224
discovery:n12:seed204:index:t4:moveable:k3,204,index,4,moveable,3,False,Capability-aware macro,0.7072552330336234,True,1.2284541520991705,
discovery:n12:seed204:index:t4:immovable:k1,204,index,4,immovable,1,False,Capability-aware macro,0.04855416959780541,False,0.04977252460517784,
discovery:n12:seed204:shuffled:t4:moveable:k2,204,shuffled,4,moveable,2,True,Capability-aware macro,0.8974037807883497,True,0.10824937240216025,0.48202989945742925
discovery:n12:seed204:shuffled:t4:moveable:k3,204,shuffled,4,moveable,3,True,Capability-aware macro,0.7638449529850363,True,0.2693904515300144,0.5546042888660535
discovery:n12:seed204:shuffled:t4:immovable:k1,204,shuffled,4,immovable,1,False,Capability-aware macro,0.5144227945254551,True,0.7224169812888878,
discovery:n12:seed205:index:t4:moveable:k2,205,index,4,moveable,2,True,Capability-aware macro,0.767221909019186,True,0.264979198704928,0.6906651688985046
discovery:n12:seed205:index:t4:moveable:k3,205,index,4,moveable,3,False,Capability-aware macro,0.553115398073229,True,0.8054548789355656,
discovery:n12:seed205:index:t4:immovable:k1,205,index,4,immovable,1,False,Capability-aware macro,0.25363410462207026,False,0.2925393226446766,
discovery:n12:seed205:shuffled:t4:moveable:k2,205,shuffled,4,moveable,2,True,Capability-aware macro,0.7952678149098907,True,0.22907634695665338,0.6702269695938472
discovery:n12:seed205:shuffled:t4:moveable:k3,205,shuffled,4,moveable,3,True,Capability-aware macro,0.5932825390987896,True,0.5220845362891792,0.7453118539016351
discovery:n12:seed205:shuffled:t4:immovable:k1,205,shuffled,4,immovable,1,True,Capability-aware macro,0.2859701120216,False,1.2518679770441263,0.44857783905811405
discovery:n12:seed206:index:t4:moveable:k2,206,index,4,moveable,2,True,Capability-aware macro,0.6578382654157957,True,0.41879617511034456,0.9028841559721706
discovery:n12:seed206:index:t4:moveable:k3,206,index,4,moveable,3,True,Capability-aware macro,0.37658393843832894,False,0.9766143125312159,0.9527126321236795
discovery:n12:seed206:index:t4:immovable:k1,206,index,4,immovable,1,False,Capability-aware macro,0.018051022134978934,False,0.018215929345097553,
discovery:n12:seed206:shuffled:t4:moveable:k2,206,shuffled,4,moveable,2,True,Capability-aware macro,0.6714176573626178,True,0.39836389546326,0.7845299891301599
discovery:n12:seed206:shuffled:t4:moveable:k3,206,shuffled,4,moveable,3,True,Capability-aware macro,0.3909918770173533,False,0.939068494104252,0.8343584652816688
discovery:n12:seed206:shuffled:t4:immovable:k1,206,shuffled,4,immovable,1,False,Capability-aware macro,0.03510279440068446,False,0.035733706012106105,
discovery:n12:seed207:index:t4:moveable:k2,207,index,4,moveable,2,True,Capability-aware macro,0.7155634334865764,True,0.3346850277496319,0.6671379891634075
discovery:n12:seed207:index:t4:moveable:k3,207,index,4,moveable,3,True,Capability-aware macro,0.4844647335776308,False,0.7247106396140423,0.7023780803908634
discovery:n12:seed207:index:t4:immovable:k1,207,index,4,immovable,1,False,Capability-aware macro,6.234849703382679e-06,False,6.234869140168795e-06,
discovery:n12:seed207:shuffled:t4:moveable:k2,207,shuffled,4,moveable,2,True,Capability-aware macro,0.838954006252663,True,0.17559939374027686,0.6463628585795085
discovery:n12:seed207:shuffled:t4:moveable:k3,207,shuffled,4,moveable,3,False,Capability-aware macro,0.660549700410053,True,1.0804277356602734,
discovery:n12:seed207:shuffled:t4:immovable:k1,207,shuffled,4,immovable,1,False,Capability-aware macro,0.389800849672034,False,0.49396989914897055,
discovery:n12:seed208:index:t4:moveable:k2,208,index,4,moveable,2,False,Capability-aware macro,0.8472466442436152,True,1.87893071222651,
discovery:n12:seed208:index:t4:moveable:k3,208,index,4,moveable,3,False,Capability-aware macro,0.6587734931914182,True,1.0752087793698366,
discovery:n12:seed208:index:t4:immovable:k1,208,index,4,immovable,1,False,Capability-aware macro,0.3822318950038953,False,0.4816421265767125,
discovery:n12:seed208:shuffled:t4:moveable:k2,208,shuffled,4,moveable,2,True,Capability-aware macro,0.8145494239481026,True,0.20512017267283283,0.760777632778853
discovery:n12:seed208:shuffled:t4:moveable:k3,208,shuffled,4,moveable,3,False,Capability-aware macro,0.6045625877469853,True,0.9277627539735517,
discovery:n12:seed208:shuffled:t4:immovable:k1,208,shuffled,4,immovable,1,False,Capability-aware macro,0.3288466186276603,False,0.39875758188441274,
discovery:n12:seed209:index:t4:moveable:k2,209,index,4,moveable,2,True,Capability-aware macro,0.769212460498666,True,0.26238806610248194,0.5038155539805614
discovery:n12:seed209:index:t4:moveable:k3,209,index,4,moveable,3,True,Capability-aware macro,0.5534132208973306,True,0.5916503216050841,0.5517809122233494
discovery:n12:seed209:index:t4:immovable:k1,209,index,4,immovable,1,False,Capability-aware macro,0.24460483624020307,False,0.2805142709485311,
discovery:n12:seed209:shuffled:t4:moveable:k2,209,shuffled,4,moveable,2,True,Capability-aware macro,0.7874435467477675,True,0.2389635975214626,0.706521024916541
discovery:n12:seed209:shuffled:t4:moveable:k3,209,shuffled,4,moveable,3,False,Capability-aware macro,0.5793694884666294,True,0.8660004754692986,
discovery:n12:seed209:shuffled:t4:immovable:k1,209,shuffled,4,immovable,1,True,Capability-aware macro,0.26466085222405505,False,1.3293060755711756,0.48643509184107436
discovery:n12:seed210:index:t4:moveable:k2,210,index,4,moveable,2,True,Capability-aware macro,0.7290438637409635,True,0.31602137904291444,0.47741947385523975
discovery:n12:seed210:index:t4:moveable:k3,210,index,4,moveable,3,True,Capability-aware macro,0.4821403571007213,False,0.7295200100168419,0.5005260336726418
discovery:n12:seed210:index:t4:immovable:k1,210,index,4,immovable,1,False,Capability-aware macro,0.24716286865681508,False,0.2839063676138948,
discovery:n12:seed210:shuffled:t4:moveable:k2,210,shuffled,4,moveable,2,True,Capability-aware macro,0.7736037372701114,True,0.25669550384371936,0.6082950092652758
discovery:n12:seed210:shuffled:t4:moveable:k3,210,shuffled,4,moveable,3,False,Capability-aware macro,0.15855710490261646,False,0.17263712850076848,
discovery:n12:seed210:shuffled:t4:immovable:k1,210,shuffled,4,immovable,1,False,Capability-aware macro,0.06230776289815283,False,0.06433348924940842,
discovery:n12:seed211:index:t4:moveable:k2,211,index,4,moveable,2,False,Capability-aware macro,0.9008031404405961,True,2.3106489228597233,
discovery:n12:seed211:index:t4:moveable:k3,211,index,4,moveable,3,True,Capability-aware macro,0.6505409831285537,True,0.42995098051061004,0.7098859868774325
discovery:n12:seed211:index:t4:immovable:k1,211,index,4,immovable,1,False,Capability-aware macro,0.4166141932303143,False,0.5389065503160286,
discovery:n12:seed211:shuffled:t4:moveable:k2,211,shuffled,4,moveable,2,False,Capability-aware macro,0.8533880230339344,True,1.9199657945988655,
discovery:n12:seed211:shuffled:t4:moveable:k3,211,shuffled,4,moveable,3,True,Capability-aware macro,0.5440511088637571,True,0.6087120864220298,0.6168799302117502
discovery:n12:seed211:shuffled:t4:immovable:k1,211,shuffled,4,immovable,1,False,Capability-aware macro,0.055143366873637197,False,0.05672207397506255,
discovery:n12:seed212:index:t4:moveable:k2,212,index,4,moveable,2,True,Capability-aware macro,0.80888997469707,True,0.21209237278324686,0.5018523052121181
discovery:n12:seed212:index:t4:moveable:k3,212,index,4,moveable,3,True,Capability-aware macro,0.5951429993273754,True,0.5189535673083456,0.5670705259458231
discovery:n12:seed212:index:t4:immovable:k1,212,index,4,immovable,1,False,Capability-aware macro,0.34777985181636745,False,0.42737312345822226,
discovery:n12:seed212:shuffled:t4:moveable:k2,212,shuffled,4,moveable,2,True,Capability-aware macro,0.7642661511767337,True,0.26883918506618604,0.5426994908663405
discovery:n12:seed212:shuffled:t4:moveable:k3,212,shuffled,4,moveable,3,False,Capability-aware macro,0.14503749408008482,False,0.1566976637321811,
discovery:n12:seed212:shuffled:t4:immovable:k1,212,shuffled,4,immovable,1,False,Capability-aware macro,0.05796813686892656,False,0.059716179997917604,
discovery:n12:seed201:index:t4:moveable:k2,201,index,4,moveable,2,False,History-aware macro,0.14278765961961934,False,0.15406961933563798,
discovery:n12:seed201:index:t4:moveable:k3,201,index,4,moveable,3,False,History-aware macro,0.4461340052055549,False,0.5908325081467741,
discovery:n12:seed201:index:t4:immovable:k1,201,index,4,immovable,1,True,History-aware macro,0.13991207878204973,False,1.966741062352541,0.7916909444228123
discovery:n12:seed201:shuffled:t4:moveable:k2,201,shuffled,4,moveable,2,True,History-aware macro,0.6152571849750589,True,0.48571491164009717,0.7353659562637822
discovery:n12:seed201:shuffled:t4:moveable:k3,201,shuffled,4,moveable,3,False,History-aware macro,0.3846049334540274,False,0.4854908327887071,
discovery:n12:seed201:shuffled:t4:immovable:k1,201,shuffled,4,immovable,1,False,History-aware macro,0.02714382190243354,False,0.02751902057089431,
discovery:n12:seed202:index:t4:moveable:k2,202,index,4,moveable,2,True,History-aware macro,0.9090267734503816,True,0.09538073149761725,0.7383191890350891
discovery:n12:seed202:index:t4:moveable:k3,202,index,4,moveable,3,True,History-aware macro,0.7536091361095729,True,0.2828814325058204,0.806363216263772
discovery:n12:seed202:index:t4:immovable:k1,202,index,4,immovable,1,False,History-aware macro,0.5806425578307167,True,0.8690316387930512,
discovery:n12:seed202:shuffled:t4:moveable:k2,202,shuffled,4,moveable,2,True,History-aware macro,0.8098877170268518,True,0.21085966187892904,0.8038780168334263
discovery:n12:seed202:shuffled:t4:moveable:k3,202,shuffled,4,moveable,3,True,History-aware macro,0.5659696893093981,True,0.5692147546698321,0.8719220440621092
discovery:n12:seed202:shuffled:t4:immovable:k1,202,shuffled,4,immovable,1,False,History-aware macro,0.37118959161524884,False,0.46392548522940436,
discovery:n12:seed203:index:t4:moveable:k2,203,index,4,moveable,2,True,History-aware macro,0.9239812555723671,True,0.07906349372331205,0.440318589850968
discovery:n12:seed203:index:t4:moveable:k3,203,index,4,moveable,3,False,History-aware macro,0.8407116919245387,True,1.8370394603939921,
discovery:n12:seed203:index:t4:immovable:k1,203,index,4,immovable,1,True,History-aware macro,0.4510712335648171,False,0.7961300061315929,0.05456134875848395
discovery:n12:seed203:shuffled:t4:moveable:k2,203,shuffled,4,moveable,2,True,History-aware macro,0.9057620737168477,True,0.09897861921923129,0.3957282639579453
discovery:n12:seed203:shuffled:t4:moveable:k3,203,shuffled,4,moveable,3,False,History-aware macro,0.8067103862600673,True,1.6435656255102777,
discovery:n12:seed203:shuffled:t4:immovable:k1,203,shuffled,4,immovable,1,True,History-aware macro,0.3938633814591904,False,0.9317511773805475,0.009971022865461143
discovery:n12:seed204:index:t4:moveable:k2,204,index,4,moveable,2,True,History-aware macro,0.8762130238179391,True,0.13214603973433262,0.608078607893699
discovery:n12:seed204:index:t4:moveable:k3,204,index,4,moveable,3,False,History-aware macro,0.7173468386069715,True,1.263534711090454,
discovery:n12:seed204:index:t4:immovable:k1,204,index,4,immovable,1,False,History-aware macro,0.04688900334709367,False,0.04802391133058463,
discovery:n12:seed204:shuffled:t4:moveable:k2,204,shuffled,4,moveable,2,True,History-aware macro,0.8074143063602757,True,0.21391835167113707,0.4463959010728388
discovery:n12:seed204:shuffled:t4:moveable:k3,204,shuffled,4,moveable,3,True,History-aware macro,0.6005092699684949,True,0.509977200497994,0.5294847977928013
discovery:n12:seed204:shuffled:t4:immovable:k1,204,shuffled,4,immovable,1,False,History-aware macro,0.3269826644684035,False,0.39598419107837374,
discovery:n12:seed205:index:t4:moveable:k2,205,index,4,moveable,2,True,History-aware macro,0.8385146026285437,True,0.17612328269038038,0.7622648242273758
discovery:n12:seed205:index:t4:moveable:k3,205,index,4,moveable,3,False,History-aware macro,0.6533590423286385,True,1.0594657388282394,
discovery:n12:seed205:index:t4:immovable:k1,205,index,4,immovable,1,False,History-aware macro,0.3436998859922702,False,0.42113710378964586,
discovery:n12:seed205:shuffled:t4:moveable:k2,205,shuffled,4,moveable,2,True,History-aware macro,0.7485143894253448,True,0.2896648509580814,0.6958700015555469
discovery:n12:seed205:shuffled:t4:moveable:k3,205,shuffled,4,moveable,3,True,History-aware macro,0.5193215366392845,True,0.6552320565495254,0.7874119675627154
discovery:n12:seed205:shuffled:t4:immovable:k1,205,shuffled,4,immovable,1,True,History-aware macro,0.2308776851732188,False,1.4658672101103603,0.42535645450409654
discovery:n12:seed206:index:t4:moveable:k2,206,index,4,moveable,2,True,History-aware macro,0.6455678516013995,True,0.4376249594227121,0.9110900448621237
discovery:n12:seed206:index:t4:moveable:k3,206,index,4,moveable,3,True,History-aware macro,0.35604764781167414,False,1.0326907149185465,0.9667015293311002
discovery:n12:seed206:index:t4:immovable:k1,206,index,4,immovable,1,False,History-aware macro,0.014603531845932985,False,0.014711213053583846,
discovery:n12:seed206:shuffled:t4:moveable:k2,206,shuffled,4,moveable,2,True,History-aware macro,0.6543444597976501,True,0.4241213692427835,0.7925510446750301
discovery:n12:seed206:shuffled:t4:moveable:k3,206,shuffled,4,moveable,3,True,History-aware macro,0.3649409595866186,False,1.008019693040534,0.8481625291440065
discovery:n12:seed206:shuffled:t4:immovable:k1,206,shuffled,4,immovable,1,False,History-aware macro,0.028622290012535558,False,0.029039895609792463,
discovery:n12:seed207:index:t4:moveable:k2,207,index,4,moveable,2,True,History-aware macro,0.7567215788730535,True,0.2787598886100924,0.6132686486466138
discovery:n12:seed207:index:t4:moveable:k3,207,index,4,moveable,3,True,History-aware macro,0.5321997178039315,True,0.6307364506830866,0.6469256812127756
discovery:n12:seed207:index:t4:immovable:k1,207,index,4,immovable,1,False,History-aware macro,5.981360642502131e-06,False,5.981378530857484e-06,
discovery:n12:seed207:shuffled:t4:moveable:k2,207,shuffled,4,moveable,2,True,History-aware macro,0.780352480327882,True,0.24800956351732645,0.5710279297933835
discovery:n12:seed207:shuffled:t4:moveable:k3,207,shuffled,4,moveable,3,False,History-aware macro,0.5651057960909062,True,0.8326524868780384,
discovery:n12:seed207:shuffled:t4:immovable:k1,207,shuffled,4,immovable,1,False,History-aware macro,0.2989074401587036,False,0.3551153609474803,
discovery:n12:seed208:index:t4:moveable:k2,208,index,4,moveable,2,False,History-aware macro,0.8055797019666713,True,1.6377329786548438,
discovery:n12:seed208:index:t4:moveable:k3,208,index,4,moveable,3,False,History-aware macro,0.5892275473348528,True,0.8897158609533562,
discovery:n12:seed208:index:t4:immovable:k1,208,index,4,immovable,1,False,History-aware macro,0.31256799302557,False,0.3747923532785176,
discovery:n12:seed208:shuffled:t4:moveable:k2,208,shuffled,4,moveable,2,True,History-aware macro,0.7353018264431158,True,0.3074742158402795,0.6860277315379449
discovery:n12:seed208:shuffled:t4:moveable:k3,208,shuffled,4,moveable,3,False,History-aware macro,0.4902322500215301,False,0.6738000491853626,
discovery:n12:seed208:shuffled:t4:immovable:k1,208,shuffled,4,immovable,1,False,History-aware macro,0.2336186345295138,False,0.26607536698631723,
discovery:n12:seed209:index:t4:moveable:k2,209,index,4,moveable,2,True,History-aware macro,0.8391794495538256,True,0.17533071033880032,0.7098797260679961
discovery:n12:seed209:index:t4:moveable:k3,209,index,4,moveable,3,True,History-aware macro,0.655386922577715,True,0.4225294962614507,0.7853387327092415
discovery:n12:seed209:index:t4:immovable:k1,209,index,4,immovable,1,False,History-aware macro,0.3397170187332721,False,0.41508677635771063,
discovery:n12:seed209:shuffled:t4:moveable:k2,209,shuffled,4,moveable,2,True,History-aware macro,0.8897809858699043,True,0.11677992983165554,0.9160898595474852
discovery:n12:seed209:shuffled:t4:moveable:k3,209,shuffled,4,moveable,3,False,History-aware macro,0.7463376417672052,True,1.371751194560417,
discovery:n12:seed209:shuffled:t4:immovable:k1,209,shuffled,4,immovable,1,True,History-aware macro,0.44319998783287107,False,0.8137341710019717,0.6539597354646597
discovery:n12:seed210:index:t4:moveable:k2,210,index,4,moveable,2,True,History-aware macro,0.5454838466656701,True,0.6060820861260615,0.3358490971884317
discovery:n12:seed210:index:t4:moveable:k3,210,index,4,moveable,3,True,History-aware macro,0.2853825960291541,False,1.2539245567758517,0.3764142158084691
discovery:n12:seed210:index:t4:immovable:k1,210,index,4,immovable,1,False,History-aware macro,0.12256258738298721,False,0.13074965083881707,
discovery:n12:seed210:shuffled:t4:moveable:k2,210,shuffled,4,moveable,2,True,History-aware macro,0.6556957920452423,True,0.4220583292331673,0.5406325111803644
discovery:n12:seed210:shuffled:t4:moveable:k3,210,shuffled,4,moveable,3,False,History-aware macro,0.0820125701691317,False,0.08557158145009329,
discovery:n12:seed210:shuffled:t4:immovable:k1,210,shuffled,4,immovable,1,False,History-aware macro,0.030301781541569563,False,0.030770370882326526,
discovery:n12:seed211:index:t4:moveable:k2,211,index,4,moveable,2,False,History-aware macro,0.8998677821710807,True,2.301263788012872,
discovery:n12:seed211:index:t4:moveable:k3,211,index,4,moveable,3,True,History-aware macro,0.642760837507674,True,0.44198257182282263,0.6485291802971226
discovery:n12:seed211:index:t4:immovable:k1,211,index,4,immovable,1,False,History-aware macro,0.406983357847293,False,0.5225328160397474,
discovery:n12:seed211:shuffled:t4:moveable:k2,211,shuffled,4,moveable,2,False,History-aware macro,0.8650973699123216,True,2.0032020193856255,
discovery:n12:seed211:shuffled:t4:moveable:k3,211,shuffled,4,moveable,3,True,History-aware macro,0.562151808865573,True,0.575983343028363,0.6016311248435904
discovery:n12:seed211:shuffled:t4:immovable:k1,211,shuffled,4,immovable,1,False,History-aware macro,0.0547636164439744,False,0.056320241439392786,
discovery:n12:seed212:index:t4:moveable:k2,212,index,4,moveable,2,True,History-aware macro,0.8535494122729753,True,0.15835184472338767,0.4672170289280258
discovery:n12:seed212:index:t4:moveable:k3,212,index,4,moveable,3,True,History-aware macro,0.662667553821256,True,0.4114818416701528,0.552081443200567
discovery:n12:seed212:index:t4:immovable:k1,212,index,4,immovable,1,False,History-aware macro,0.41474472622448766,False,0.53570716150176,
discovery:n12:seed212:shuffled:t4:moveable:k2,212,shuffled,4,moveable,2,True,History-aware macro,0.8395555822018296,True,0.1748825959584091,0.558809690991892
discovery:n12:seed212:shuffled:t4:moveable:k3,212,shuffled,4,moveable,3,False,History-aware macro,0.21041522461987905,False,0.23624807248223856,
discovery:n12:seed212:shuffled:t4:immovable:k1,212,shuffled,4,immovable,1,False,History-aware macro,0.08770265680521512,False,0.0917893078405996,
discovery:n12:seed201:index:t4:moveable:k2,201,index,4,moveable,2,False,Observable-micro baseline,0.26411307020733155,False,0.3066788000543424,
discovery:n12:seed201:index:t4:moveable:k3,201,index,4,moveable,3,False,Observable-micro baseline,0.4742250162325634,False,0.6428819452859887,
discovery:n12:seed201:index:t4:immovable:k1,201,index,4,immovable,1,True,Observable-micro baseline,0.35844958271320376,False,1.0259672628262022,1.4749647317295866
discovery:n12:seed201:shuffled:t4:moveable:k2,201,shuffled,4,moveable,2,True,Observable-micro baseline,0.9467510373269026,True,0.0547191165294282,0.7145670989411658
discovery:n12:seed201:shuffled:t4:moveable:k3,201,shuffled,4,moveable,3,False,Observable-micro baseline,0.9781094299538161,True,3.821699326389274,
discovery:n12:seed201:shuffled:t4:immovable:k1,201,shuffled,4,immovable,1,False,Observable-micro baseline,0.9651307170059327,True,3.3561489807638747,
discovery:n12:seed202:index:t4:moveable:k2,202,index,4,moveable,2,True,Observable-micro baseline,0.8206585061148233,True,0.19764820476338302,0.42419970600759316
discovery:n12:seed202:index:t4:moveable:k3,202,index,4,moveable,3,True,Observable-micro baseline,0.9494553518603336,True,0.05186677262599383,0.18572335506381094
discovery:n12:seed202:index:t4:immovable:k1,202,index,4,immovable,1,False,Observable-micro baseline,0.2570641523130259,False,0.2971455802707222,
discovery:n12:seed202:shuffled:t4:moveable:k2,202,shuffled,4,moveable,2,True,Observable-micro baseline,0.930193341181486,True,0.07236282069821182,1.0142659133762393
discovery:n12:seed202:shuffled:t4:moveable:k3,202,shuffled,4,moveable,3,True,Observable-micro baseline,0.9820469516560595,True,0.01811615949359533,0.7757895624324571
discovery:n12:seed202:shuffled:t4:immovable:k1,202,shuffled,4,immovable,1,False,Observable-micro baseline,0.5018909236410825,True,0.6969361971076293,
discovery:n12:seed203:index:t4:moveable:k2,203,index,4,moveable,2,True,Observable-micro baseline,0.8345936854431467,True,0.18081027682125955,0.960758695110525
discovery:n12:seed203:index:t4:moveable:k3,203,index,4,moveable,3,False,Observable-micro baseline,0.7014087128637472,True,1.2086795733508118,
discovery:n12:seed203:index:t4:immovable:k1,203,index,4,immovable,1,True,Observable-micro baseline,0.8253719678928979,True,0.1919211240856618,0.49345374704008826
discovery:n12:seed203:shuffled:t4:moveable:k2,203,shuffled,4,moveable,2,True,Observable-micro baseline,0.8827214197981748,True,0.12474562102382104,1.1237936519981888
discovery:n12:seed203:shuffled:t4:moveable:k3,203,shuffled,4,moveable,3,False,Observable-micro baseline,0.7779798597865977,True,1.504987179542828,
discovery:n12:seed203:shuffled:t4:immovable:k1,203,shuffled,4,immovable,1,True,Observable-micro baseline,0.8757835602373871,True,0.1326362959289648,0.6564887039277519
discovery:n12:seed204:index:t4:moveable:k2,204,index,4,moveable,2,True,Observable-micro baseline,0.0828109738967528,False,2.491194691387971,-0.014070071236365389
discovery:n12:seed204:index:t4:moveable:k3,204,index,4,moveable,3,False,Observable-micro baseline,0.1661579210135525,False,0.18171124828634827,
discovery:n12:seed204:index:t4:immovable:k1,204,index,4,immovable,1,False,Observable-micro baseline,0.11984569130593282,False,0.12765803609332474,
discovery:n12:seed204:shuffled:t4:moveable:k2,204,shuffled,4,moveable,2,True,Observable-micro baseline,0.0378440531151356,False,3.2742814286123436,0.07529513496670737
discovery:n12:seed204:shuffled:t4:moveable:k3,204,shuffled,4,moveable,3,True,Observable-micro baseline,0.07987437964341983,False,2.5273001329071514,0.38975763715683
discovery:n12:seed204:shuffled:t4:immovable:k1,204,shuffled,4,immovable,1,False,Observable-micro baseline,0.05599643425458721,False,0.05762533557108721,
discovery:n12:seed205:index:t4:moveable:k2,205,index,4,moveable,2,True,Observable-micro baseline,0.9953875919237658,True,0.004623078052530305,0.9800518697924171
discovery:n12:seed205:index:t4:moveable:k3,205,index,4,moveable,3,False,Observable-micro baseline,0.9985638921302744,True,6.545818692984027,
discovery:n12:seed205:index:t4:immovable:k1,205,index,4,immovable,1,False,Observable-micro baseline,0.6595915456442617,True,1.0776090460586183,
discovery:n12:seed205:shuffled:t4:moveable:k2,205,shuffled,4,moveable,2,True,Observable-micro baseline,0.9916122165570096,True,0.00842315885160187,1.0679059671032025
discovery:n12:seed205:shuffled:t4:moveable:k3,205,shuffled,4,moveable,3,True,Observable-micro baseline,0.9973815614951653,True,0.002621872610910078,1.1591872113123192
discovery:n12:seed205:shuffled:t4:immovable:k1,205,shuffled,4,immovable,1,True,Observable-micro baseline,0.514907641292257,True,0.6637677316978452,0.737267331875501
discovery:n12:seed206:index:t4:moveable:k2,206,index,4,moveable,2,True,Observable-micro baseline,0.9178192519623806,True,0.08575480103484169,0.5943582919343454
discovery:n12:seed206:index:t4:moveable:k3,206,index,4,moveable,3,True,Observable-micro baseline,0.01283665762385444,False,4.355450324275422,0.6785953534698873
discovery:n12:seed206:index:t4:immovable:k1,206,index,4,immovable,1,False,Observable-micro baseline,0.04936599397114827,False,0.05062614221584723,
discovery:n12:seed206:shuffled:t4:moveable:k2,206,shuffled,4,moveable,2,True,Observable-micro baseline,0.9184370470238261,True,0.08508191557206964,0.4007746405763898
discovery:n12:seed206:shuffled:t4:moveable:k3,206,shuffled,4,moveable,3,True,Observable-micro baseline,0.01294122333626683,False,4.347337455253748,0.4850117021119317
discovery:n12:seed206:shuffled:t4:immovable:k1,206,shuffled,4,immovable,1,False,Observable-micro baseline,0.04975312560800636,False,0.051033460366287836,
discovery:n12:seed207:index:t4:moveable:k2,207,index,4,moveable,2,True,Observable-micro baseline,0.727369778231868,True,0.3183202949527173,1.2924611328918725
discovery:n12:seed207:index:t4:moveable:k3,207,index,4,moveable,3,True,Observable-micro baseline,0.9750758168196324,True,0.025240050166858704,1.1424991057384828
discovery:n12:seed207:index:t4:immovable:k1,207,index,4,immovable,1,False,Observable-micro baseline,0.013575532901683224,False,0.013668523000944654,
discovery:n12:seed207:shuffled:t4:moveable:k2,207,shuffled,4,moveable,2,True,Observable-micro baseline,0.8169781927850641,True,0.20214287629591404,0.5439489209131977
discovery:n12:seed207:shuffled:t4:moveable:k3,207,shuffled,4,moveable,3,False,Observable-micro baseline,0.9849522572021308,True,4.196527279243432,
discovery:n12:seed207:shuffled:t4:immovable:k1,207,shuffled,4,immovable,1,False,Observable-micro baseline,0.022507783443526292,False,0.022764949756390873,
discovery:n12:seed208:index:t4:moveable:k2,208,index,4,moveable,2,False,Observable-micro baseline,0.0032041998807042487,False,0.003209344321291886,
discovery:n12:seed208:index:t4:moveable:k3,208,index,4,moveable,3,False,Observable-micro baseline,0.9769275866379078,True,3.769117601860644,
discovery:n12:seed208:index:t4:immovable:k1,208,index,4,immovable,1,False,Observable-micro baseline,0.0012911184137257554,False,0.0012919526252260826,
discovery:n12:seed208:shuffled:t4:moveable:k2,208,shuffled,4,moveable,2,True,Observable-micro baseline,0.0028028918248001813,False,5.877103600194868,0.9355034951063332
discovery:n12:seed208:shuffled:t4:moveable:k3,208,shuffled,4,moveable,3,False,Observable-micro baseline,0.9737006989709025,True,3.638212916991988,
discovery:n12:seed208:shuffled:t4:immovable:k1,208,shuffled,4,immovable,1,False,Observable-micro baseline,0.0011291416619478715,False,0.0011297796226714947,
discovery:n12:seed209:index:t4:moveable:k2,209,index,4,moveable,2,True,Observable-micro baseline,0.035861875001837275,False,3.3280805254504338,0.5506019261414399
discovery:n12:seed209:index:t4:moveable:k3,209,index,4,moveable,3,True,Observable-micro baseline,0.21937700477156455,False,1.5169635462439248,0.6810624926938469
discovery:n12:seed209:index:t4:immovable:k1,209,index,4,immovable,1,False,Observable-micro baseline,0.8482326173230557,True,1.8854063074844147,
discovery:n12:seed209:shuffled:t4:moveable:k2,209,shuffled,4,moveable,2,True,Observable-micro baseline,0.01929480988061342,False,3.9479191373391855,0.5657913127651667
discovery:n12:seed209:shuffled:t4:moveable:k3,209,shuffled,4,moveable,3,False,Observable-micro baseline,0.12941101001835054,False,0.13858529641570885,
discovery:n12:seed209:shuffled:t4:immovable:k1,209,shuffled,4,immovable,1,True,Observable-micro baseline,0.7472369787472162,True,0.2913729035340302,0.3419423780470191
discovery:n12:seed210:index:t4:moveable:k2,210,index,4,moveable,2,True,Observable-micro baseline,0.6606452908777047,True,0.4145382081610827,0.9453652321590846
discovery:n12:seed210:index:t4:moveable:k3,210,index,4,moveable,3,True,Observable-micro baseline,0.047843758618008964,False,3.039814605995988,0.3948395016555629
discovery:n12:seed210:index:t4:immovable:k1,210,index,4,immovable,1,False,Observable-micro baseline,0.002325390253242576,False,0.002328098171950477,
discovery:n12:seed210:shuffled:t4:moveable:k2,210,shuffled,4,moveable,2,True,Observable-micro baseline,0.9915051758599651,True,0.008531110803975171,0.8546967333050363
discovery:n12:seed210:shuffled:t4:moveable:k3,210,shuffled,4,moveable,3,False,Observable-micro baseline,0.7507857724572444,True,1.3894424008303743,
discovery:n12:seed210:shuffled:t4:immovable:k1,210,shuffled,4,immovable,1,False,Observable-micro baseline,0.12260996171218794,False,0.13080364398690447,
discovery:n12:seed211:index:t4:moveable:k2,211,index,4,moveable,2,False,Observable-micro baseline,0.7547522425686455,True,1.4054863245892582,
discovery:n12:seed211:index:t4:moveable:k3,211,index,4,moveable,3,True,Observable-micro baseline,0.11461611491953332,False,2.1661668657433055,0.24049807305192494
discovery:n12:seed211:index:t4:immovable:k1,211,index,4,immovable,1,False,Observable-micro baseline,0.7908863999570036,True,1.5648776338065815,
discovery:n12:seed211:shuffled:t4:moveable:k2,211,shuffled,4,moveable,2,False,Observable-micro baseline,0.8944532691733355,True,2.248601477913427,
discovery:n12:seed211:shuffled:t4:moveable:k3,211,shuffled,4,moveable,3,True,Observable-micro baseline,0.2627944409078249,False,1.3363831459141953,0.0810270633056408
discovery:n12:seed211:shuffled:t4:immovable:k1,211,shuffled,4,immovable,1,False,Observable-micro baseline,0.9123934040010157,True,2.4348989870823936,
discovery:n12:seed212:index:t4:moveable:k2,212,index,4,moveable,2,True,Observable-micro baseline,0.8681624331422111,True,0.1413764468728843,0.5223278697169302
discovery:n12:seed212:index:t4:moveable:k3,212,index,4,moveable,3,True,Observable-micro baseline,0.9255001842880964,True,0.07742094784586406,0.684810473527266
discovery:n12:seed212:index:t4:immovable:k1,212,index,4,immovable,1,False,Observable-micro baseline,0.020899513749129683,False,0.021120999991788056,
discovery:n12:seed212:shuffled:t4:moveable:k2,212,shuffled,4,moveable,2,True,Observable-micro baseline,0.8612882415418439,True,0.14932605526923362,0.0940128548462088
discovery:n12:seed212:shuffled:t4:moveable:k3,212,shuffled,4,moveable,3,False,Observable-micro baseline,0.9213447987662265,True,2.5426815202750706,
discovery:n12:seed212:shuffled:t4:immovable:k1,212,shuffled,4,immovable,1,False,Observable-micro baseline,0.0197300433312672,False,0.019927279262805804,
discovery:n12:seed201:index:t4:moveable:k2,201,index,4,moveable,2,False,Capability ablation,0.6104496415568924,True,0.9427621320590943,
discovery:n12:seed201:index:t4:moveable:k3,201,index,4,moveable,3,False,Capability ablation,0.3609391218142783,False,0.44775555811642975,
discovery:n12:seed201:index:t4:immovable:k1,201,index,4,immovable,1,True,Capability ablation,0.08263512253844359,False,2.493320476502523,0.7574742326909125
discovery:n12:seed201:shuffled:t4:moveable:k2,201,shuffled,4,moveable,2,True,Capability ablation,0.6364534587831253,True,0.45184398418737315,0.7275018813850763
discovery:n12:seed201:shuffled:t4:moveable:k3,201,shuffled,4,moveable,3,False,Capability ablation,0.386869801984752,False,0.489177970793863,
discovery:n12:seed201:shuffled:t4:immovable:k1,201,shuffled,4,immovable,1,False,Capability ablation,0.09143241757596828,False,0.09588600489333966,
discovery:n12:seed202:index:t4:moveable:k2,202,index,4,moveable,2,True,Capability ablation,0.8089115135187023,True,0.21206574550939353,0.65404434264108
discovery:n12:seed202:index:t4:moveable:k3,202,index,4,moveable,3,True,Capability ablation,0.5728128762299415,True,0.5571961841366468,0.7210894884027591
discovery:n12:seed202:index:t4:immovable:k1,202,index,4,immovable,1,False,Capability ablation,0.2893766243233578,False,0.34161270024720697,
discovery:n12:seed202:shuffled:t4:moveable:k2,202,shuffled,4,moveable,2,True,Capability ablation,0.760487542535908,True,0.2737955480403485,0.7558854115154342
discovery:n12:seed202:shuffled:t4:moveable:k3,202,shuffled,4,moveable,3,True,Capability ablation,0.5014345752936815,True,0.6902821381290584,0.8229305572771133
discovery:n12:seed202:shuffled:t4:immovable:k1,202,shuffled,4,immovable,1,False,Capability ablation,0.2339729140876756,False,0.26653774966784594,
discovery:n12:seed203:index:t4:moveable:k2,203,index,4,moveable,2,True,Capability ablation,0.924499750494789,True,0.07850249803623888,0.5361390885842939
discovery:n12:seed203:index:t4:moveable:k3,203,index,4,moveable,3,False,Capability ablation,0.8436702721957602,True,1.8557878625558104,
discovery:n12:seed203:index:t4:immovable:k1,203,index,4,immovable,1,True,Capability ablation,0.38707880881026174,False,0.9491269663476404,0.2298204535725849
discovery:n12:seed203:shuffled:t4:moveable:k2,203,shuffled,4,moveable,2,True,Capability ablation,0.8491396157624309,True,0.16353165888519336,0.5161148004259586
discovery:n12:seed203:shuffled:t4:moveable:k3,203,shuffled,4,moveable,3,False,Capability ablation,0.712702604372783,True,1.247237378032004,
discovery:n12:seed203:shuffled:t4:immovable:k1,203,shuffled,4,immovable,1,True,Capability ablation,0.2249837091395682,False,1.4917272832231416,0.2097961654142496
discovery:n12:seed204:index:t4:moveable:k2,204,index,4,moveable,2,True,Capability ablation,0.8539921588955811,True,0.15783326685681792,0.5789729632226224
discovery:n12:seed204:index:t4:moveable:k3,204,index,4,moveable,3,False,Capability ablation,0.6813569034144478,True,1.1436836220240576,
discovery:n12:seed204:index:t4:immovable:k1,204,index,4,immovable,1,False,Capability ablation,0.34850910822595293,False,0.428491862907831,
discovery:n12:seed204:shuffled:t4:moveable:k2,204,shuffled,4,moveable,2,True,Capability ablation,0.8991057958374354,True,0.10635456974654857,0.48202989945742925
discovery:n12:seed204:shuffled:t4:moveable:k3,204,shuffled,4,moveable,3,True,Capability ablation,0.76514213964242,True,0.2676936589607814,0.5546042888660535
discovery:n12:seed204:shuffled:t4:immovable:k1,204,shuffled,4,immovable,1,False,Capability ablation,0.4490443862533255,False,0.5961010288876744,
discovery:n12:seed205:index:t4:moveable:k2,205,index,4,moveable,2,True,Capability ablation,0.7301543838578964,True,0.31449928246260034,0.6906651688985046
discovery:n12:seed205:index:t4:moveable:k3,205,index,4,moveable,3,False,Capability ablation,0.5037022701473054,True,0.7005792705424744,
discovery:n12:seed205:index:t4:immovable:k1,205,index,4,immovable,1,False,Capability ablation,0.16646565116151452,False,0.1820803672763024,
discovery:n12:seed205:shuffled:t4:moveable:k2,205,shuffled,4,moveable,2,True,Capability ablation,0.8002828738967812,True,0.2227900214422833,0.6702269695938472
discovery:n12:seed205:shuffled:t4:moveable:k3,205,shuffled,4,moveable,3,True,Capability ablation,0.6004802665108102,True,0.5100254997659048,0.7453118539016351
discovery:n12:seed205:shuffled:t4:immovable:k1,205,shuffled,4,immovable,1,True,Capability ablation,0.22824832471599102,False,1.4773210992229717,0.44857783905811405
discovery:n12:seed206:index:t4:moveable:k2,206,index,4,moveable,2,True,Capability ablation,0.5819737889352709,True,0.5413298684585517,0.9028841559721706
discovery:n12:seed206:index:t4:moveable:k3,206,index,4,moveable,3,True,Capability ablation,0.30053119066537265,False,1.2022037345018726,0.9527126321236795
discovery:n12:seed206:index:t4:immovable:k1,206,index,4,immovable,1,False,Capability ablation,0.11207941077036247,False,0.11887296653195964,
discovery:n12:seed206:shuffled:t4:moveable:k2,206,shuffled,4,moveable,2,True,Capability ablation,0.6020001139277446,True,0.5074976444245888,0.7845299891301599
discovery:n12:seed206:shuffled:t4:moveable:k3,206,shuffled,4,moveable,3,True,Capability ablation,0.31824582710160776,False,1.1449311536443856,0.8343584652816688
discovery:n12:seed206:shuffled:t4:immovable:k1,206,shuffled,4,immovable,1,False,Capability ablation,0.12060111849378127,False,0.1285166941190896,
discovery:n12:seed207:index:t4:moveable:k2,207,index,4,moveable,2,True,Capability ablation,0.7455363457478813,True,0.2936513924474733,0.6671379891634075
discovery:n12:seed207:index:t4:moveable:k3,207,index,4,moveable,3,True,Capability ablation,0.5156013039819132,True,0.6624214788630624,0.7023780803908634
discovery:n12:seed207:index:t4:immovable:k1,207,index,4,immovable,1,False,Capability ablation,0.20893303141780542,False,0.23437265160959347,
discovery:n12:seed207:shuffled:t4:moveable:k2,207,shuffled,4,moveable,2,True,Capability ablation,0.8534836897321496,True,0.1584288467929796,0.6463628585795085
discovery:n12:seed207:shuffled:t4:moveable:k3,207,shuffled,4,moveable,3,False,Capability ablation,0.6791066336162749,True,1.1366464029911019,
discovery:n12:seed207:shuffled:t4:immovable:k1,207,shuffled,4,immovable,1,False,Capability ablation,0.34431466315804754,False,0.4220742745644822,
discovery:n12:seed208:index:t4:moveable:k2,208,index,4,moveable,2,False,Capability ablation,0.7296710125722017,True,1.3081155897634453,
discovery:n12:seed208:index:t4:moveable:k3,208,index,4,moveable,3,False,Capability ablation,0.4922052381313581,False,0.6776779251081223,
discovery:n12:seed208:index:t4:immovable:k1,208,index,4,immovable,1,False,Capability ablation,0.17358922857420941,False,0.19066332710653286,
discovery:n12:seed208:shuffled:t4:moveable:k2,208,shuffled,4,moveable,2,True,Capability ablation,0.7369142963272065,True,0.30528368076335716,0.760777632778853
discovery:n12:seed208:shuffled:t4:moveable:k3,208,shuffled,4,moveable,3,False,Capability ablation,0.5014640208965986,True,0.6960795174537188,
discovery:n12:seed208:shuffled:t4:immovable:k1,208,shuffled,4,immovable,1,False,Capability ablation,0.17896690409098667,False,0.19719185863816804,
discovery:n12:seed209:index:t4:moveable:k2,209,index,4,moveable,2,True,Capability ablation,0.7388810696632232,True,0.3026183051351261,0.5038155539805614
discovery:n12:seed209:index:t4:moveable:k3,209,index,4,moveable,3,True,Capability ablation,0.5116744060217828,True,0.6700667819678713,0.5517809122233494
discovery:n12:seed209:index:t4:immovable:k1,209,index,4,immovable,1,False,Capability ablation,0.16584187058864372,False,0.18133229098514425,
discovery:n12:seed209:shuffled:t4:moveable:k2,209,shuffled,4,moveable,2,True,Capability ablation,0.7302819152233404,True,0.31432463415257356,0.706521024916541
discovery:n12:seed209:shuffled:t4:moveable:k3,209,shuffled,4,moveable,3,False,Capability ablation,0.5006496186631649,True,0.6944472626268485,
discovery:n12:seed209:shuffled:t4:immovable:k1,209,shuffled,4,immovable,1,True,Capability ablation,0.15982968103822914,False,1.8336465242349924,0.48643509184107436
discovery:n12:seed210:index:t4:moveable:k2,210,index,4,moveable,2,True,Capability ablation,0.6939128764961136,True,0.3654088645459488,0.47741947385523975
discovery:n12:seed210:index:t4:moveable:k3,210,index,4,moveable,3,True,Capability ablation,0.4530999046486618,False,0.7916426377512168,0.5005260336726418
discovery:n12:seed210:index:t4:immovable:k1,210,index,4,immovable,1,False,Capability ablation,0.17198744854637366,False,0.188726965951352,
discovery:n12:seed210:shuffled:t4:moveable:k2,210,shuffled,4,moveable,2,True,Capability ablation,0.7444458872706513,True,0.29511511281642167,0.6082950092652758
discovery:n12:seed210:shuffled:t4:moveable:k3,210,shuffled,4,moveable,3,False,Capability ablation,0.5156388592691178,True,0.7249244919685065,
discovery:n12:seed210:shuffled:t4:immovable:k1,210,shuffled,4,immovable,1,False,Capability ablation,0.21067234393002435,False,0.23657376415113238,
discovery:n12:seed211:index:t4:moveable:k2,211,index,4,moveable,2,False,Capability ablation,0.890475169245772,True,2.2116039905540554,
discovery:n12:seed211:index:t4:moveable:k3,211,index,4,moveable,3,True,Capability ablation,0.6324356143051054,True,0.45817685912703265,0.7098859868774325
discovery:n12:seed211:index:t4:immovable:k1,211,index,4,immovable,1,False,Capability ablation,0.3287686353772048,False,0.3986413957451172,
discovery:n12:seed211:shuffled:t4:moveable:k2,211,shuffled,4,moveable,2,False,Capability ablation,0.8252279911678048,True,1.7442729611222147,
discovery:n12:seed211:shuffled:t4:moveable:k3,211,shuffled,4,moveable,3,True,Capability ablation,0.4998133426963689,False,0.6935205648664525,0.6168799302117502
discovery:n12:seed211:shuffled:t4:immovable:k1,211,shuffled,4,immovable,1,False,Capability ablation,0.22145865897676684,False,0.250333185684196,
discovery:n12:seed212:index:t4:moveable:k2,212,index,4,moveable,2,True,Capability ablation,0.8421520756518398,True,0.17179466863515716,0.5018523052121181
discovery:n12:seed212:index:t4:moveable:k3,212,index,4,moveable,3,True,Capability ablation,0.6619247565201714,True,0.41260339035067484,0.5670705259458231
discovery:n12:seed212:index:t4:immovable:k1,212,index,4,immovable,1,False,Capability ablation,0.33165315228412656,False,0.40294800709276235,
discovery:n12:seed212:shuffled:t4:moveable:k2,212,shuffled,4,moveable,2,True,Capability ablation,0.7835695997369716,True,0.2438953893037147,0.5426994908663405
discovery:n12:seed212:shuffled:t4:moveable:k3,212,shuffled,4,moveable,3,False,Capability ablation,0.5705623104418059,True,0.8452786247805039,
discovery:n12:seed212:shuffled:t4:immovable:k1,212,shuffled,4,immovable,1,False,Capability ablation,0.2519092773713696,False,0.290231021425654,
