tick,steps,swaps,state_hash,observation_json,rep_boundary_length,rep_unlike_neighbor_fraction,rep_largest_cluster_fraction,rep_sortedness_value,rep_inversions,phase
0,0,0,d8d1b455724e,"[25, 24, 1, 23, 2, 27, 33, 11, 5, 21, 10, 30, 38, 9, 26, 17, 16, 37, 7, 20, 32, 34, 35, 13, 12, 4, 3, 31, 0, 22, 36, 29, 6, 14, 15, 39, 18, 19, 28, 8]",19.0,0.48717948717948717,0.125,0.05,382.0,pre_branch
1,56,16,c1365e9b927e,"[24, 25, 1, 23, 2, 27, 11, 5, 33, 10, 21, 30, 9, 17, 38, 16, 26, 7, 37, 20, 32, 34, 13, 35, 3, 12, 4, 0, 31, 22, 36, 6, 14, 29, 15, 39, 18, 19, 8, 28]",18.0,0.46153846153846156,0.075,0.0,366.0,pre_branch
2,117,38,67f8da1e10a0,"[1, 24, 25, 2, 11, 23, 5, 10, 27, 33, 21, 9, 30, 17, 16, 38, 7, 26, 20, 37, 32, 34, 3, 13, 35, 0, 12, 4, 22, 31, 6, 14, 36, 15, 29, 39, 8, 18, 19, 28]",15.0,0.38461538461538464,0.1,0.0,344.0,pre_branch
3,174,55,a603fdee9e88,"[1, 24, 25, 2, 11, 23, 5, 10, 21, 27, 33, 9, 17, 30, 7, 16, 26, 38, 20, 32, 34, 37, 3, 13, 0, 12, 4, 35, 6, 22, 31, 14, 15, 29, 8, 36, 39, 18, 19, 28]",12.0,0.3076923076923077,0.125,0.0,327.0,pre_branch
4,227,69,15cbee99ccd2,"[1, 24, 25, 2, 11, 5, 23, 10, 21, 27, 9, 17, 33, 7, 30, 16, 20, 26, 38, 32, 34, 37, 0, 3, 13, 4, 12, 6, 35, 22, 14, 31, 15, 29, 8, 18, 36, 19, 39, 28]",16.0,0.41025641025641024,0.1,0.075,313.0,pre_branch
5,282,86,f40f72f2f1ce,"[1, 24, 2, 25, 5, 11, 23, 10, 21, 9, 17, 7, 27, 33, 16, 30, 20, 26, 32, 34, 38, 0, 37, 3, 13, 4, 6, 12, 22, 35, 14, 15, 31, 8, 18, 19, 29, 36, 39, 28]",13.0,0.3333333333333333,0.15,0.05,296.0,pre_branch
6,338,104,ea4d8a1ad7ef,"[1, 24, 2, 25, 5, 10, 11, 23, 9, 21, 7, 17, 16, 27, 33, 20, 26, 30, 32, 34, 38, 0, 3, 4, 13, 37, 6, 12, 14, 22, 15, 8, 35, 31, 18, 19, 29, 36, 28, 39]",13.0,0.3333333333333333,0.15,0.05,278.0,pre_branch
7,394,120,587701cd9e5d,"[1, 2, 24, 5, 10, 25, 9, 11, 23, 7, 16, 21, 17, 27, 20, 33, 26, 30, 32, 0, 34, 38, 3, 4, 13, 6, 12, 37, 14, 15, 22, 8, 31, 35, 18, 19, 29, 28, 36, 39]",13.0,0.3333333333333333,0.075,0.025,262.0,pre_branch
8,449,136,2579ff3c5fed,"[1, 2, 5, 24, 9, 10, 25, 11, 7, 16, 23, 17, 20, 21, 27, 26, 33, 30, 0, 32, 34, 3, 4, 38, 6, 13, 12, 14, 37, 15, 22, 8, 18, 31, 35, 19, 29, 28, 36, 39]",14.0,0.358974358974359,0.1,0.025,246.0,pre_branch
9,503,152,7160a11c0588,"[1, 2, 5, 9, 24, 10, 11, 25, 7, 16, 17, 20, 23, 21, 26, 27, 0, 30, 33, 3, 32, 34, 4, 38, 6, 12, 13, 14, 8, 37, 15, 22, 18, 31, 19, 29, 35, 28, 36, 39]",12.0,0.3076923076923077,0.125,0.025,230.0,pre_branch
10,560,170,04c140d74dd5,"[1, 2, 5, 9, 24, 10, 7, 11, 16, 25, 17, 20, 0, 21, 23, 26, 27, 3, 30, 33, 32, 4, 34, 6, 38, 12, 8, 13, 14, 15, 37, 18, 22, 19, 29, 31, 35, 28, 36, 39]",13.0,0.3333333333333333,0.125,0.025,212.0,pre_branch
11,611,182,bed1f563c6d4,"[1, 2, 5, 9, 24, 7, 10, 11, 16, 17, 20, 25, 0, 21, 23, 26, 3, 27, 30, 33, 4, 32, 6, 34, 8, 38, 12, 13, 14, 15, 18, 19, 37, 22, 29, 31, 28, 35, 36, 39]",9.0,0.23076923076923078,0.175,0.025,200.0,pre_branch
12,660,193,dfa40b8060de,"[1, 2, 5, 9, 7, 10, 24, 11, 16, 17, 0, 20, 21, 25, 3, 23, 26, 27, 30, 33, 4, 6, 32, 8, 34, 12, 38, 13, 14, 15, 18, 19, 37, 22, 29, 28, 31, 35, 36, 39]",10.0,0.2564102564102564,0.15,0.025,189.0,pre_branch
13,707,201,aa1d68ca8452,"[1, 2, 5, 7, 9, 10, 11, 16, 24, 0, 17, 20, 21, 25, 3, 23, 26, 27, 30, 4, 6, 33, 32, 8, 12, 34, 38, 13, 14, 15, 18, 19, 37, 22, 28, 29, 31, 35, 36, 39]",7.0,0.1794871794871795,0.225,0.025,181.0,pre_branch
14,756,211,3ba50311a10d,"[1, 2, 5, 7, 9, 10, 11, 16, 24, 0, 17, 20, 21, 3, 25, 23, 4, 26, 27, 6, 30, 32, 8, 33, 12, 34, 13, 38, 14, 15, 18, 19, 22, 28, 37, 29, 31, 35, 36, 39]",10.0,0.2564102564102564,0.225,0.025,171.0,pre_branch
15,808,224,2be3bc96b513,"[1, 2, 5, 7, 9, 10, 11, 16, 0, 24, 17, 3, 20, 21, 4, 25, 23, 6, 26, 27, 8, 30, 32, 12, 33, 13, 34, 38, 14, 15, 18, 19, 22, 28, 29, 31, 37, 35, 36, 39]",11.0,0.28205128205128205,0.225,0.025,158.0,pre_branch
16,858,236,8d310ed72f3d,"[1, 2, 5, 7, 9, 10, 11, 0, 16, 17, 24, 3, 4, 20, 21, 23, 25, 6, 26, 8, 27, 30, 32, 12, 13, 33, 34, 14, 15, 18, 19, 38, 22, 28, 29, 31, 35, 37, 36, 39]",8.0,0.20512820512820512,0.175,0.05,146.0,pre_branch
17,906,246,0c5ea890ad25,"[1, 2, 5, 7, 9, 10, 0, 11, 16, 17, 3, 24, 4, 20, 21, 23, 6, 25, 8, 26, 27, 12, 30, 32, 13, 33, 14, 34, 15, 18, 19, 22, 28, 38, 29, 31, 35, 36, 37, 39]",10.0,0.2564102564102564,0.15,0.025,136.0,pre_branch
18,956,256,aeb8d47a8861,"[1, 2, 5, 7, 9, 0, 10, 3, 11, 16, 17, 24, 4, 20, 21, 6, 23, 8, 25, 26, 27, 12, 30, 13, 32, 14, 33, 15, 18, 34, 19, 22, 28, 38, 29, 31, 35, 36, 37, 39]",11.0,0.28205128205128205,0.15,0.025,126.0,pre_branch
19,1008,268,920657fc7903,"[1, 2, 5, 7, 9, 0, 10, 3, 11, 16, 4, 17, 20, 21, 24, 6, 8, 23, 25, 12, 26, 27, 30, 13, 14, 32, 15, 18, 33, 34, 19, 22, 28, 29, 31, 38, 35, 36, 37, 39]",9.0,0.23076923076923078,0.15,0.025,114.0,pre_branch
20,1054,274,e43682923d42,"[1, 2, 5, 7, 9, 0, 10, 3, 11, 16, 4, 17, 20, 21, 24, 6, 8, 23, 25, 12, 26, 27, 13, 14, 30, 15, 32, 18, 33, 19, 22, 34, 28, 29, 31, 35, 38, 36, 37, 39]",11.0,0.28205128205128205,0.125,0.05,108.0,pre_branch
21,1105,285,45971de769b1,"[1, 2, 5, 7, 0, 9, 10, 3, 4, 11, 16, 17, 20, 21, 6, 24, 8, 23, 25, 12, 26, 13, 14, 27, 15, 30, 18, 32, 19, 33, 22, 28, 34, 29, 31, 35, 36, 38, 37, 39]",12.0,0.3076923076923077,0.175,0.075,97.0,pre_branch
22,1159,299,e08b9a367a83,"[1, 2, 0, 5, 7, 9, 3, 4, 10, 11, 16, 17, 20, 6, 8, 21, 24, 12, 23, 25, 26, 13, 14, 15, 27, 30, 18, 19, 32, 22, 33, 28, 29, 34, 31, 35, 36, 37, 38, 39]",9.0,0.23076923076923078,0.175,0.125,83.0,pre_branch
23,1208,310,a4354960ead1,"[1, 0, 2, 5, 7, 9, 3, 4, 10, 11, 16, 17, 6, 20, 8, 12, 21, 24, 23, 13, 25, 14, 15, 26, 18, 27, 30, 19, 32, 22, 28, 33, 29, 34, 31, 35, 36, 37, 38, 39]",12.0,0.3076923076923077,0.15,0.15,72.0,pre_branch
24,1260,323,8aceb3c6cdee,"[0, 1, 2, 5, 3, 7, 9, 4, 10, 11, 16, 17, 6, 8, 12, 20, 21, 23, 24, 13, 14, 15, 25, 18, 26, 27, 19, 30, 22, 28, 32, 33, 29, 31, 34, 35, 36, 37, 38, 39]",8.0,0.20512820512820512,0.2,0.225,59.0,pre_branch
25,1305,329,79e3fb77dcc1,"[0, 1, 2, 3, 5, 7, 9, 4, 10, 11, 16, 17, 6, 8, 12, 20, 21, 23, 13, 14, 24, 15, 25, 18, 26, 19, 27, 22, 30, 28, 32, 29, 33, 31, 34, 35, 36, 37, 38, 39]",10.0,0.2564102564102564,0.175,0.25,53.0,pre_branch
26,1351,336,726ee7f27627,"[0, 1, 2, 3, 5, 7, 4, 9, 10, 11, 16, 17, 6, 8, 12, 20, 21, 13, 23, 14, 15, 24, 25, 18, 19, 26, 27, 22, 28, 30, 29, 32, 31, 33, 34, 35, 36, 37, 38, 39]",8.0,0.20512820512820512,0.2,0.3,46.0,pre_branch
27,1396,343,3d45a295cdbe,"[0, 1, 2, 3, 5, 4, 7, 9, 10, 11, 16, 17, 6, 8, 12, 13, 20, 21, 14, 15, 23, 24, 18, 25, 19, 26, 27, 22, 28, 30, 29, 31, 32, 33, 34, 35, 36, 37, 38, 39]",7.0,0.1794871794871795,0.25,0.35,39.0,pre_branch
28,1441,349,fbd2fb4009b8,"[0, 1, 2, 3, 4, 5, 7, 9, 10, 11, 16, 17, 6, 8, 12, 13, 20, 14, 15, 21, 23, 18, 24, 25, 19, 22, 26, 27, 28, 30, 29, 31, 32, 33, 34, 35, 36, 37, 38, 39]",5.0,0.1282051282051282,0.3,0.45,33.0,pre_branch
29,1485,353,64474632934b,"[0, 1, 2, 3, 4, 5, 7, 9, 10, 11, 16, 6, 8, 17, 12, 13, 14, 20, 15, 21, 23, 18, 24, 25, 19, 22, 26, 27, 28, 29, 30, 31, 32, 33, 34, 35, 36, 37, 38, 39]",5.0,0.1282051282051282,0.4,0.5,29.0,pre_branch
30,1528,357,efc07ff83a43,"[0, 1, 2, 3, 4, 5, 7, 9, 10, 11, 6, 8, 16, 17, 12, 13, 14, 15, 20, 21, 18, 23, 24, 25, 19, 22, 26, 27, 28, 29, 30, 31, 32, 33, 34, 35, 36, 37, 38, 39]",4.0,0.10256410256410256,0.4,0.5,25.0,pre_branch
31,1571,362,3766362aadc8,"[0, 1, 2, 3, 4, 5, 7, 9, 6, 10, 11, 8, 16, 17, 12, 13, 14, 15, 18, 20, 21, 23, 24, 19, 25, 22, 26, 27, 28, 29, 30, 31, 32, 33, 34, 35, 36, 37, 38, 39]",5.0,0.1282051282051282,0.375,0.525,20.0,pre_branch
32,1613,364,52a0894cf403,"[0, 1, 2, 3, 4, 5, 7, 9, 6, 10, 8, 11, 16, 17, 12, 13, 14, 15, 18, 20, 21, 23, 24, 19, 22, 25, 26, 27, 28, 29, 30, 31, 32, 33, 34, 35, 36, 37, 38, 39]",4.0,0.10256410256410256,0.425,0.575,18.0,pre_branch
33,1660,372,27c2eb03783e,"[0, 1, 2, 3, 4, 5, 6, 7, 9, 8, 10, 11, 16, 12, 13, 17, 14, 15, 18, 20, 21, 19, 23, 22, 24, 25, 26, 27, 28, 29, 30, 31, 32, 33, 34, 35, 36, 37, 38, 39]",5.0,0.1282051282051282,0.425,0.675,10.0,pre_branch
33,1660,372,e02397b8db78,"[0, 1, 2, 3, 30, 31, 32, 33, 34, 35, 36, 37, 16, 12, 13, 17, 14, 15, 18, 20, 21, 19, 23, 22, 24, 25, 26, 27, 28, 29, 4, 5, 6, 7, 9, 8, 10, 11, 38, 39]",7.0,0.1794871794871795,0.3,0.325,362.0,post_intervention
34,1706,380,d02e1582edf2,"[0, 1, 2, 3, 30, 31, 32, 33, 34, 35, 16, 36, 12, 13, 37, 14, 15, 17, 18, 20, 21, 19, 22, 23, 24, 25, 26, 27, 28, 4, 29, 5, 6, 7, 9, 8, 10, 11, 38, 39]",7.0,0.1794871794871795,0.25,0.425,354.0,post_intervention
35,1757,392,8fc363a8d208,"[0, 1, 2, 3, 30, 31, 32, 33, 16, 34, 35, 36, 12, 13, 14, 15, 17, 18, 37, 19, 20, 21, 22, 23, 24, 25, 26, 27, 4, 28, 5, 6, 29, 7, 8, 9, 10, 11, 38, 39]",6.0,0.15384615384615385,0.225,0.475,342.0,post_intervention
36,1806,401,f24deeb8147c,"[0, 1, 2, 3, 30, 16, 31, 32, 33, 34, 35, 36, 12, 13, 14, 15, 17, 18, 19, 37, 20, 21, 22, 23, 24, 25, 26, 27, 4, 5, 28, 6, 7, 8, 9, 10, 29, 11, 38, 39]",6.0,0.15384615384615385,0.2,0.45,333.0,post_intervention
37,1851,406,62faa08f4066,"[0, 1, 2, 3, 16, 30, 31, 32, 33, 34, 35, 12, 13, 36, 14, 15, 17, 18, 19, 20, 37, 21, 22, 23, 24, 25, 26, 27, 4, 5, 28, 6, 7, 8, 9, 10, 11, 29, 38, 39]",5.0,0.1282051282051282,0.275,0.375,328.0,post_intervention
38,1897,414,c625f8626b91,"[0, 1, 2, 3, 16, 30, 31, 32, 33, 12, 34, 35, 13, 14, 36, 15, 17, 18, 19, 20, 21, 22, 37, 23, 24, 25, 26, 4, 27, 5, 6, 7, 28, 8, 9, 10, 11, 29, 38, 39]",7.0,0.1794871794871795,0.225,0.275,320.0,post_intervention
39,1941,420,6441be82b950,"[0, 1, 2, 3, 16, 30, 31, 32, 12, 33, 34, 35, 13, 14, 15, 36, 17, 18, 19, 20, 21, 22, 23, 24, 37, 25, 26, 4, 5, 27, 6, 7, 8, 28, 9, 10, 11, 29, 38, 39]",7.0,0.1794871794871795,0.225,0.2,314.0,post_intervention
40,1984,425,f54074721941,"[0, 1, 2, 3, 16, 30, 31, 12, 32, 33, 34, 35, 13, 14, 15, 17, 36, 18, 19, 20, 21, 22, 23, 24, 37, 25, 4, 26, 5, 6, 27, 7, 8, 9, 28, 10, 11, 29, 38, 39]",8.0,0.20512820512820512,0.2,0.175,309.0,post_intervention
41,2033,435,f0373df65675,"[0, 1, 2, 3, 16, 12, 30, 31, 32, 33, 13, 34, 35, 14, 15, 17, 18, 36, 19, 20, 21, 22, 23, 24, 4, 37, 25, 26, 5, 6, 7, 8, 9, 27, 28, 10, 11, 29, 38, 39]",8.0,0.20512820512820512,0.175,0.15,299.0,post_intervention
42,2084,447,247570266f20,"[0, 1, 2, 3, 12, 16, 30, 31, 32, 13, 33, 14, 34, 35, 15, 17, 18, 36, 19, 20, 21, 22, 4, 23, 24, 25, 37, 5, 6, 7, 8, 26, 9, 27, 10, 28, 11, 29, 38, 39]",9.0,0.23076923076923078,0.225,0.225,287.0,post_intervention
43,2132,457,88a56b1738df,"[0, 1, 2, 3, 12, 16, 30, 13, 31, 32, 33, 14, 34, 15, 35, 17, 18, 19, 36, 20, 4, 21, 22, 23, 5, 24, 25, 37, 6, 7, 8, 26, 9, 27, 10, 11, 28, 29, 38, 39]",10.0,0.2564102564102564,0.175,0.225,277.0,post_intervention
44,2180,466,34f77824f4e2,"[0, 1, 2, 3, 12, 16, 13, 30, 31, 32, 14, 33, 34, 15, 35, 17, 18, 19, 36, 4, 20, 5, 21, 22, 23, 24, 25, 37, 6, 7, 8, 9, 26, 10, 11, 27, 28, 29, 38, 39]",8.0,0.20512820512820512,0.175,0.175,268.0,post_intervention
45,2226,474,2bc712ac3595,"[0, 1, 2, 3, 12, 13, 16, 30, 14, 31, 32, 33, 15, 34, 17, 35, 18, 19, 4, 36, 5, 20, 21, 22, 23, 24, 25, 37, 6, 7, 8, 9, 10, 26, 11, 27, 28, 29, 38, 39]",8.0,0.20512820512820512,0.2,0.15,260.0,post_intervention
46,2274,483,47d55fb6608b,"[0, 1, 2, 3, 12, 13, 14, 16, 30, 31, 32, 33, 15, 17, 34, 35, 4, 18, 5, 19, 36, 20, 21, 22, 23, 24, 25, 6, 37, 7, 8, 9, 10, 11, 26, 27, 28, 29, 38, 39]",6.0,0.15384615384615385,0.3,0.175,251.0,post_intervention
47,2323,493,29186b0e66cb,"[0, 1, 2, 3, 12, 13, 14, 16, 30, 31, 15, 32, 33, 17, 4, 34, 35, 5, 18, 19, 20, 21, 36, 22, 23, 6, 24, 25, 7, 37, 8, 9, 10, 11, 26, 27, 28, 29, 38, 39]",8.0,0.20512820512820512,0.25,0.25,241.0,post_intervention
48,2373,504,e96664529e7a,"[0, 1, 2, 3, 12, 13, 14, 16, 30, 15, 31, 32, 4, 33, 17, 34, 5, 35, 18, 19, 20, 21, 22, 6, 36, 23, 7, 24, 25, 8, 9, 37, 10, 11, 26, 27, 28, 29, 38, 39]",10.0,0.2564102564102564,0.225,0.275,230.0,post_intervention
49,2419,512,4e37c98e949b,"[0, 1, 2, 3, 12, 13, 14, 16, 15, 30, 31, 32, 4, 33, 5, 17, 34, 18, 19, 35, 20, 21, 6, 22, 23, 36, 7, 24, 8, 25, 9, 37, 10, 11, 26, 27, 28, 29, 38, 39]",10.0,0.2564102564102564,0.2,0.2,222.0,post_intervention
50,2469,524,1f7ba5c3f083,"[0, 1, 2, 3, 12, 13, 14, 15, 16, 30, 31, 32, 4, 5, 33, 17, 18, 34, 19, 20, 35, 6, 21, 22, 23, 7, 8, 24, 36, 9, 25, 10, 11, 37, 26, 27, 28, 29, 38, 39]",8.0,0.20512820512820512,0.3,0.15,210.0,post_intervention
51,2517,533,99d76da469ce,"[0, 1, 2, 3, 12, 13, 14, 15, 16, 30, 31, 4, 32, 5, 17, 33, 18, 19, 34, 20, 35, 6, 21, 22, 7, 8, 23, 9, 24, 36, 10, 11, 25, 37, 26, 27, 28, 29, 38, 39]",9.0,0.23076923076923078,0.275,0.15,201.0,post_intervention
52,2566,542,449f1c9cf0ce,"[0, 1, 2, 3, 12, 13, 14, 15, 16, 30, 4, 31, 32, 5, 17, 18, 33, 19, 20, 34, 6, 21, 35, 7, 22, 8, 9, 23, 24, 10, 36, 11, 25, 26, 37, 27, 28, 29, 38, 39]",9.0,0.23076923076923078,0.25,0.175,192.0,post_intervention
53,2621,557,087890dad545,"[0, 1, 2, 3, 12, 13, 14, 15, 16, 4, 30, 31, 32, 5, 17, 18, 19, 6, 20, 33, 21, 34, 7, 35, 8, 9, 22, 23, 10, 24, 11, 25, 26, 36, 27, 37, 28, 29, 38, 39]",10.0,0.2564102564102564,0.225,0.15,177.0,post_intervention
54,2667,564,adc5aac656c4,"[0, 1, 2, 3, 12, 13, 14, 15, 16, 4, 30, 31, 5, 17, 32, 6, 18, 19, 20, 21, 33, 34, 7, 35, 8, 9, 22, 10, 23, 11, 24, 25, 26, 36, 27, 37, 28, 29, 38, 39]",9.0,0.23076923076923078,0.225,0.15,170.0,post_intervention
55,2711,568,26ea752fd1de,"[0, 1, 2, 3, 12, 13, 14, 15, 16, 4, 30, 5, 31, 17, 32, 6, 18, 19, 20, 21, 33, 34, 7, 35, 8, 9, 10, 22, 11, 23, 24, 25, 26, 27, 36, 37, 28, 29, 38, 39]",8.0,0.20512820512820512,0.225,0.15,166.0,post_intervention
56,2762,579,820df90f64da,"[0, 1, 2, 3, 12, 13, 14, 15, 4, 16, 5, 30, 6, 31, 17, 18, 32, 19, 20, 21, 7, 33, 34, 8, 9, 35, 10, 11, 22, 23, 24, 25, 26, 27, 36, 37, 28, 29, 38, 39]",9.0,0.23076923076923078,0.25,0.15,155.0,post_intervention
57,2809,587,b4b3b0c43529,"[0, 1, 2, 3, 12, 13, 14, 4, 15, 5, 16, 6, 30, 17, 18, 31, 19, 32, 20, 21, 7, 33, 34, 8, 9, 35, 10, 11, 22, 23, 24, 25, 26, 27, 28, 36, 37, 29, 38, 39]",10.0,0.2564102564102564,0.275,0.15,147.0,post_intervention
58,2860,599,a4e8d44707f1,"[0, 1, 2, 3, 12, 13, 14, 4, 5, 15, 6, 16, 17, 30, 18, 19, 31, 32, 20, 7, 21, 8, 33, 9, 10, 34, 11, 35, 22, 23, 24, 25, 26, 27, 28, 36, 29, 37, 38, 39]",10.0,0.2564102564102564,0.2,0.175,135.0,post_intervention
59,2909,608,0b38313478ba,"[0, 1, 2, 3, 12, 13, 14, 4, 5, 6, 15, 16, 17, 30, 18, 19, 31, 32, 7, 20, 21, 8, 9, 10, 33, 11, 22, 34, 23, 35, 24, 25, 26, 27, 28, 29, 36, 37, 38, 39]",7.0,0.1794871794871795,0.25,0.2,126.0,post_intervention
60,2962,622,2589d17f7645,"[0, 1, 2, 3, 12, 4, 13, 14, 5, 6, 15, 16, 17, 18, 30, 19, 31, 7, 32, 8, 20, 9, 21, 10, 11, 22, 33, 23, 24, 34, 25, 26, 35, 27, 28, 29, 36, 37, 38, 39]",10.0,0.2564102564102564,0.175,0.225,112.0,post_intervention
61,3013,635,e53d89ecd5c9,"[0, 1, 2, 3, 4, 12, 13, 5, 6, 14, 15, 16, 17, 18, 7, 30, 19, 31, 32, 8, 9, 20, 10, 21, 11, 22, 23, 24, 33, 25, 26, 34, 27, 35, 28, 29, 36, 37, 38, 39]",9.0,0.23076923076923078,0.175,0.225,99.0,post_intervention
62,3062,645,25ab4dbff14d,"[0, 1, 2, 3, 4, 12, 13, 5, 6, 14, 7, 15, 16, 17, 18, 19, 30, 31, 32, 8, 9, 10, 20, 11, 21, 22, 23, 24, 25, 33, 26, 34, 27, 28, 29, 35, 36, 37, 38, 39]",6.0,0.15384615384615385,0.225,0.25,89.0,post_intervention
63,3109,652,2e659d24d50e,"[0, 1, 2, 3, 4, 12, 5, 13, 6, 7, 14, 15, 16, 17, 18, 19, 30, 31, 8, 32, 9, 10, 11, 20, 21, 22, 23, 24, 25, 26, 27, 33, 34, 28, 29, 35, 36, 37, 38, 39]",5.0,0.1282051282051282,0.325,0.25,82.0,post_intervention
64,3152,656,822a3907ff4e,"[0, 1, 2, 3, 4, 5, 12, 13, 6, 7, 14, 15, 16, 17, 18, 19, 30, 31, 8, 9, 32, 10, 11, 20, 21, 22, 23, 24, 25, 26, 27, 28, 33, 34, 29, 35, 36, 37, 38, 39]",4.0,0.10256410256410256,0.325,0.275,78.0,post_intervention
65,3196,661,a9d16512fbad,"[0, 1, 2, 3, 4, 5, 12, 6, 13, 7, 14, 15, 16, 17, 18, 19, 30, 8, 31, 9, 10, 32, 11, 20, 21, 22, 23, 24, 25, 26, 27, 28, 29, 33, 34, 35, 36, 37, 38, 39]",5.0,0.1282051282051282,0.45,0.325,73.0,post_intervention
66,3241,666,e9b9a8366f2e,"[0, 1, 2, 3, 4, 5, 6, 12, 7, 13, 14, 15, 16, 17, 18, 8, 19, 30, 31, 9, 10, 11, 32, 20, 21, 22, 23, 24, 25, 26, 27, 28, 29, 33, 34, 35, 36, 37, 38, 39]",4.0,0.10256410256410256,0.425,0.35,68.0,post_intervention
67,3284,670,fea06243aff9,"[0, 1, 2, 3, 4, 5, 6, 12, 7, 13, 14, 15, 16, 17, 18, 8, 19, 9, 30, 10, 31, 11, 20, 32, 21, 22, 23, 24, 25, 26, 27, 28, 29, 33, 34, 35, 36, 37, 38, 39]",6.0,0.15384615384615385,0.4,0.35,64.0,post_intervention
68,3328,674,68f5f14b0914,"[0, 1, 2, 3, 4, 5, 6, 7, 12, 13, 14, 15, 16, 17, 18, 8, 9, 19, 30, 10, 11, 20, 31, 32, 21, 22, 23, 24, 25, 26, 27, 28, 29, 33, 34, 35, 36, 37, 38, 39]",3.0,0.07692307692307693,0.4,0.375,60.0,post_intervention
69,3372,679,bf806833ea24,"[0, 1, 2, 3, 4, 5, 6, 7, 12, 13, 14, 15, 16, 17, 8, 9, 18, 19, 10, 30, 11, 20, 21, 31, 32, 22, 23, 24, 25, 26, 27, 28, 29, 33, 34, 35, 36, 37, 38, 39]",4.0,0.10256410256410256,0.375,0.375,55.0,post_intervention
70,3418,686,971e3754cb77,"[0, 1, 2, 3, 4, 5, 6, 7, 12, 13, 14, 15, 16, 8, 9, 17, 18, 10, 11, 19, 30, 20, 21, 22, 31, 32, 23, 24, 25, 26, 27, 28, 29, 33, 34, 35, 36, 37, 38, 39]",4.0,0.10256410256410256,0.35,0.4,48.0,post_intervention
71,3460,689,61a6d95c9513,"[0, 1, 2, 3, 4, 5, 6, 7, 12, 13, 14, 15, 8, 16, 9, 10, 17, 18, 11, 19, 30, 20, 21, 22, 31, 32, 23, 24, 25, 26, 27, 28, 29, 33, 34, 35, 36, 37, 38, 39]",5.0,0.1282051282051282,0.35,0.4,45.0,post_intervention
72,3509,698,07db61682f25,"[0, 1, 2, 3, 4, 5, 6, 7, 12, 13, 14, 8, 15, 9, 16, 10, 17, 11, 18, 19, 30, 20, 21, 22, 23, 24, 31, 25, 26, 32, 27, 28, 29, 33, 34, 35, 36, 37, 38, 39]",7.0,0.1794871794871795,0.275,0.425,36.0,post_intervention
73,3553,704,cd37d9ffb60c,"[0, 1, 2, 3, 4, 5, 6, 7, 12, 13, 8, 14, 9, 15, 10, 16, 17, 11, 18, 19, 30, 20, 21, 22, 23, 24, 25, 26, 31, 27, 32, 28, 29, 33, 34, 35, 36, 37, 38, 39]",7.0,0.1794871794871795,0.25,0.425,30.0,post_intervention
74,3596,707,4f5f3413a659,"[0, 1, 2, 3, 4, 5, 6, 7, 12, 13, 8, 14, 9, 15, 10, 16, 17, 11, 18, 19, 20, 30, 21, 22, 23, 24, 25, 26, 27, 31, 28, 32, 29, 33, 34, 35, 36, 37, 38, 39]",7.0,0.1794871794871795,0.25,0.45,27.0,post_intervention
75,3641,713,7bc46c2e7baa,"[0, 1, 2, 3, 4, 5, 6, 7, 12, 8, 13, 14, 9, 10, 15, 11, 16, 17, 18, 19, 20, 30, 21, 22, 23, 24, 25, 26, 27, 28, 31, 29, 32, 33, 34, 35, 36, 37, 38, 39]",5.0,0.1282051282051282,0.225,0.525,21.0,post_intervention
76,3684,717,ba64f5cb45b0,"[0, 1, 2, 3, 4, 5, 6, 7, 12, 8, 13, 9, 10, 14, 11, 15, 16, 17, 18, 19, 20, 21, 30, 22, 23, 24, 25, 26, 27, 28, 31, 29, 32, 33, 34, 35, 36, 37, 38, 39]",5.0,0.1282051282051282,0.225,0.575,17.0,post_intervention
77,3730,723,0b584984ca86,"[0, 1, 2, 3, 4, 5, 6, 7, 8, 12, 9, 13, 10, 11, 14, 15, 16, 17, 18, 19, 20, 21, 22, 23, 30, 24, 25, 26, 27, 28, 29, 31, 32, 33, 34, 35, 36, 37, 38, 39]",3.0,0.07692307692307693,0.375,0.7,11.0,post_intervention
78,3772,726,f2948afc813b,"[0, 1, 2, 3, 4, 5, 6, 7, 8, 12, 9, 13, 10, 11, 14, 15, 16, 17, 18, 19, 20, 21, 22, 23, 24, 25, 26, 30, 27, 28, 29, 31, 32, 33, 34, 35, 36, 37, 38, 39]",3.0,0.07692307692307693,0.4,0.775,8.0,post_intervention
79,3814,729,600aaebe0b58,"[0, 1, 2, 3, 4, 5, 6, 7, 8, 9, 12, 10, 11, 13, 14, 15, 16, 17, 18, 19, 20, 21, 22, 23, 24, 25, 26, 30, 27, 28, 29, 31, 32, 33, 34, 35, 36, 37, 38, 39]",2.0,0.05128205128205128,0.425,0.825,5.0,post_intervention
80,3854,731,9a72d3ddeba3,"[0, 1, 2, 3, 4, 5, 6, 7, 8, 9, 10, 12, 11, 13, 14, 15, 16, 17, 18, 19, 20, 21, 22, 23, 24, 25, 26, 27, 30, 28, 29, 31, 32, 33, 34, 35, 36, 37, 38, 39]",2.0,0.05128205128205128,0.425,0.875,3.0,post_intervention
81,3893,732,ff51696d7ac6,"[0, 1, 2, 3, 4, 5, 6, 7, 8, 9, 10, 11, 12, 13, 14, 15, 16, 17, 18, 19, 20, 21, 22, 23, 24, 25, 26, 27, 30, 28, 29, 31, 32, 33, 34, 35, 36, 37, 38, 39]",1.0,0.02564102564102564,0.725,0.925,2.0,post_intervention
82,3933,734,8168a8f12121,"[0, 1, 2, 3, 4, 5, 6, 7, 8, 9, 10, 11, 12, 13, 14, 15, 16, 17, 18, 19, 20, 21, 22, 23, 24, 25, 26, 27, 28, 29, 30, 31, 32, 33, 34, 35, 36, 37, 38, 39]",0.0,0.0,1.0,1.0,0.0,post_intervention
