activation_schedule,branch_tick,freeze_mode,freeze_count,runs,goal_rate,Capability-aware macro,Intervention-only null,capability_gain
shuffled,4,moveable,3,6,0.5,0.39765930308670816,0.9145258188475608,0.5168665157608526
index,4,moveable,2,6,0.6666666666666666,0.5049046075098208,0.8049591262092095,0.3000545186993887
index,4,moveable,3,6,0.3333333333333333,0.5444667294384686,0.8222993660190828,0.2778326365806142
index,4,immovable,1,6,0.16666666666666666,0.35381616493119233,0.6018890676177938,0.24807290268660148
shuffled,4,moveable,2,6,0.6666666666666666,0.6024244669743201,0.8264740019272505,0.22404953495293045
shuffled,4,immovable,1,6,0.16666666666666666,0.3778876413586087,0.5968558132948061,0.2189681719361974
index,0,moveable,3,6,0.16666666666666666,0.4206647971164524,0.5452505942958021,0.12458579717934976
shuffled,0,moveable,3,6,0.16666666666666666,0.4206647971164524,0.5441783725861423,0.12351357546968994
index,0,moveable,2,6,0.5,0.7114887079764985,0.7615358915634233,0.050047183586924726
shuffled,0,moveable,2,6,0.5,0.7114887079764985,0.7596520511192756,0.04816334314277704
shuffled,4,immovable,2,6,0.0,0.02387001606260633,0.03804738414775389,0.014177368085147558
shuffled,0,immovable,2,6,0.0,0.002375361896578019,0.015420521130802695,0.013045159234224675
index,0,immovable,2,6,0.0,0.002375361896578019,0.013733331188069067,0.011357969291491047
shuffled,4,immovable,3,6,0.0,5.7056069448602424e-05,0.007211734794393746,0.007154678724945144
index,4,immovable,3,6,0.0,0.00013771156144386305,0.0063671687880348235,0.00622945722659096
shuffled,0,immovable,3,6,0.0,0.00011088783240747879,0.0028735719772981553,0.0027626841448906763
index,0,immovable,3,6,0.0,0.00011088783240747879,0.0025606933043817045,0.0024498054719742255
index,4,immovable,2,6,0.0,0.044987520489501415,0.03362919036807712,-0.011358330121424294
shuffled,4,moveable,1,6,1.0,0.13247631463921072,0.05235141333594373,-0.080124901303267
index,4,moveable,1,6,1.0,0.14180944205555582,0.05905946748820847,-0.08274997456734734
index,0,moveable,1,6,1.0,0.2253888265716124,0.13232367114386537,-0.09306515542774704
shuffled,0,moveable,1,6,1.0,0.2253888265716124,0.11718796210497635,-0.10820086446663606
shuffled,0,immovable,1,6,0.0,0.24565313356874977,0.08278657038168462,-0.16286656318706516
index,0,immovable,1,6,0.0,0.24565313356874977,0.0738201811022977,-0.17183295246645208
