rule,freeze_kind,freeze_count,mean_bubble,mean_selection,published_bubble,published_selection,expected_bubble_lower,passed,arm,condition,goal_rate,drop_from_control,changed_any_representation,n,goal_rate_shuffled,goal_rate_index,median_ticks_shuffled,median_ticks_index,qualitative_match
C1_rank_inversion,moveable,1,0.0,0.925,0.0,2.24,True,True,,,,,,,,,,,
C1_rank_inversion,moveable,2,0.425,1.9,0.8,4.36,True,True,,,,,,,,,,,
C1_rank_inversion,moveable,3,1.0,2.825,2.64,13.24,True,True,,,,,,,,,,,
C1_rank_inversion,immovable,1,1.925,0.95,1.91,1.0,False,True,,,,,,,,,,,
C1_rank_inversion,immovable,2,3.65,1.975,3.72,1.96,False,True,,,,,,,,,,,
C1_rank_inversion,immovable,3,5.25,2.85,5.37,2.91,False,True,,,,,,,,,,,
C2_goal_rate,,,,,,,,,bubble,none,1.0,0.0,0.0,40,,,,,
C2_goal_rate,,,,,,,,,bubble,freeze_moveable_1,1.0,0.0,0.0,40,,,,,
C2_goal_rate,,,,,,,,,bubble,freeze_moveable_2,1.0,0.0,0.0,40,,,,,
C2_goal_rate,,,,,,,,,bubble,freeze_moveable_3,0.975,0.025000000000000022,0.0,40,,,,,
C2_goal_rate,,,,,,,,,bubble,freeze_immovable_1,0.725,0.275,0.0,40,,,,,
C2_goal_rate,,,,,,,,,bubble,freeze_immovable_2,0.6,0.4,0.0,40,,,,,
C2_goal_rate,,,,,,,,,bubble,freeze_immovable_3,0.575,0.42500000000000004,0.0,40,,,,,
C2_goal_rate,,,,,,,,,bubble,block_swap,1.0,0.0,1.0,40,,,,,
C2_goal_rate,,,,,,,,,bubble,randomize,1.0,0.0,1.0,40,,,,,
C2_goal_rate,,,,,,,,,insertion,none,1.0,0.0,0.0,40,,,,,
C2_goal_rate,,,,,,,,,insertion,freeze_moveable_1,0.95,0.050000000000000044,0.0,40,,,,,
C2_goal_rate,,,,,,,,,insertion,freeze_moveable_2,0.925,0.07499999999999996,0.0,40,,,,,
C2_goal_rate,,,,,,,,,insertion,freeze_moveable_3,0.925,0.07499999999999996,0.0,40,,,,,
C2_goal_rate,,,,,,,,,insertion,freeze_immovable_1,0.375,0.625,0.0,40,,,,,
C2_goal_rate,,,,,,,,,insertion,freeze_immovable_2,0.075,0.925,0.0,40,,,,,
C2_goal_rate,,,,,,,,,insertion,freeze_immovable_3,0.025,0.975,0.0,40,,,,,
C2_goal_rate,,,,,,,,,insertion,block_swap,1.0,0.0,1.0,40,,,,,
C2_goal_rate,,,,,,,,,insertion,randomize,1.0,0.0,1.0,40,,,,,
C2_goal_rate,,,,,,,,,selection,none,1.0,0.0,0.0,40,,,,,
C2_goal_rate,,,,,,,,,selection,freeze_moveable_1,0.8,0.19999999999999996,0.0,40,,,,,
C2_goal_rate,,,,,,,,,selection,freeze_moveable_2,0.9,0.09999999999999998,0.0,40,,,,,
C2_goal_rate,,,,,,,,,selection,freeze_moveable_3,0.7,0.30000000000000004,0.0,40,,,,,
C2_goal_rate,,,,,,,,,selection,freeze_immovable_1,0.95,0.050000000000000044,0.0,40,,,,,
C2_goal_rate,,,,,,,,,selection,freeze_immovable_2,0.65,0.35,0.0,40,,,,,
C2_goal_rate,,,,,,,,,selection,freeze_immovable_3,0.6,0.4,0.0,40,,,,,
C2_goal_rate,,,,,,,,,selection,block_swap,0.05,0.95,1.0,40,,,,,
C2_goal_rate,,,,,,,,,selection,randomize,0.1,0.9,1.0,40,,,,,
C2_goal_rate,,,,,,,,,random_swap,none,0.0,0.0,0.0,40,,,,,
C2_goal_rate,,,,,,,,,random_swap,freeze_moveable_1,0.0,0.0,0.0,40,,,,,
C2_goal_rate,,,,,,,,,random_swap,freeze_moveable_2,0.0,0.0,0.0,40,,,,,
C2_goal_rate,,,,,,,,,random_swap,freeze_moveable_3,0.0,0.0,0.0,40,,,,,
C2_goal_rate,,,,,,,,,random_swap,freeze_immovable_1,0.0,0.0,0.0,40,,,,,
C2_goal_rate,,,,,,,,,random_swap,freeze_immovable_2,0.0,0.0,0.0,40,,,,,
C2_goal_rate,,,,,,,,,random_swap,freeze_immovable_3,0.0,0.0,0.0,40,,,,,
C2_goal_rate,,,,,,,,,random_swap,block_swap,0.0,0.0,1.0,40,,,,,
C2_goal_rate,,,,,,,,,random_swap,randomize,0.0,0.0,1.0,40,,,,,
C5_order_robustness,,,,,,,,True,bubble,,,,,,1.0,1.0,37.5,39.0,True
C5_order_robustness,,,,,,,,True,insertion,,,,,,1.0,1.0,377.0,362.0,True
C5_order_robustness,,,,,,,,True,selection,,,,,,1.0,1.0,50.5,69.0,True
C5_order_robustness,,,,,,,,True,random_swap,,,,,,0.0,0.0,4000.0,4000.0,True
