arm,seed,branch_tick,magnitude,horizon,snapshot_id,damaged,pre_boundary,post_boundary,final_boundary,recovered,ticks_to_recover,pre_boundary_length,pre_unlike_neighbor_fraction,pre_largest_cluster_fraction,pre_sortedness_value,pre_inversions,post_boundary_length,post_unlike_neighbor_fraction,post_largest_cluster_fraction,post_sortedness_value,post_inversions,final_boundary_length,final_unlike_neighbor_fraction,final_largest_cluster_fraction,final_sortedness_value,final_inversions,timing
bubble,1000,7,0.05,200,36ec075fec97b340,False,15.0,15.0,15.0,True,0,15.0,0.38461538461538464,0.1,0.0,288.0,15.0,0.38461538461538464,0.1,0.0,306.0,15.0,0.38461538461538464,0.1,0.0,306.0,early
bubble,1000,7,0.1,200,36ec075fec97b340,False,15.0,15.0,15.0,True,0,15.0,0.38461538461538464,0.1,0.0,288.0,15.0,0.38461538461538464,0.1,0.025,288.0,15.0,0.38461538461538464,0.1,0.025,288.0,early
bubble,1000,7,0.2,200,36ec075fec97b340,False,15.0,14.0,14.0,True,0,15.0,0.38461538461538464,0.1,0.0,288.0,14.0,0.358974358974359,0.1,0.0,304.0,14.0,0.358974358974359,0.1,0.0,304.0,early
bubble,1000,22,0.05,200,121ccaf39fc08c88,False,12.0,12.0,12.0,True,0,12.0,0.3076923076923077,0.275,0.025,97.0,12.0,0.3076923076923077,0.275,0.025,117.0,12.0,0.3076923076923077,0.275,0.025,117.0,mid
bubble,1000,22,0.1,200,121ccaf39fc08c88,False,12.0,11.0,11.0,True,0,12.0,0.3076923076923077,0.275,0.025,97.0,11.0,0.28205128205128205,0.325,0.025,165.0,11.0,0.28205128205128205,0.325,0.025,165.0,mid
bubble,1000,22,0.2,200,121ccaf39fc08c88,False,12.0,12.0,12.0,True,0,12.0,0.3076923076923077,0.275,0.025,97.0,12.0,0.3076923076923077,0.25,0.0,273.0,12.0,0.3076923076923077,0.25,0.0,273.0,mid
bubble,1000,32,0.05,200,2e736aec35132100,True,5.0,6.0,4.0,True,2,5.0,0.1282051282051282,0.375,0.575,14.0,6.0,0.15384615384615385,0.35,0.525,30.0,4.0,0.10256410256410256,0.4,0.575,19.0,late
bubble,1000,32,0.1,200,2e736aec35132100,True,5.0,6.0,5.0,True,1,5.0,0.1282051282051282,0.375,0.575,14.0,6.0,0.15384615384615385,0.375,0.475,50.0,5.0,0.1282051282051282,0.475,0.575,43.0,late
bubble,1000,32,0.2,200,2e736aec35132100,True,5.0,6.0,5.0,True,1,5.0,0.1282051282051282,0.375,0.575,14.0,6.0,0.15384615384615385,0.35,0.325,78.0,5.0,0.1282051282051282,0.375,0.375,74.0,late
bubble,1001,7,0.05,200,88b08c0171b865a6,True,11.0,12.0,11.0,True,1,11.0,0.28205128205128205,0.175,0.025,295.0,12.0,0.3076923076923077,0.2,0.025,303.0,11.0,0.28205128205128205,0.2,0.025,290.0,early
bubble,1001,7,0.1,200,88b08c0171b865a6,False,11.0,11.0,11.0,True,0,11.0,0.28205128205128205,0.175,0.025,295.0,11.0,0.28205128205128205,0.175,0.075,281.0,11.0,0.28205128205128205,0.175,0.075,281.0,early
bubble,1001,7,0.2,200,88b08c0171b865a6,True,11.0,13.0,9.0,True,7,11.0,0.28205128205128205,0.175,0.025,295.0,13.0,0.3333333333333333,0.125,0.025,289.0,9.0,0.23076923076923078,0.275,0.05,180.0,early
bubble,1001,22,0.05,200,9e4a23a22f02539f,True,11.0,12.0,11.0,True,3,11.0,0.28205128205128205,0.225,0.075,98.0,12.0,0.3076923076923077,0.175,0.075,110.0,11.0,0.28205128205128205,0.175,0.1,63.0,mid
bubble,1001,22,0.1,200,9e4a23a22f02539f,True,11.0,12.0,11.0,True,1,11.0,0.28205128205128205,0.225,0.075,98.0,12.0,0.3076923076923077,0.2,0.075,150.0,11.0,0.28205128205128205,0.2,0.05,136.0,mid
bubble,1001,22,0.2,200,9e4a23a22f02539f,False,11.0,11.0,11.0,True,0,11.0,0.28205128205128205,0.225,0.075,98.0,11.0,0.28205128205128205,0.225,0.075,160.0,11.0,0.28205128205128205,0.225,0.075,160.0,mid
bubble,1001,33,0.05,200,23113d471382c34d,True,3.0,5.0,3.0,True,5,3.0,0.07692307692307693,0.6,0.85,4.0,5.0,0.1282051282051282,0.475,0.75,136.0,3.0,0.07692307692307693,0.525,0.625,113.0,late
bubble,1001,33,0.1,200,23113d471382c34d,True,3.0,5.0,3.0,True,9,3.0,0.07692307692307693,0.6,0.85,4.0,5.0,0.1282051282051282,0.6,0.8,52.0,3.0,0.07692307692307693,0.625,0.75,11.0,late
bubble,1001,33,0.2,200,23113d471382c34d,True,3.0,4.0,3.0,True,13,3.0,0.07692307692307693,0.6,0.85,4.0,4.0,0.10256410256410256,0.75,0.575,98.0,3.0,0.07692307692307693,0.625,0.65,31.0,late
bubble,1002,8,0.05,200,085ad269ff056a45,True,15.0,17.0,15.0,True,1,15.0,0.38461538461538464,0.1,0.025,272.0,17.0,0.4358974358974359,0.1,0.05,282.0,15.0,0.38461538461538464,0.1,0.0,265.0,early
bubble,1002,8,0.1,200,085ad269ff056a45,False,15.0,15.0,15.0,True,0,15.0,0.38461538461538464,0.1,0.025,272.0,15.0,0.38461538461538464,0.1,0.025,286.0,15.0,0.38461538461538464,0.1,0.025,286.0,early
bubble,1002,8,0.2,200,085ad269ff056a45,False,15.0,15.0,15.0,True,0,15.0,0.38461538461538464,0.1,0.025,272.0,15.0,0.38461538461538464,0.1,0.025,278.0,15.0,0.38461538461538464,0.1,0.025,278.0,early
bubble,1002,24,0.05,200,3c9c08fc96c890fa,True,11.0,12.0,6.0,True,1,11.0,0.28205128205128205,0.175,0.05,79.0,12.0,0.3076923076923077,0.175,0.05,91.0,6.0,0.15384615384615385,0.4,0.075,82.0,mid
bubble,1002,24,0.1,200,3c9c08fc96c890fa,False,11.0,11.0,11.0,True,0,11.0,0.28205128205128205,0.175,0.05,79.0,11.0,0.28205128205128205,0.225,0.025,169.0,11.0,0.28205128205128205,0.225,0.025,169.0,mid
bubble,1002,24,0.2,200,3c9c08fc96c890fa,True,11.0,12.0,9.0,True,1,11.0,0.28205128205128205,0.175,0.05,79.0,12.0,0.3076923076923077,0.175,0.05,199.0,9.0,0.23076923076923078,0.225,0.05,192.0,mid
bubble,1002,36,0.05,200,2ee053c3bc1a9e5d,True,1.0,3.0,1.0,True,4,1.0,0.02564102564102564,0.875,0.9,3.0,3.0,0.07692307692307693,0.725,0.8,15.0,1.0,0.02564102564102564,0.75,0.9,3.0,late
bubble,1002,36,0.1,200,2ee053c3bc1a9e5d,True,1.0,3.0,1.0,True,21,1.0,0.02564102564102564,0.875,0.9,3.0,3.0,0.07692307692307693,0.475,0.75,115.0,1.0,0.02564102564102564,0.825,0.925,2.0,late
bubble,1002,36,0.2,200,2ee053c3bc1a9e5d,True,1.0,3.0,0.0,True,23,1.0,0.02564102564102564,0.875,0.9,3.0,3.0,0.07692307692307693,0.6,0.6,115.0,0.0,0.0,1.0,1.0,0.0,late
bubble,1003,7,0.05,200,37fc009234a34c23,True,12.0,13.0,12.0,True,1,12.0,0.3076923076923077,0.15,0.075,267.0,13.0,0.3333333333333333,0.15,0.075,279.0,12.0,0.3076923076923077,0.2,0.1,266.0,early
bubble,1003,7,0.1,200,37fc009234a34c23,False,12.0,12.0,12.0,True,0,12.0,0.3076923076923077,0.15,0.075,267.0,12.0,0.3076923076923077,0.15,0.075,257.0,12.0,0.3076923076923077,0.15,0.075,257.0,early
bubble,1003,7,0.2,200,37fc009234a34c23,False,12.0,12.0,12.0,True,0,12.0,0.3076923076923077,0.15,0.075,267.0,12.0,0.3076923076923077,0.15,0.05,235.0,12.0,0.3076923076923077,0.15,0.05,235.0,early
bubble,1003,21,0.05,200,7148a79082bf9551,True,6.0,7.0,6.0,True,8,6.0,0.15384615384615385,0.375,0.175,106.0,7.0,0.1794871794871795,0.3,0.175,102.0,6.0,0.15384615384615385,0.3,0.35,28.0,mid
bubble,1003,21,0.1,200,7148a79082bf9551,True,6.0,7.0,5.0,True,2,6.0,0.15384615384615385,0.375,0.175,106.0,7.0,0.1794871794871795,0.25,0.175,156.0,5.0,0.1282051282051282,0.35,0.25,140.0,mid
bubble,1003,21,0.2,200,7148a79082bf9551,True,6.0,8.0,6.0,True,7,6.0,0.15384615384615385,0.375,0.175,106.0,8.0,0.20512820512820512,0.2,0.2,154.0,6.0,0.15384615384615385,0.3,0.25,96.0,mid
bubble,1003,32,0.05,200,d7800a9e5cfd6549,False,6.0,6.0,6.0,True,0,6.0,0.15384615384615385,0.375,0.575,19.0,6.0,0.15384615384615385,0.35,0.525,25.0,6.0,0.15384615384615385,0.35,0.525,25.0,late
bubble,1003,32,0.1,200,d7800a9e5cfd6549,True,6.0,7.0,5.0,True,1,6.0,0.15384615384615385,0.375,0.575,19.0,7.0,0.1794871794871795,0.325,0.375,35.0,5.0,0.1282051282051282,0.35,0.475,27.0,late
bubble,1003,32,0.2,200,d7800a9e5cfd6549,False,6.0,6.0,6.0,True,0,6.0,0.15384615384615385,0.375,0.575,19.0,6.0,0.15384615384615385,0.375,0.425,105.0,6.0,0.15384615384615385,0.375,0.425,105.0,late
insertion,1000,82,0.05,1230,ab788458a3611ebe,False,14.0,14.0,14.0,True,0,14.0,0.358974358974359,0.35,0.075,339.0,14.0,0.358974358974359,0.35,0.05,341.0,14.0,0.358974358974359,0.35,0.05,341.0,early
insertion,1000,82,0.1,1230,ab788458a3611ebe,False,14.0,14.0,14.0,True,0,14.0,0.358974358974359,0.35,0.075,339.0,14.0,0.358974358974359,0.225,0.05,257.0,14.0,0.358974358974359,0.225,0.05,257.0,early
insertion,1000,82,0.2,1230,ab788458a3611ebe,False,14.0,14.0,14.0,True,0,14.0,0.358974358974359,0.35,0.075,339.0,14.0,0.358974358974359,0.225,0.1,315.0,14.0,0.358974358974359,0.225,0.1,315.0,early
insertion,1000,246,0.05,1230,782525861ffc685d,True,6.0,7.0,6.0,True,9,6.0,0.15384615384615385,0.4,0.05,166.0,7.0,0.1794871794871795,0.4,0.075,162.0,6.0,0.15384615384615385,0.475,0.05,152.0,mid
insertion,1000,246,0.1,1230,782525861ffc685d,True,6.0,8.0,6.0,True,30,6.0,0.15384615384615385,0.4,0.05,166.0,8.0,0.20512820512820512,0.375,0.05,230.0,6.0,0.15384615384615385,0.55,0.05,197.0,mid
insertion,1000,246,0.2,1230,782525861ffc685d,True,6.0,8.0,6.0,True,13,6.0,0.15384615384615385,0.4,0.05,166.0,8.0,0.20512820512820512,0.4,0.05,182.0,6.0,0.15384615384615385,0.6,0.05,169.0,mid
insertion,1000,369,0.05,1230,ab0b52855ac2f836,True,2.0,3.0,2.0,True,20,2.0,0.05128205128205128,0.7,0.2,41.0,3.0,0.07692307692307693,0.7,0.2,45.0,2.0,0.05128205128205128,0.925,0.45,25.0,late
insertion,1000,369,0.1,1230,ab0b52855ac2f836,True,2.0,4.0,2.0,True,54,2.0,0.05128205128205128,0.7,0.2,41.0,4.0,0.10256410256410256,0.6,0.2,137.0,2.0,0.05128205128205128,0.875,0.45,77.0,late
insertion,1000,369,0.2,1230,ab0b52855ac2f836,True,2.0,3.0,2.0,True,31,2.0,0.05128205128205128,0.7,0.2,41.0,3.0,0.07692307692307693,0.7,0.2,133.0,2.0,0.05128205128205128,0.8,0.2,101.0,late
insertion,1001,79,0.05,1188,6c42d5f40b8f4597,True,12.0,13.0,12.0,True,2,12.0,0.3076923076923077,0.325,0.1,323.0,13.0,0.3333333333333333,0.325,0.1,287.0,12.0,0.3076923076923077,0.35,0.1,283.0,early
insertion,1001,79,0.1,1188,6c42d5f40b8f4597,True,12.0,13.0,12.0,True,2,12.0,0.3076923076923077,0.325,0.1,323.0,13.0,0.3333333333333333,0.25,0.1,305.0,12.0,0.3076923076923077,0.275,0.1,303.0,early
insertion,1001,79,0.2,1188,6c42d5f40b8f4597,True,12.0,13.0,12.0,True,16,12.0,0.3076923076923077,0.325,0.1,323.0,13.0,0.3333333333333333,0.225,0.075,395.0,12.0,0.3076923076923077,0.275,0.075,376.0,early
insertion,1001,238,0.05,1188,404952e2fa88ba8f,False,6.0,6.0,6.0,True,0,6.0,0.15384615384615385,0.75,0.05,159.0,6.0,0.15384615384615385,0.75,0.05,149.0,6.0,0.15384615384615385,0.75,0.05,149.0,mid
insertion,1001,238,0.1,1188,404952e2fa88ba8f,True,6.0,7.0,6.0,True,3,6.0,0.15384615384615385,0.75,0.05,159.0,7.0,0.1794871794871795,0.475,0.05,157.0,6.0,0.15384615384615385,0.5,0.05,154.0,mid
insertion,1001,238,0.2,1188,404952e2fa88ba8f,True,6.0,8.0,6.0,True,90,6.0,0.15384615384615385,0.75,0.05,159.0,8.0,0.20512820512820512,0.3,0.05,365.0,6.0,0.15384615384615385,0.6,0.05,269.0,mid
insertion,1001,356,0.05,1188,8f9d98197fde38b6,True,3.0,5.0,3.0,True,5,3.0,0.07692307692307693,0.85,0.325,40.0,5.0,0.1282051282051282,0.7,0.325,56.0,3.0,0.07692307692307693,0.875,0.4,48.0,late
insertion,1001,356,0.1,1188,8f9d98197fde38b6,True,3.0,4.0,3.0,True,82,3.0,0.07692307692307693,0.85,0.325,40.0,4.0,0.10256410256410256,0.6,0.25,248.0,3.0,0.07692307692307693,0.8,0.05,152.0,late
insertion,1001,356,0.2,1188,8f9d98197fde38b6,True,3.0,4.0,3.0,True,2,3.0,0.07692307692307693,0.85,0.325,40.0,4.0,0.10256410256410256,0.6,0.325,120.0,3.0,0.07692307692307693,0.7,0.4,118.0,late
insertion,1002,74,0.05,1116,45ebfcac8d185266,True,13.0,15.0,13.0,True,11,13.0,0.3333333333333333,0.275,0.05,311.0,15.0,0.38461538461538464,0.15,0.05,323.0,13.0,0.3333333333333333,0.3,0.05,308.0,early
insertion,1002,74,0.1,1116,45ebfcac8d185266,True,13.0,15.0,13.0,True,12,13.0,0.3333333333333333,0.275,0.05,311.0,15.0,0.38461538461538464,0.175,0.1,331.0,13.0,0.3333333333333333,0.275,0.075,316.0,early
insertion,1002,74,0.2,1116,45ebfcac8d185266,True,13.0,14.0,13.0,True,10,13.0,0.3333333333333333,0.275,0.05,311.0,14.0,0.358974358974359,0.275,0.05,279.0,13.0,0.3333333333333333,0.375,0.05,269.0,early
insertion,1002,223,0.05,1116,3b5c77654bf8dab0,False,6.0,6.0,6.0,True,0,6.0,0.15384615384615385,0.425,0.1,155.0,6.0,0.15384615384615385,0.35,0.1,169.0,6.0,0.15384615384615385,0.35,0.1,169.0,mid
insertion,1002,223,0.1,1116,3b5c77654bf8dab0,False,6.0,6.0,6.0,True,0,6.0,0.15384615384615385,0.425,0.1,155.0,6.0,0.15384615384615385,0.45,0.075,171.0,6.0,0.15384615384615385,0.45,0.075,171.0,mid
insertion,1002,223,0.2,1116,3b5c77654bf8dab0,True,6.0,8.0,6.0,True,44,6.0,0.15384615384615385,0.425,0.1,155.0,8.0,0.20512820512820512,0.525,0.1,235.0,6.0,0.15384615384615385,0.65,0.1,191.0,mid
insertion,1002,335,0.05,1116,ebf6f48d51fc923f,False,2.0,2.0,2.0,True,0,2.0,0.05128205128205128,0.575,0.225,38.0,2.0,0.05128205128205128,0.575,0.225,38.0,2.0,0.05128205128205128,0.575,0.225,38.0,late
insertion,1002,335,0.1,1116,ebf6f48d51fc923f,True,2.0,4.0,2.0,True,24,2.0,0.05128205128205128,0.575,0.225,38.0,4.0,0.10256410256410256,0.575,0.225,70.0,2.0,0.05128205128205128,0.825,0.225,42.0,late
insertion,1002,335,0.2,1116,ebf6f48d51fc923f,True,2.0,3.0,2.0,True,58,2.0,0.05128205128205128,0.575,0.225,38.0,3.0,0.07692307692307693,0.4,0.125,102.0,2.0,0.05128205128205128,0.575,0.225,38.0,late
insertion,1003,74,0.05,1104,83c98341276fc663,True,12.0,13.0,12.0,True,6,12.0,0.3076923076923077,0.25,0.1,305.0,13.0,0.3333333333333333,0.25,0.1,307.0,12.0,0.3076923076923077,0.275,0.1,299.0,early
insertion,1003,74,0.1,1104,83c98341276fc663,True,12.0,13.0,12.0,True,5,12.0,0.3076923076923077,0.25,0.1,305.0,13.0,0.3333333333333333,0.25,0.1,309.0,12.0,0.3076923076923077,0.475,0.1,304.0,early
insertion,1003,74,0.2,1104,83c98341276fc663,False,12.0,12.0,12.0,True,0,12.0,0.3076923076923077,0.25,0.1,305.0,12.0,0.3076923076923077,0.225,0.075,213.0,12.0,0.3076923076923077,0.225,0.075,213.0,early
insertion,1003,221,0.05,1104,3f672f82f26e195d,True,5.0,7.0,5.0,True,25,5.0,0.1282051282051282,0.6,0.1,153.0,7.0,0.1794871794871795,0.425,0.1,191.0,5.0,0.1282051282051282,0.425,0.1,159.0,mid
insertion,1003,221,0.1,1104,3f672f82f26e195d,True,5.0,7.0,5.0,True,16,5.0,0.1282051282051282,0.6,0.1,153.0,7.0,0.1794871794871795,0.45,0.2,185.0,5.0,0.1282051282051282,0.725,0.175,168.0,mid
insertion,1003,221,0.2,1104,3f672f82f26e195d,True,5.0,6.0,5.0,True,3,5.0,0.1282051282051282,0.6,0.1,153.0,6.0,0.15384615384615385,0.35,0.1,229.0,5.0,0.1282051282051282,0.55,0.1,226.0,mid
insertion,1003,331,0.05,1104,0863de5f5c0d4fe3,True,2.0,4.0,2.0,True,42,2.0,0.05128205128205128,0.875,0.4,38.0,4.0,0.10256410256410256,0.525,0.4,86.0,2.0,0.05128205128205128,0.85,0.4,37.0,late
insertion,1003,331,0.1,1104,0863de5f5c0d4fe3,True,2.0,4.0,2.0,True,66,2.0,0.05128205128205128,0.875,0.4,38.0,4.0,0.10256410256410256,0.5,0.275,110.0,2.0,0.05128205128205128,0.85,0.4,37.0,late
insertion,1003,331,0.2,1104,0863de5f5c0d4fe3,True,2.0,4.0,2.0,True,112,2.0,0.05128205128205128,0.875,0.4,38.0,4.0,0.10256410256410256,0.475,0.375,200.0,2.0,0.05128205128205128,0.875,0.5,79.0,late
selection,1000,9,0.05,200,861403bdfb024e23,False,16.0,15.0,15.0,True,0,16.0,0.41025641025641024,0.25,0.175,239.0,15.0,0.38461538461538464,0.25,0.15,233.0,15.0,0.38461538461538464,0.25,0.15,233.0,early
selection,1000,9,0.1,200,861403bdfb024e23,False,16.0,16.0,16.0,True,0,16.0,0.41025641025641024,0.25,0.175,239.0,16.0,0.41025641025641024,0.25,0.15,237.0,16.0,0.41025641025641024,0.25,0.15,237.0,early
selection,1000,9,0.2,200,861403bdfb024e23,False,16.0,16.0,16.0,True,0,16.0,0.41025641025641024,0.25,0.175,239.0,16.0,0.41025641025641024,0.15,0.15,273.0,16.0,0.41025641025641024,0.15,0.15,273.0,early
selection,1000,28,0.05,200,d8e63f21878a9c8a,False,7.0,7.0,7.0,True,0,7.0,0.1794871794871795,0.65,0.475,66.0,7.0,0.1794871794871795,0.625,0.475,68.0,7.0,0.1794871794871795,0.625,0.475,68.0,mid
selection,1000,28,0.1,200,d8e63f21878a9c8a,True,7.0,9.0,7.0,True,1,7.0,0.1794871794871795,0.65,0.475,66.0,9.0,0.23076923076923078,0.35,0.275,106.0,7.0,0.1794871794871795,0.65,0.5,61.0,mid
selection,1000,28,0.2,200,d8e63f21878a9c8a,True,7.0,9.0,7.0,True,1,7.0,0.1794871794871795,0.65,0.475,66.0,9.0,0.23076923076923078,0.275,0.25,298.0,7.0,0.1794871794871795,0.65,0.5,61.0,mid
selection,1000,42,0.05,200,6d686f1fcc9ddd9d,True,2.0,4.0,2.0,True,1,2.0,0.05128205128205128,0.875,0.675,17.0,4.0,0.10256410256410256,0.325,0.6,73.0,2.0,0.05128205128205128,0.875,0.7,16.0,late
selection,1000,42,0.1,200,6d686f1fcc9ddd9d,True,2.0,3.0,2.0,True,4,2.0,0.05128205128205128,0.875,0.675,17.0,3.0,0.07692307692307693,0.725,0.675,37.0,2.0,0.05128205128205128,0.8,0.8,6.0,late
selection,1000,42,0.2,200,6d686f1fcc9ddd9d,True,2.0,4.0,2.0,True,1,2.0,0.05128205128205128,0.875,0.675,17.0,4.0,0.10256410256410256,0.475,0.325,97.0,2.0,0.05128205128205128,0.875,0.675,17.0,late
selection,1001,8,0.05,200,dcffabf850da2105,False,12.0,12.0,12.0,True,0,12.0,0.3076923076923077,0.25,0.125,234.0,12.0,0.3076923076923077,0.25,0.125,238.0,12.0,0.3076923076923077,0.25,0.125,238.0,early
selection,1001,8,0.1,200,dcffabf850da2105,False,12.0,12.0,12.0,True,0,12.0,0.3076923076923077,0.25,0.125,234.0,12.0,0.3076923076923077,0.175,0.05,276.0,12.0,0.3076923076923077,0.175,0.05,276.0,early
selection,1001,8,0.2,200,dcffabf850da2105,False,12.0,12.0,12.0,True,0,12.0,0.3076923076923077,0.25,0.125,234.0,12.0,0.3076923076923077,0.175,0.075,310.0,12.0,0.3076923076923077,0.175,0.075,310.0,early
selection,1001,25,0.05,200,e6496762b03fe81e,True,10.0,11.0,10.0,True,1,10.0,0.2564102564102564,0.525,0.45,66.0,11.0,0.28205128205128205,0.425,0.4,142.0,10.0,0.2564102564102564,0.525,0.45,60.0,mid
selection,1001,25,0.1,200,e6496762b03fe81e,False,10.0,10.0,10.0,True,0,10.0,0.2564102564102564,0.525,0.45,66.0,10.0,0.2564102564102564,0.35,0.325,180.0,10.0,0.2564102564102564,0.35,0.325,180.0,mid
selection,1001,25,0.2,200,e6496762b03fe81e,True,10.0,11.0,10.0,True,1,10.0,0.2564102564102564,0.525,0.45,66.0,11.0,0.28205128205128205,0.325,0.3,210.0,10.0,0.2564102564102564,0.525,0.475,60.0,mid
selection,1001,37,0.05,200,7cf36bda7a5e42d7,True,4.0,6.0,3.0,True,1,4.0,0.10256410256410256,0.85,0.7,17.0,6.0,0.15384615384615385,0.425,0.6,77.0,3.0,0.07692307692307693,0.85,0.725,15.0,late
selection,1001,37,0.1,200,7cf36bda7a5e42d7,True,4.0,6.0,3.0,True,1,4.0,0.10256410256410256,0.85,0.7,17.0,6.0,0.15384615384615385,0.4,0.5,105.0,3.0,0.07692307692307693,0.85,0.725,15.0,late
selection,1001,37,0.2,200,7cf36bda7a5e42d7,False,4.0,4.0,4.0,True,0,4.0,0.10256410256410256,0.85,0.7,17.0,4.0,0.10256410256410256,0.65,0.475,81.0,4.0,0.10256410256410256,0.65,0.475,81.0,late
selection,1002,9,0.05,200,2fc6307c79a71203,False,13.0,13.0,13.0,True,0,13.0,0.3333333333333333,0.275,0.175,247.0,13.0,0.3333333333333333,0.2,0.125,319.0,13.0,0.3333333333333333,0.2,0.125,319.0,early
selection,1002,9,0.1,200,2fc6307c79a71203,False,13.0,13.0,13.0,True,0,13.0,0.3333333333333333,0.275,0.175,247.0,13.0,0.3333333333333333,0.275,0.2,249.0,13.0,0.3333333333333333,0.275,0.2,249.0,early
selection,1002,9,0.2,200,2fc6307c79a71203,True,13.0,14.0,13.0,True,3,13.0,0.3333333333333333,0.275,0.175,247.0,14.0,0.358974358974359,0.225,0.175,237.0,13.0,0.3333333333333333,0.325,0.225,209.0,early
selection,1002,26,0.05,200,04d3dbf5c0169a5a,True,6.0,8.0,6.0,True,1,6.0,0.15384615384615385,0.625,0.5,75.0,8.0,0.20512820512820512,0.25,0.4,103.0,6.0,0.15384615384615385,0.675,0.525,66.0,mid
selection,1002,26,0.1,200,04d3dbf5c0169a5a,False,6.0,6.0,6.0,True,0,6.0,0.15384615384615385,0.625,0.5,75.0,6.0,0.15384615384615385,0.625,0.475,79.0,6.0,0.15384615384615385,0.625,0.475,79.0,mid
selection,1002,26,0.2,200,04d3dbf5c0169a5a,True,6.0,7.0,6.0,True,1,6.0,0.15384615384615385,0.625,0.5,75.0,7.0,0.1794871794871795,0.35,0.175,139.0,6.0,0.15384615384615385,0.675,0.525,66.0,mid
selection,1002,39,0.05,200,2f8273999631a2d7,True,3.0,5.0,2.0,True,1,3.0,0.07692307692307693,0.8,0.825,8.0,5.0,0.1282051282051282,0.475,0.725,36.0,2.0,0.05128205128205128,0.8,0.85,5.0,late
selection,1002,39,0.1,200,2f8273999631a2d7,True,3.0,5.0,2.0,True,1,3.0,0.07692307692307693,0.8,0.825,8.0,5.0,0.1282051282051282,0.45,0.625,80.0,2.0,0.05128205128205128,0.8,0.85,5.0,late
selection,1002,39,0.2,200,2f8273999631a2d7,True,3.0,5.0,2.0,True,1,3.0,0.07692307692307693,0.8,0.825,8.0,5.0,0.1282051282051282,0.35,0.475,296.0,2.0,0.05128205128205128,0.8,0.85,5.0,late
selection,1003,4,0.05,200,eb87c7aede7a6974,True,16.0,17.0,16.0,True,6,16.0,0.41025641025641024,0.125,0.125,324.0,17.0,0.4358974358974359,0.125,0.125,306.0,16.0,0.41025641025641024,0.3,0.25,212.0,early
selection,1003,4,0.1,200,eb87c7aede7a6974,False,16.0,15.0,15.0,True,0,16.0,0.41025641025641024,0.125,0.125,324.0,15.0,0.38461538461538464,0.125,0.125,336.0,15.0,0.38461538461538464,0.125,0.125,336.0,early
selection,1003,4,0.2,200,eb87c7aede7a6974,True,16.0,17.0,16.0,True,8,16.0,0.41025641025641024,0.125,0.125,324.0,17.0,0.4358974358974359,0.125,0.075,250.0,16.0,0.41025641025641024,0.275,0.225,189.0,early
selection,1003,12,0.05,200,2eb93bb518a46e9e,False,16.0,15.0,15.0,True,0,16.0,0.41025641025641024,0.3,0.3,206.0,15.0,0.38461538461538464,0.3,0.3,180.0,15.0,0.38461538461538464,0.3,0.3,180.0,mid
selection,1003,12,0.1,200,2eb93bb518a46e9e,False,16.0,16.0,16.0,True,0,16.0,0.41025641025641024,0.3,0.3,206.0,16.0,0.41025641025641024,0.3,0.25,206.0,16.0,0.41025641025641024,0.3,0.25,206.0,mid
selection,1003,12,0.2,200,2eb93bb518a46e9e,True,16.0,17.0,13.0,True,1,16.0,0.41025641025641024,0.3,0.3,206.0,17.0,0.4358974358974359,0.2,0.175,266.0,13.0,0.3333333333333333,0.3,0.3,178.0,mid
selection,1003,18,0.05,200,0937a09401b41541,True,13.0,15.0,12.0,True,1,13.0,0.3333333333333333,0.35,0.4,139.0,15.0,0.38461538461538464,0.25,0.35,163.0,12.0,0.3076923076923077,0.45,0.4,128.0,late
selection,1003,18,0.1,200,0937a09401b41541,True,13.0,15.0,10.0,True,1,13.0,0.3333333333333333,0.35,0.4,139.0,15.0,0.38461538461538464,0.175,0.3,263.0,10.0,0.2564102564102564,0.45,0.4,124.0,late
selection,1003,18,0.2,200,0937a09401b41541,False,13.0,13.0,13.0,True,0,13.0,0.3333333333333333,0.35,0.4,139.0,13.0,0.3333333333333333,0.35,0.375,105.0,13.0,0.3333333333333333,0.35,0.375,105.0,late
random_swap,1000,7,0.05,200,c85d1db5ddbbb6e0,False,22.0,21.0,21.0,True,0,22.0,0.5641025641025641,0.075,0.025,432.0,21.0,0.5384615384615384,0.1,0.025,416.0,21.0,0.5384615384615384,0.1,0.025,416.0,early
random_swap,1000,7,0.1,200,c85d1db5ddbbb6e0,False,22.0,21.0,21.0,True,0,22.0,0.5641025641025641,0.075,0.025,432.0,21.0,0.5384615384615384,0.075,0.025,426.0,21.0,0.5384615384615384,0.075,0.025,426.0,early
random_swap,1000,7,0.2,200,c85d1db5ddbbb6e0,False,22.0,22.0,22.0,True,0,22.0,0.5641025641025641,0.075,0.025,432.0,22.0,0.5641025641025641,0.075,0.025,432.0,22.0,0.5641025641025641,0.075,0.025,432.0,early
random_swap,1000,22,0.05,200,1eac2253e1afdba6,False,20.0,20.0,20.0,True,0,20.0,0.5128205128205128,0.1,0.05,433.0,20.0,0.5128205128205128,0.075,0.025,429.0,20.0,0.5128205128205128,0.075,0.025,429.0,mid
random_swap,1000,22,0.1,200,1eac2253e1afdba6,False,20.0,20.0,20.0,True,0,20.0,0.5128205128205128,0.1,0.05,433.0,20.0,0.5128205128205128,0.1,0.05,449.0,20.0,0.5128205128205128,0.1,0.05,449.0,mid
random_swap,1000,22,0.2,200,1eac2253e1afdba6,False,20.0,19.0,19.0,True,0,20.0,0.5128205128205128,0.1,0.05,433.0,19.0,0.48717948717948717,0.075,0.025,399.0,19.0,0.48717948717948717,0.075,0.025,399.0,mid
random_swap,1000,32,0.05,200,ce6dfde5ca611aae,False,20.0,18.0,18.0,True,0,20.0,0.5128205128205128,0.1,0.05,439.0,18.0,0.46153846153846156,0.1,0.05,447.0,18.0,0.46153846153846156,0.1,0.05,447.0,late
random_swap,1000,32,0.1,200,ce6dfde5ca611aae,True,20.0,21.0,19.0,True,1,20.0,0.5128205128205128,0.1,0.05,439.0,21.0,0.5384615384615384,0.1,0.05,421.0,19.0,0.48717948717948717,0.1,0.0,420.0,late
random_swap,1000,32,0.2,200,ce6dfde5ca611aae,False,20.0,19.0,19.0,True,0,20.0,0.5128205128205128,0.1,0.05,439.0,19.0,0.48717948717948717,0.1,0.075,423.0,19.0,0.48717948717948717,0.1,0.075,423.0,late
random_swap,1001,7,0.05,200,2d298a534410061c,False,18.0,18.0,18.0,True,0,18.0,0.46153846153846156,0.125,0.0,425.0,18.0,0.46153846153846156,0.125,0.0,429.0,18.0,0.46153846153846156,0.125,0.0,429.0,early
random_swap,1001,7,0.1,200,2d298a534410061c,False,18.0,18.0,18.0,True,0,18.0,0.46153846153846156,0.125,0.0,425.0,18.0,0.46153846153846156,0.075,0.0,457.0,18.0,0.46153846153846156,0.075,0.0,457.0,early
random_swap,1001,7,0.2,200,2d298a534410061c,True,18.0,19.0,16.0,True,3,18.0,0.46153846153846156,0.125,0.0,425.0,19.0,0.48717948717948717,0.125,0.0,367.0,16.0,0.41025641025641024,0.15,0.0,347.0,early
random_swap,1001,22,0.05,200,9494916d3a322e97,True,20.0,21.0,17.0,True,1,20.0,0.5128205128205128,0.125,0.0,434.0,21.0,0.5384615384615384,0.125,0.0,418.0,17.0,0.4358974358974359,0.1,0.025,413.0,mid
random_swap,1001,22,0.1,200,9494916d3a322e97,False,20.0,20.0,20.0,True,0,20.0,0.5128205128205128,0.125,0.0,434.0,20.0,0.5128205128205128,0.125,0.0,410.0,20.0,0.5128205128205128,0.125,0.0,410.0,mid
random_swap,1001,22,0.2,200,9494916d3a322e97,False,20.0,20.0,20.0,True,0,20.0,0.5128205128205128,0.125,0.0,434.0,20.0,0.5128205128205128,0.125,0.0,508.0,20.0,0.5128205128205128,0.125,0.0,508.0,mid
random_swap,1001,33,0.05,200,6379ad9d167df632,True,20.0,21.0,19.0,True,3,20.0,0.5128205128205128,0.1,0.0,444.0,21.0,0.5384615384615384,0.1,0.0,418.0,19.0,0.48717948717948717,0.1,0.0,411.0,late
random_swap,1001,33,0.1,200,6379ad9d167df632,False,20.0,20.0,20.0,True,0,20.0,0.5128205128205128,0.1,0.0,444.0,20.0,0.5128205128205128,0.125,0.0,446.0,20.0,0.5128205128205128,0.125,0.0,446.0,late
random_swap,1001,33,0.2,200,6379ad9d167df632,False,20.0,20.0,20.0,True,0,20.0,0.5128205128205128,0.1,0.0,444.0,20.0,0.5128205128205128,0.1,0.025,424.0,20.0,0.5128205128205128,0.1,0.025,424.0,late
random_swap,1002,8,0.05,200,ced49bf7cf00c73b,False,20.0,18.0,18.0,True,0,20.0,0.5128205128205128,0.125,0.0,384.0,18.0,0.46153846153846156,0.125,0.0,388.0,18.0,0.46153846153846156,0.125,0.0,388.0,early
random_swap,1002,8,0.1,200,ced49bf7cf00c73b,False,20.0,19.0,19.0,True,0,20.0,0.5128205128205128,0.125,0.0,384.0,19.0,0.48717948717948717,0.1,0.0,390.0,19.0,0.48717948717948717,0.1,0.0,390.0,early
random_swap,1002,8,0.2,200,ced49bf7cf00c73b,True,20.0,21.0,20.0,True,1,20.0,0.5128205128205128,0.125,0.0,384.0,21.0,0.5384615384615384,0.1,0.0,402.0,20.0,0.5128205128205128,0.1,0.025,401.0,early
random_swap,1002,24,0.05,200,22dec8391d687011,True,19.0,20.0,18.0,True,1,19.0,0.48717948717948717,0.075,0.075,384.0,20.0,0.5128205128205128,0.075,0.075,374.0,18.0,0.46153846153846156,0.1,0.05,370.0,mid
random_swap,1002,24,0.1,200,22dec8391d687011,False,19.0,19.0,19.0,True,0,19.0,0.48717948717948717,0.075,0.075,384.0,19.0,0.48717948717948717,0.075,0.1,354.0,19.0,0.48717948717948717,0.075,0.1,354.0,mid
random_swap,1002,24,0.2,200,22dec8391d687011,True,19.0,20.0,18.0,True,1,19.0,0.48717948717948717,0.075,0.075,384.0,20.0,0.5128205128205128,0.125,0.075,368.0,18.0,0.46153846153846156,0.1,0.05,364.0,mid
random_swap,1002,36,0.05,200,408a9b73a8f73a83,False,24.0,24.0,24.0,True,0,24.0,0.6153846153846154,0.075,0.025,395.0,24.0,0.6153846153846154,0.075,0.025,389.0,24.0,0.6153846153846154,0.075,0.025,389.0,late
random_swap,1002,36,0.1,200,408a9b73a8f73a83,False,24.0,24.0,24.0,True,0,24.0,0.6153846153846154,0.075,0.025,395.0,24.0,0.6153846153846154,0.075,0.05,377.0,24.0,0.6153846153846154,0.075,0.05,377.0,late
random_swap,1002,36,0.2,200,408a9b73a8f73a83,False,24.0,23.0,23.0,True,0,24.0,0.6153846153846154,0.075,0.025,395.0,23.0,0.5897435897435898,0.075,0.05,371.0,23.0,0.5897435897435898,0.075,0.05,371.0,late
random_swap,1003,7,0.05,200,e316f9c93d61ae59,True,19.0,20.0,16.0,True,1,19.0,0.48717948717948717,0.075,0.025,387.0,20.0,0.5128205128205128,0.075,0.025,389.0,16.0,0.41025641025641024,0.125,0.05,387.0,early
random_swap,1003,7,0.1,200,e316f9c93d61ae59,False,19.0,18.0,18.0,True,0,19.0,0.48717948717948717,0.075,0.025,387.0,18.0,0.46153846153846156,0.1,0.075,361.0,18.0,0.46153846153846156,0.1,0.075,361.0,early
random_swap,1003,7,0.2,200,e316f9c93d61ae59,False,19.0,19.0,19.0,True,0,19.0,0.48717948717948717,0.075,0.025,387.0,19.0,0.48717948717948717,0.1,0.05,361.0,19.0,0.48717948717948717,0.1,0.05,361.0,early
random_swap,1003,21,0.05,200,3fdc58bf0f54f04b,False,19.0,18.0,18.0,True,0,19.0,0.48717948717948717,0.1,0.0,389.0,18.0,0.46153846153846156,0.1,0.0,395.0,18.0,0.46153846153846156,0.1,0.0,395.0,mid
random_swap,1003,21,0.1,200,3fdc58bf0f54f04b,False,19.0,19.0,19.0,True,0,19.0,0.48717948717948717,0.1,0.0,389.0,19.0,0.48717948717948717,0.1,0.05,425.0,19.0,0.48717948717948717,0.1,0.05,425.0,mid
random_swap,1003,21,0.2,200,3fdc58bf0f54f04b,False,19.0,19.0,19.0,True,0,19.0,0.48717948717948717,0.1,0.0,389.0,19.0,0.48717948717948717,0.1,0.0,397.0,19.0,0.48717948717948717,0.1,0.0,397.0,mid
random_swap,1003,32,0.05,200,5c16808f40599255,False,20.0,20.0,20.0,True,0,20.0,0.5128205128205128,0.1,0.0,396.0,20.0,0.5128205128205128,0.1,0.025,396.0,20.0,0.5128205128205128,0.1,0.025,396.0,late
random_swap,1003,32,0.1,200,5c16808f40599255,True,20.0,21.0,18.0,True,2,20.0,0.5128205128205128,0.1,0.0,396.0,21.0,0.5384615384615384,0.1,0.0,398.0,18.0,0.46153846153846156,0.1,0.0,396.0,late
random_swap,1003,32,0.2,200,5c16808f40599255,False,20.0,20.0,20.0,True,0,20.0,0.5128205128205128,0.1,0.0,396.0,20.0,0.5128205128205128,0.1,0.0,394.0,20.0,0.5128205128205128,0.1,0.0,394.0,late
