varied_parameter,varied_value,lambda,snr,t_eq,n_max
lambda,1.0,1.0,30.0,5.0,6
lambda,2.0,2.0,30.0,20.0,8
lambda,4.0,4.0,30.0,80.0,8
lambda,8.0,8.0,30.0,320.0,
lambda,16.0,16.0,30.0,1280.0,
snr,3.0,4.0,3.0,80.0,
snr,10.0,4.0,10.0,80.0,
snr,30.0,4.0,30.0,80.0,8
snr,100.0,4.0,100.0,80.0,18
snr,300.0,4.0,300.0,80.0,28
t_eq_over_tau,0.1,4.0,30.0,1.6,6
t_eq_over_tau,0.3,4.0,30.0,4.8,10
t_eq_over_tau,1.0,4.0,30.0,16.0,10
t_eq_over_tau,3.0,4.0,30.0,48.0,8
t_eq_over_tau,10.0,4.0,30.0,160.0,8
