controller,p_fail,success_rate,median_ops_success,mean_inv_at_stop,frac_halted_early
decentralized,0.0,1.0,87.0,0.0,0.0
decentralized,0.05,1.0,90.0,0.0,0.0
decentralized,0.1,1.0,98.0,0.0,0.0
decentralized,0.2,1.0,109.0,0.0,0.0
decentralized,0.3,1.0,122.5,0.0,0.0
decentralized,0.5,1.0,180.0,0.0,0.0
decentralized,0.7,1.0,294.0,0.0,0.0
central_open,0.0,1.0,55.0,0.0,0.0
central_open,0.05,0.9833333333333333,57,0.02,0.016666666666666666
central_open,0.1,0.93,60,0.10666666666666667,0.07
central_open,0.2,0.78,66.5,0.44333333333333336,0.22
central_open,0.3,0.5366666666666666,73,1.3033333333333332,0.4633333333333333
central_open,0.5,0.10333333333333333,79,5.256666666666667,0.8966666666666666
central_open,0.7,0.0033333333333333335,68,11.86,0.9966666666666667
central_closed,0.0,1.0,55.0,0.0,0.0
central_closed,0.05,1.0,57.0,0.0,0.0
central_closed,0.1,1.0,64.0,0.0,0.0
central_closed,0.2,1.0,73.0,0.0,0.0
central_closed,0.3,1.0,85.0,0.0,0.0
central_closed,0.5,1.0,130.0,0.0,0.0
central_closed,0.7,1.0,251.0,0.0,0.0
central_watchdog,0.0,1.0,55.0,0.0,0.0
central_watchdog,0.05,1.0,57.0,0.0,0.0
central_watchdog,0.1,1.0,64.0,0.0,0.0
central_watchdog,0.2,1.0,73.0,0.0,0.0
central_watchdog,0.3,1.0,85.0,0.0,0.0
central_watchdog,0.5,1.0,130.0,0.0,0.0
central_watchdog,0.7,1.0,251.0,0.0,0.0
null_random,0.0,0.006666666666666667,9735.0,22.523333333333333,0.0
null_random,0.05,0.006666666666666667,12549.5,22.303333333333335,0.0
null_random,0.1,0.016666666666666666,10034,22.006666666666668,0.0
null_random,0.2,0.0033333333333333335,16689,22.553333333333335,0.0
null_random,0.3,0.0,nan,22.303333333333335,0.0
null_random,0.5,0.0,nan,22.94,0.0
null_random,0.7,0.0033333333333333335,9697,22.3,0.0
