perturbation,controller,p_fail,reached_goal_first,recovery_rate,median_ops_to_recover,mean_damage_inv
swap2,decentralized,0.0,1.0,1.0,36.5,6.513333333333334
swap2,decentralized,0.1,1.0,1.0,37.0,6.24
swap2,decentralized,0.3,1.0,1.0,46.5,6.04
swap2,central_closed,0.0,1.0,1.0,21.0,6.086666666666667
swap2,central_closed,0.1,1.0,1.0,27.5,6.6066666666666665
swap2,central_closed,0.3,1.0,1.0,36.0,6.446666666666666
swap2,central_watchdog,0.0,1.0,1.0,21.0,6.086666666666667
swap2,central_watchdog,0.1,1.0,1.0,27.5,6.6066666666666665
swap2,central_watchdog,0.3,1.0,1.0,36.0,6.446666666666666
teleport,decentralized,0.0,1.0,1.0,27.0,3.756666666666667
teleport,decentralized,0.1,1.0,1.0,30.0,3.62
teleport,decentralized,0.3,1.0,1.0,37.5,3.52
teleport,central_closed,0.0,1.0,1.0,11.0,3.5433333333333334
teleport,central_closed,0.1,1.0,1.0,16.0,3.8033333333333332
teleport,central_closed,0.3,1.0,1.0,22.0,3.723333333333333
teleport,central_watchdog,0.0,1.0,1.0,11.0,3.5433333333333334
teleport,central_watchdog,0.1,1.0,1.0,16.0,3.8033333333333332
teleport,central_watchdog,0.3,1.0,1.0,22.0,3.723333333333333
frozen_member,decentralized,0.0,1.0,1.0,44.0,6.333333333333333
frozen_member,decentralized,0.1,1.0,1.0,43.5,6.046666666666667
frozen_member,decentralized,0.3,1.0,1.0,59.5,6.28
frozen_member,central_closed,0.0,1.0,1.0,29.0,6.066666666666666
frozen_member,central_closed,0.1,1.0,1.0,33.0,6.553333333333334
frozen_member,central_closed,0.3,1.0,1.0,47.5,6.506666666666667
frozen_member,central_watchdog,0.0,1.0,1.0,29.0,6.066666666666666
frozen_member,central_watchdog,0.1,1.0,1.0,33.0,6.553333333333334
frozen_member,central_watchdog,0.3,1.0,1.0,47.5,6.506666666666667
unreliable_member,decentralized,0.0,1.0,1.0,41.0,6.333333333333333
unreliable_member,decentralized,0.1,1.0,1.0,44.5,6.046666666666667
unreliable_member,decentralized,0.3,1.0,1.0,60.0,6.28
unreliable_member,central_closed,0.0,1.0,1.0,28.0,6.066666666666666
unreliable_member,central_closed,0.1,1.0,1.0,31.0,6.553333333333334
unreliable_member,central_closed,0.3,1.0,1.0,45.0,6.506666666666667
unreliable_member,central_watchdog,0.0,1.0,1.0,28.0,6.066666666666666
unreliable_member,central_watchdog,0.1,1.0,1.0,31.0,6.553333333333334
unreliable_member,central_watchdog,0.3,1.0,1.0,45.0,6.506666666666667
dead_member,decentralized,0.0,1.0,0.5166666666666667,25,6.333333333333333
dead_member,decentralized,0.1,1.0,0.5466666666666666,24.5,6.046666666666667
dead_member,decentralized,0.3,1.0,0.5266666666666666,30.0,6.28
dead_member,central_closed,0.0,1.0,0.52,14.0,6.066666666666666
dead_member,central_closed,0.1,1.0,0.49,18,6.553333333333334
dead_member,central_closed,0.3,1.0,0.5033333333333333,26,6.506666666666667
dead_member,central_watchdog,0.0,1.0,0.52,14.0,6.066666666666666
dead_member,central_watchdog,0.1,1.0,0.49,18,6.553333333333334
dead_member,central_watchdog,0.3,1.0,0.5033333333333333,26,6.506666666666667
