perturbation,controller,p_fail,trials,trials_reaching_goal,mean_episodes_absorbed,max_episodes_absorbed,stop_completed,stop_no_recovery,stop_never_sorted
swap2,decentralized,0.0,200,200,8.0,8,1.0,0.0,0.0
swap2,decentralized,0.1,200,200,8.0,8,1.0,0.0,0.0
swap2,decentralized,0.3,200,200,8.0,8,1.0,0.0,0.0
swap2,central_closed,0.0,200,200,1.0,1,0.0,1.0,0.0
swap2,central_closed,0.1,200,200,1.0,1,0.0,1.0,0.0
swap2,central_closed,0.3,200,200,1.0,1,0.0,1.0,0.0
swap2,central_watchdog,0.0,200,200,8.0,8,1.0,0.0,0.0
swap2,central_watchdog,0.1,200,200,8.0,8,1.0,0.0,0.0
swap2,central_watchdog,0.3,200,200,8.0,8,1.0,0.0,0.0
teleport,decentralized,0.0,200,200,8.0,8,1.0,0.0,0.0
teleport,decentralized,0.1,200,200,8.0,8,1.0,0.0,0.0
teleport,decentralized,0.3,200,200,8.0,8,1.0,0.0,0.0
teleport,central_closed,0.0,200,200,1.0,1,0.0,1.0,0.0
teleport,central_closed,0.1,200,200,1.0,1,0.0,1.0,0.0
teleport,central_closed,0.3,200,200,1.0,1,0.0,1.0,0.0
teleport,central_watchdog,0.0,200,200,8.0,8,1.0,0.0,0.0
teleport,central_watchdog,0.1,200,200,8.0,8,1.0,0.0,0.0
teleport,central_watchdog,0.3,200,200,8.0,8,1.0,0.0,0.0
frozen_member,decentralized,0.0,200,200,4.435,8,0.035,0.965,0.0
frozen_member,decentralized,0.1,200,200,4.365,8,0.015,0.985,0.0
frozen_member,decentralized,0.3,200,200,4.265,8,0.03,0.97,0.0
frozen_member,central_closed,0.0,200,200,1.0,1,0.0,1.0,0.0
frozen_member,central_closed,0.1,200,200,1.0,1,0.0,1.0,0.0
frozen_member,central_closed,0.3,200,200,1.0,1,0.0,1.0,0.0
frozen_member,central_watchdog,0.0,200,200,4.525,8,0.025,0.975,0.0
frozen_member,central_watchdog,0.1,200,200,4.155,8,0.03,0.97,0.0
frozen_member,central_watchdog,0.3,200,200,4.315,8,0.025,0.975,0.0
unreliable_member,decentralized,0.0,200,200,8.0,8,1.0,0.0,0.0
unreliable_member,decentralized,0.1,200,200,8.0,8,1.0,0.0,0.0
unreliable_member,decentralized,0.3,200,200,8.0,8,1.0,0.0,0.0
unreliable_member,central_closed,0.0,200,200,1.0,1,0.0,1.0,0.0
unreliable_member,central_closed,0.1,200,200,1.0,1,0.0,1.0,0.0
unreliable_member,central_closed,0.3,200,200,1.0,1,0.0,1.0,0.0
unreliable_member,central_watchdog,0.0,200,200,8.0,8,1.0,0.0,0.0
unreliable_member,central_watchdog,0.1,200,200,8.0,8,1.0,0.0,0.0
unreliable_member,central_watchdog,0.3,200,200,8.0,8,1.0,0.0,0.0
dead_member,decentralized,0.0,200,200,1.72,4,0.0,1.0,0.0
dead_member,decentralized,0.1,200,200,1.7,5,0.0,1.0,0.0
dead_member,decentralized,0.3,200,200,1.895,5,0.0,1.0,0.0
dead_member,central_closed,0.0,200,200,1.0,1,0.0,1.0,0.0
dead_member,central_closed,0.1,200,200,1.0,1,0.0,1.0,0.0
dead_member,central_closed,0.3,200,200,1.0,1,0.0,1.0,0.0
dead_member,central_watchdog,0.0,200,200,1.865,6,0.0,1.0,0.0
dead_member,central_watchdog,0.1,200,200,1.795,6,0.0,1.0,0.0
dead_member,central_watchdog,0.3,200,200,1.705,6,0.0,1.0,0.0
