n,k_opposing,frac_opposing,budget,ever_reached,median_ops,goal_occupancy,mean_inv_backhalf
10,0,0.0,6000,1.0,82.5,1.0,0.0
10,1,0.1,6000,1.0,178.5,0.09689270243252249,3.7
10,2,0.2,6000,0.08,185.0,0.0,7.925
10,3,0.3,6000,0.0,nan,0.0,12.6
10,4,0.4,6000,0.0,nan,0.0,17.2
20,0,0.0,24000,1.0,396.0,1.0,0.0
20,1,0.05,24000,1.0,1690.5,0.04936255312057329,5.0
20,2,0.1,24000,0.03,1604,0.0,15.225
20,3,0.15,24000,0.0,nan,0.0,25.025
20,4,0.2,24000,0.0,nan,0.0,32.425
20,6,0.3,24000,0.0,nan,0.0,53.55
20,8,0.4,24000,0.0,nan,0.0,72.95
30,0,0.0,54000,1.0,937.0,1.0,0.0
30,1,0.03333333333333333,54000,0.99,4578,0.0330524795377949,8.675
30,2,0.06666666666666667,54000,0.07,2748,0.0,23.45
30,3,0.1,54000,0.0,nan,0.0,38.675
30,4,0.13333333333333333,54000,0.0,nan,0.0,52.15
30,6,0.2,54000,0.0,nan,0.0,81.9
30,8,0.26666666666666666,54000,0.0,nan,0.0,114.2
50,0,0.0,150000,1.0,2635.0,1.0,0.0
50,1,0.02,150000,0.94,20248.0,0.02386468180424261,17.75
50,2,0.04,150000,0.08,16601.5,3.899948000693324e-05,40.575
50,3,0.06,150000,0.0,nan,0.0,60.35
50,4,0.08,150000,0.0,nan,0.0,82.0
50,6,0.12,150000,0.0,nan,0.0,130.55
50,8,0.16,150000,0.0,nan,0.0,181.225
