geometry,seed,difference_in_differences,retention_0,retention_40,retention_80
near,801,0.2226905631586239,0.4465388095028517,0.41625240924038803,0.7479841181520123
near,802,-0.047185513146486224,0.7604449924588657,0.7003982892679607,0.7232995764425535
near,803,-0.5676214597446123,1.0,0.762924806807236,0.7181282578084425
near,804,-0.06379729686040869,0.7709246435646671,0.7009619733056771,0.7265559455558952
near,805,-0.5936406798065113,1.0,0.7698393153361558,0.4075368800149313
near,806,-0.31532059552246317,0.7598677770261206,0.7726663080311726,0.4082712248667532
far,801,-0.11555297860141822,0.8056820150273611,0.5117564008954122,0.6894102138092411
far,802,0.0952628251952859,0.5398770681304613,0.688452329919726,0.6776232047552603
far,803,-0.550068803313551,1.0,0.6711057105345125,0.5063034505112691
far,804,0.048481101074977384,0.5691343235703165,0.6819733430828173,0.6770062327434553
far,805,-0.7100520314231398,1.0,0.5371426877138799,0.4968514632111922
far,806,-0.14938203200554273,0.677867837394076,0.7206343888106475,0.5169281194894064
