arm,boost,seed,tick,cytoplasm_count,signal_carriers,total_fluid,active_area,skeleton_length,endpoints,branch_points,attachment_distance,connected,path_length,organization_score,food_components
sham,0,801,600,3000.0,2526.0,703.3428563427498,1035.0,312.0,4.0,12.0,1.5811388300841898,True,88.55634918610403,0.7995449425376004,2.0
sham,0,802,600,3000.0,2399.0,674.6496696080351,1034.0,317.0,4.0,12.0,1.5811388300841898,True,85.31370849898475,0.8299343958560401,2.0
sham,0,803,600,3000.0,2370.0,705.139444297872,1017.0,300.0,5.0,7.0,1.6283082689914699,True,226.4558441227158,0.3113965401601934,2.0
sham,0,804,600,3000.0,2245.0,730.6165786225015,1097.0,328.0,3.0,8.0,2.1213203435596424,True,87.55634918610403,0.772638382387921,2.0
sham,0,805,600,3000.0,2153.0,708.6323942730293,1020.0,303.0,4.0,7.0,1.414213562373095,True,231.6984848098351,0.310059230317454,2.0
sham,0,806,600,3000.0,2141.0,823.3629038337677,1160.0,342.0,3.0,8.0,0.7071067811865476,True,89.38477631085023,0.8567974412790025,2.0
sham,40,801,600,2826.0,2469.0,1339.365787298264,1287.0,366.0,6.0,18.0,0.7071067811865476,True,88.62741699796949,0.8641191431110654,2.0
sham,40,802,600,2886.0,2464.0,1280.9882926222083,1212.0,354.0,6.0,16.0,0.7071067811865476,True,89.45584412271569,0.8561167622248749,2.0
sham,40,803,600,2925.0,2452.0,1345.9161738645948,1333.0,371.0,7.0,12.0,0.7071067811865476,True,88.6274169979695,0.8641191431110653,2.0
sham,40,804,600,2851.0,2363.0,1206.9620199377368,1138.0,335.0,6.0,10.0,0.7071067811865476,True,90.28427124746187,0.8482612372482926,2.0
sham,40,805,600,2847.0,2370.0,1328.3457916975835,1256.0,353.0,3.0,8.0,0.7071067811865476,True,90.28427124746187,0.8482612372482926,2.0
sham,40,806,600,2856.0,2403.0,1324.9619701288893,1278.0,368.0,4.0,15.0,0.7071067811865476,True,91.94112549695424,0.832974876242618,2.0
sham,80,801,600,2300.0,2298.0,2060.0843711655184,1481.0,356.0,3.0,7.0,0.7071067811865476,True,87.7989898732233,0.8722725368824437,2.0
sham,80,802,600,2353.0,2112.0,2021.9250168075162,1508.0,362.0,5.0,16.0,0.7071067811865476,True,86.14213562373094,0.8890497905340355,2.0
sham,80,803,600,2438.0,2307.0,2001.3496330851015,1447.0,345.0,4.0,9.0,0.7071067811865476,True,86.14213562373094,0.8890497905340355,2.0
sham,80,804,600,2403.0,2230.0,2012.3733271769934,1465.0,346.0,5.0,8.0,0.7071067811865476,True,86.97056274847712,0.8805812589015757,2.0
sham,80,805,600,2316.0,2248.0,2031.9940196626026,1541.0,363.0,6.0,8.0,0.7071067811865476,True,85.31370849898475,0.8976827872081523,2.0
sham,80,806,600,2344.0,2332.0,2214.610561856067,1582.0,362.0,8.0,13.0,0.7071067811865476,True,86.97056274847712,0.8805812589015757,2.0
near,0,801,600,3000.0,2598.0,670.3946972231907,949.0,283.0,5.0,7.0,2.065324293440291,True,199.69848480983507,0.35702784678476607,2.0
near,0,802,600,3000.0,2318.0,684.8116379490197,1027.0,313.0,3.0,11.0,2.065324293440291,True,112.97056274847712,0.6311194553980997,2.0
near,0,803,600,3000.0,2512.0,765.2075670801373,1075.0,311.0,4.0,12.0,2.065324293440291,True,113.45584412271567,0.6284199865519378,2.0
near,0,804,600,3000.0,2468.0,765.9180329049001,1105.0,337.0,5.0,16.0,2.065324293440291,True,119.69848480983497,0.595645969546789,2.0
near,0,805,600,3000.0,2074.0,805.8892511514111,1148.0,334.0,5.0,9.0,1.6283082689914699,True,198.94112549695433,0.3718559652577309,2.0
near,0,806,600,3000.0,2557.0,832.8597255506571,1191.0,353.0,6.0,13.0,1.6283082689914699,True,113.6274169979695,0.6510527670663437,2.0
near,40,801,600,2758.0,2672.0,1377.4437719007155,1340.0,369.0,8.0,19.0,1.6283082689914699,True,205.6690475583123,0.35969167519072065,2.0
near,40,802,600,2950.0,2699.0,1185.6397197050578,1150.0,317.0,6.0,13.0,2.121320343559643,True,118.35533905932733,0.5996227156759278,2.0
near,40,803,600,2714.0,2642.0,1348.711858165676,1256.0,335.0,5.0,15.0,1.6283082689914699,True,112.2132034355964,0.6592579303164438,2.0
near,40,804,600,2925.0,1766.0,1056.4551291914938,1081.0,359.0,5.0,16.0,2.121320343559643,True,119.35533905932733,0.5945988707402783,2.0
near,40,805,600,2749.0,2734.0,1311.8533872234766,1264.0,343.0,4.0,12.0,1.6283082689914699,True,113.28427124746187,0.653024850109426,2.0
near,40,806,600,2817.0,2725.0,1305.1904733116621,1309.0,364.0,4.0,14.0,1.6283082689914699,True,114.94112549695424,0.6436116223091066,2.0
near,80,801,600,2125.0,2122.0,2161.034682741741,1552.0,369.0,9.0,20.0,1.6283082689914699,True,113.38477631085021,0.6524460042882332,2.0
near,80,802,600,2139.0,2135.0,2030.939873881319,1471.0,330.0,2.0,7.0,1.6283082689914699,True,115.0416305603426,0.6430493369296089,2.0
near,80,803,600,2144.0,2144.0,2171.210036331848,1535.0,334.0,6.0,12.0,1.6283082689914699,True,115.87005768508877,0.6384517771811676,2.0
near,80,804,600,2232.0,2230.0,2118.5675034798173,1518.0,328.0,5.0,7.0,1.6283082689914699,True,115.62741699796949,0.6397915492000349,2.0
near,80,805,600,2258.0,2248.0,2125.029078667202,1507.0,330.0,7.0,7.0,1.6283082689914699,True,202.21320343559645,0.3658388423419179,2.0
near,80,806,600,2107.0,2106.0,2027.6621933264266,1476.0,352.0,9.0,12.0,1.6283082689914699,True,205.76955262170054,0.35951598916645383,2.0
far,0,801,600,3000.0,2820.0,752.1524794000726,1103.0,332.0,5.0,14.0,1.1441228056353687,True,130.9705627484771,0.6441789804086296,2.0
far,0,802,600,3000.0,2795.0,663.1085660889795,938.0,280.0,4.0,10.0,1.6283082689914699,True,180.45584412271575,0.4480625483753847,2.0
far,0,803,600,3000.0,2439.0,749.9141701025492,1078.0,326.0,6.0,8.0,2.3354150501780175,True,180.38477631085027,0.42254452956341204,2.0
far,0,804,600,3000.0,2778.0,708.445540984755,1054.0,314.0,5.0,10.0,2.065324293440291,True,177.21320343559645,0.43973502312481294,2.0
far,0,805,600,3000.0,2804.0,776.51863072931,1127.0,341.0,7.0,24.0,2.5495097567963922,True,131.7989898732233,0.5684434808563132,2.0
far,0,806,600,3000.0,2854.0,696.5612703744745,1017.0,312.0,2.0,8.0,2.7324928521095213,True,127.14213562373094,0.5807954286045752,2.0
far,40,801,600,2824.0,2822.0,1304.253845208387,1259.0,327.0,5.0,8.0,1.6283082689914699,True,182.84062043356602,0.44221850262334644,2.0
far,40,802,600,2737.0,2737.0,1404.1046344043966,1369.0,372.0,7.0,17.0,1.6283082689914699,True,137.18376618407356,0.5893955796370473,2.0
far,40,803,600,2836.0,2836.0,1338.9308956052926,1288.0,336.0,3.0,7.0,1.6283082689914699,True,139.42640687119285,0.5799152915240255,2.0
far,40,804,600,2815.0,2813.0,1307.4187208504095,1225.0,329.0,5.0,17.0,1.6283082689914699,True,139.76955262170048,0.578491551773785,2.0
far,40,805,600,2578.0,2576.0,1232.3011554226998,1200.0,330.0,6.0,11.0,1.6283082689914699,True,177.45584412271575,0.45563732085904896,2.0
far,40,806,600,2771.0,2770.0,1345.7454603006797,1357.0,359.0,3.0,10.0,1.6283082689914699,True,134.698484809835,0.6002703408357237,2.0
far,80,801,600,2071.0,2064.0,2130.575225917593,1552.0,335.0,5.0,11.0,1.6283082689914699,True,134.45584412271572,0.6013535961520546,2.0
far,80,802,600,2032.0,2027.0,2098.1445969592182,1544.0,334.0,4.0,9.0,1.6283082689914699,True,134.21320343559643,0.602440768248666,2.0
far,80,803,600,2067.0,2062.0,2113.7314375644537,1553.0,328.0,7.0,11.0,1.6283082689914699,True,179.62741699796953,0.4501289766237032,2.0
far,80,804,600,2039.0,2033.0,2085.149539176573,1520.0,337.0,4.0,14.0,1.6283082689914699,True,135.62741699796953,0.596159000713445,2.0
far,80,805,600,2045.0,2035.0,2081.034524779845,1509.0,311.0,7.0,7.0,1.6283082689914699,True,181.2842712474619,0.4460150063238718,2.0
far,80,806,600,2149.0,2148.0,2110.2006863302886,1512.0,322.0,6.0,10.0,1.6283082689914699,True,177.6274169979695,0.4551972142216057,2.0
