cid,states,size,internal_edges,neutral_retention,components,largest_component,largest_component_frac,boundary_edges,outside_neighbors,closed_neighborhood,winner_count4,winner_count3,mean_mutation_distance,semantic_robustness,label
0,1,1188,6822,0.7656565656565657,1,1188,1.0,4176,2664,3852,35,35,0.08346767913047808,0.916532320869522,constant 0
1,1,1188,6822,0.7656565656565657,1,1188,1.0,4176,2664,3852,35,35,0.08346767913047808,0.916532320869522,constant 1
2,2,64,153,0.31875,1,64,1.0,654,539,603,3,0,0.12618229095315409,0.873817709046846,
3,2,52,122,0.3128205128205128,1,52,1.0,536,448,500,7,7,0.12382144076892788,0.8761785592310721,last-bit
4,2,52,122,0.3128205128205128,1,52,1.0,536,448,500,2,0,0.13933727241419497,0.860662727585805,parity
5,2,64,168,0.35,1,64,1.0,624,484,548,6,0,0.13182353581589276,0.8681764641841072,OR-memory
6,2,64,153,0.31875,1,64,1.0,654,539,603,3,0,0.126182290953154,0.873817709046846,
7,2,52,122,0.3128205128205128,1,52,1.0,536,448,500,2,0,0.1393372724141949,0.8606627275858051,
8,2,52,122,0.3128205128205128,1,52,1.0,536,448,500,7,7,0.12382144076892797,0.876178559231072,
9,2,64,168,0.35,1,64,1.0,624,484,548,6,0,0.13182353581589273,0.8681764641841072,
10,2,44,102,0.3090909090909091,1,44,1.0,456,404,448,0,0,0.1416321949655287,0.8583678050344713,length parity
11,2,50,122,0.3253333333333333,1,50,1.0,506,422,472,9,0,0.13014644442500606,0.869853555574994,
12,2,50,122,0.3253333333333333,1,50,1.0,506,422,472,9,0,0.13014644442500595,0.869853555574994,
13,2,92,274,0.39710144927536234,1,92,1.0,832,584,676,6,1,0.11272523347190191,0.8872747665280981,
14,2,64,153,0.31875,1,64,1.0,654,539,603,3,0,0.12618229095315409,0.873817709046846,
15,2,52,122,0.3128205128205128,1,52,1.0,536,448,500,7,7,0.1238214407689279,0.8761785592310721,
16,2,52,122,0.3128205128205128,1,52,1.0,536,448,500,2,0,0.13933727241419497,0.860662727585805,
17,2,64,168,0.35,1,64,1.0,624,484,548,6,0,0.13182353581589276,0.8681764641841072,
18,2,64,153,0.31875,1,64,1.0,654,539,603,3,0,0.12618229095315397,0.873817709046846,
19,2,52,122,0.3128205128205128,1,52,1.0,536,448,500,2,0,0.1393372724141949,0.8606627275858051,
20,2,52,122,0.3128205128205128,1,52,1.0,536,448,500,7,7,0.12382144076892795,0.876178559231072,
21,2,64,168,0.35,1,64,1.0,624,484,548,6,0,0.13182353581589273,0.8681764641841072,AND-memory
22,2,44,102,0.3090909090909091,1,44,1.0,456,404,448,0,0,0.14163219496552873,0.8583678050344713,
23,2,50,122,0.3253333333333333,1,50,1.0,506,422,472,9,0,0.13014644442500606,0.869853555574994,
24,2,50,122,0.3253333333333333,1,50,1.0,506,422,472,9,0,0.13014644442500595,0.869853555574994,
25,2,92,274,0.39710144927536234,1,92,1.0,832,584,676,6,1,0.11272523347190191,0.8872747665280981,
26,3,2,0,0.0,2,1,0.5,30,30,32,0,0,0.11452307169954229,0.8854769283004578,
27,3,2,0,0.0,2,1,0.5,30,30,32,0,0,0.1138821412505623,0.8861178587494377,
28,3,2,0,0.0,2,1,0.5,30,30,32,0,0,0.11530178971355444,0.8846982102864456,
29,3,2,0,0.0,2,1,0.5,30,30,32,0,0,0.11616442015814489,0.8838355798418551,
30,3,2,0,0.0,2,1,0.5,30,30,32,0,0,0.11580825801878437,0.8841917419812156,
31,3,2,0,0.0,2,1,0.5,30,30,32,0,0,0.11651382243487511,0.8834861775651249,
32,3,2,0,0.0,2,1,0.5,30,30,32,0,0,0.12870351276474046,0.8712964872352595,
33,3,2,0,0.0,2,1,0.5,30,30,32,0,0,0.12775688736215055,0.8722431126378495,
34,3,2,0,0.0,2,1,0.5,30,30,32,0,0,0.13405242905242903,0.865947570947571,
35,3,2,0,0.0,2,1,0.5,30,30,32,0,0,0.11766717848655456,0.8823328215134454,
36,3,2,0,0.0,2,1,0.5,30,30,32,0,0,0.11734006734006736,0.8826599326599327,
37,3,2,0,0.0,2,1,0.5,30,30,32,0,0,0.11776400750665458,0.8822359924933454,
38,3,2,0,0.0,2,1,0.5,30,30,32,0,0,0.11822178562267177,0.8817782143773283,
39,3,2,0,0.0,2,1,0.5,30,30,32,0,0,0.11815014744839306,0.881849852551607,
40,3,2,0,0.0,2,1,0.5,30,30,32,0,0,0.11755698005698004,0.88244301994302,
41,3,2,0,0.0,2,1,0.5,30,30,32,0,0,0.13602008314941133,0.8639799168505886,
42,3,2,0,0.0,2,1,0.5,30,30,32,0,0,0.13551587301587303,0.864484126984127,
43,3,2,0,0.0,2,1,0.5,30,30,32,0,0,0.1355348355348355,0.8644651644651645,
44,3,2,0,0.0,2,1,0.5,30,30,32,0,0,0.11338246079317504,0.886617539206825,
45,3,2,0,0.0,2,1,0.5,30,30,32,0,0,0.11362318724160826,0.8863768127583918,
46,3,2,0,0.0,2,1,0.5,30,30,32,0,0,0.12687837772511096,0.873121622274889,
47,3,2,0,0.0,2,1,0.5,30,30,32,0,0,0.11469946719946718,0.8853005328005328,
48,3,2,0,0.0,2,1,0.5,30,30,32,0,0,0.11520106169771772,0.8847989383022823,
49,3,2,0,0.0,2,1,0.5,30,30,32,0,0,0.1306396698144017,0.8693603301855983,
50,3,2,0,0.0,2,1,0.5,30,30,32,0,0,0.11812636165577343,0.8818736383442266,
51,3,2,0,0.0,2,1,0.5,30,30,32,0,0,0.11848683188156876,0.8815131681184313,
52,3,2,0,0.0,2,1,0.5,30,30,32,0,0,0.13574555074555075,0.8642544492544493,
53,3,2,0,0.0,2,1,0.5,30,30,32,0,0,0.11566716507892978,0.8843328349210702,
54,3,2,0,0.0,2,1,0.5,30,30,32,0,0,0.11430797960209728,0.8856920203979027,
55,3,2,0,0.0,2,1,0.5,30,30,32,0,0,0.13010841554959207,0.8698915844504079,
56,3,2,0,0.0,2,1,0.5,30,30,32,0,0,0.11699878395883813,0.8830012160411619,
57,3,2,0,0.0,2,1,0.5,30,30,32,0,0,0.1153183885640026,0.8846816114359974,
58,3,2,0,0.0,2,1,0.5,30,30,32,0,0,0.13485588485588487,0.8651441151441152,
59,3,2,0,0.0,2,1,0.5,30,30,32,0,0,0.11982092526210177,0.8801790747378982,
60,3,2,0,0.0,2,1,0.5,30,30,32,0,0,0.11755698005698005,0.88244301994302,
61,3,2,0,0.0,2,1,0.5,30,30,32,0,0,0.1355348355348355,0.8644651644651645,
62,3,2,0,0.0,2,1,0.5,30,30,32,0,0,0.13014452571229543,0.8698554742877046,
63,3,2,0,0.0,2,1,0.5,30,30,32,0,0,0.13106955987864144,0.8689304401213586,
64,3,2,0,0.0,2,1,0.5,30,30,32,0,0,0.1327176091881974,0.8672823908118026,
65,3,2,0,0.0,2,1,0.5,30,30,32,0,0,0.1353086212273917,0.8646913787726083,
66,3,2,0,0.0,2,1,0.5,30,30,32,0,0,0.13832772166105498,0.861672278338945,
67,3,2,0,0.0,2,1,0.5,30,30,32,0,0,0.13584168482207698,0.8641583151779231,
68,3,2,0,0.0,2,1,0.5,30,30,32,0,0,0.13631634168586035,0.8636836583141396,
69,3,2,0,0.0,2,1,0.5,30,30,32,0,0,0.13301547399586616,0.8669845260041338,
70,3,2,0,0.0,2,1,0.5,30,30,32,0,0,0.13682214299861353,0.8631778570013865,
71,3,2,0,0.0,2,1,0.5,30,30,32,0,0,0.11338246079317504,0.886617539206825,
72,3,2,0,0.0,2,1,0.5,30,30,32,0,0,0.11469946719946718,0.8853005328005328,
73,3,2,0,0.0,2,1,0.5,30,30,32,0,0,0.11812636165577343,0.8818736383442266,
74,3,2,0,0.0,2,1,0.5,30,30,32,0,0,0.11362318724160828,0.8863768127583918,
75,3,2,0,0.0,2,1,0.5,30,30,32,0,0,0.11520106169771772,0.8847989383022823,
76,3,2,0,0.0,2,1,0.5,30,30,32,0,0,0.11848683188156876,0.8815131681184313,
77,3,2,0,0.0,2,1,0.5,30,30,32,0,0,0.12687837772511096,0.873121622274889,
78,3,2,0,0.0,2,1,0.5,30,30,32,0,0,0.1306396698144017,0.8693603301855983,
79,3,2,0,0.0,2,1,0.5,30,30,32,0,0,0.13574555074555075,0.8642544492544493,
80,3,2,0,0.0,2,1,0.5,30,30,32,0,0,0.11566716507892978,0.8843328349210702,
81,3,2,0,0.0,2,1,0.5,30,30,32,0,0,0.11699878395883814,0.8830012160411619,
82,3,2,0,0.0,2,1,0.5,30,30,32,0,0,0.11982092526210174,0.8801790747378982,
83,3,2,0,0.0,2,1,0.5,30,30,32,0,0,0.11430797960209729,0.8856920203979027,ends-01
84,3,2,0,0.0,2,1,0.5,30,30,32,0,0,0.1153183885640026,0.8846816114359974,
85,3,2,0,0.0,2,1,0.5,30,30,32,0,0,0.11755698005698004,0.88244301994302,
86,3,2,0,0.0,2,1,0.5,30,30,32,0,0,0.13010841554959207,0.8698915844504079,
87,3,2,0,0.0,2,1,0.5,30,30,32,0,0,0.13485588485588487,0.8651441151441152,
88,3,2,0,0.0,2,1,0.5,30,30,32,0,0,0.1355348355348355,0.8644651644651645,
89,3,2,0,0.0,2,1,0.5,30,30,32,0,0,0.11452307169954229,0.8854769283004578,
90,3,2,0,0.0,2,1,0.5,30,30,32,0,0,0.11616442015814489,0.8838355798418551,
91,3,2,0,0.0,2,1,0.5,30,30,32,0,0,0.12870351276474046,0.8712964872352595,
92,3,2,0,0.0,2,1,0.5,30,30,32,0,0,0.1138821412505623,0.8861178587494377,
93,3,2,0,0.0,2,1,0.5,30,30,32,0,0,0.11580825801878439,0.8841917419812156,
94,3,2,0,0.0,2,1,0.5,30,30,32,0,0,0.12775688736215055,0.8722431126378495,
95,3,2,0,0.0,2,1,0.5,30,30,32,0,0,0.11530178971355444,0.8846982102864456,
96,3,2,0,0.0,2,1,0.5,30,30,32,0,0,0.11651382243487513,0.8834861775651248,
97,3,2,0,0.0,2,1,0.5,30,30,32,0,0,0.13405242905242903,0.865947570947571,
98,3,2,0,0.0,2,1,0.5,30,30,32,0,0,0.11766717848655457,0.8823328215134454,
99,3,2,0,0.0,2,1,0.5,30,30,32,0,0,0.11822178562267177,0.8817782143773283,
100,3,2,0,0.0,2,1,0.5,30,30,32,0,0,0.13602008314941133,0.8639799168505886,
101,3,2,0,0.0,2,1,0.5,30,30,32,0,0,0.11734006734006736,0.8826599326599327,
102,3,2,0,0.0,2,1,0.5,30,30,32,0,0,0.11815014744839307,0.881849852551607,
103,3,2,0,0.0,2,1,0.5,30,30,32,0,0,0.13551587301587303,0.864484126984127,
104,3,2,0,0.0,2,1,0.5,30,30,32,0,0,0.11776400750665458,0.8822359924933454,
105,3,2,0,0.0,2,1,0.5,30,30,32,0,0,0.11755698005698005,0.88244301994302,
106,3,2,0,0.0,2,1,0.5,30,30,32,0,0,0.1355348355348355,0.8644651644651645,
107,3,2,0,0.0,2,1,0.5,30,30,32,0,0,0.13014452571229543,0.8698554742877046,
108,3,2,0,0.0,2,1,0.5,30,30,32,0,0,0.1353086212273917,0.8646913787726083,
109,3,2,0,0.0,2,1,0.5,30,30,32,0,0,0.13631634168586035,0.8636836583141396,
110,3,2,0,0.0,2,1,0.5,30,30,32,0,0,0.1310695598786414,0.8689304401213586,
111,3,2,0,0.0,2,1,0.5,30,30,32,0,0,0.13832772166105498,0.861672278338945,
112,3,2,0,0.0,2,1,0.5,30,30,32,0,0,0.13301547399586616,0.8669845260041338,
113,3,2,0,0.0,2,1,0.5,30,30,32,0,0,0.1327176091881974,0.8672823908118026,
114,3,2,0,0.0,2,1,0.5,30,30,32,0,0,0.13584168482207698,0.8641583151779231,
115,3,2,0,0.0,2,1,0.5,30,30,32,0,0,0.13682214299861353,0.8631778570013865,
116,3,2,0,0.0,2,1,0.5,30,30,32,0,0,0.12256062629221386,0.8774393737077861,
117,3,2,0,0.0,2,1,0.5,30,30,32,0,0,0.12284841733964541,0.8771515826603546,
118,3,2,0,0.0,2,1,0.5,30,30,32,0,0,0.12034179649040329,0.8796582035095967,
119,3,2,0,0.0,2,1,0.5,30,30,32,0,0,0.12304397260159372,0.8769560273984063,
120,3,2,0,0.0,2,1,0.5,30,30,32,0,0,0.12388233209285843,0.8761176679071416,
121,3,2,0,0.0,2,1,0.5,30,30,32,0,0,0.12068914711019972,0.8793108528898003,
122,3,2,0,0.0,2,1,0.5,30,30,32,0,0,0.1379655201582213,0.8620344798417787,
123,3,2,0,0.0,2,1,0.5,30,30,32,0,0,0.13953021750201164,0.8604697824979883,
124,3,2,0,0.0,2,1,0.5,30,30,32,0,0,0.13918761550340494,0.860812384496595,
125,3,2,0,0.0,2,1,0.5,30,30,32,0,0,0.1238088040835168,0.8761911959164832,
126,3,2,0,0.0,2,1,0.5,30,30,32,0,0,0.12488000095142951,0.8751199990485705,
127,3,2,0,0.0,2,1,0.5,30,30,32,0,0,0.12082676582676581,0.8791732341732342,
128,3,2,0,0.0,2,1,0.5,30,30,32,0,0,0.12178040913335031,0.8782195908666497,
129,3,2,0,0.0,2,1,0.5,30,30,32,0,0,0.12289377289377287,0.8771062271062271,
130,3,2,0,0.0,2,1,0.5,30,30,32,0,0,0.11879011253624255,0.8812098874637575,
131,3,2,0,0.0,2,1,0.5,30,30,32,0,0,0.14137804948435775,0.8586219505156423,
132,3,2,0,0.0,2,1,0.5,30,30,32,0,0,0.14491582491582491,0.8550841750841751,
133,3,2,0,0.0,2,1,0.5,30,30,32,0,0,0.13775287892934948,0.8622471210706505,
134,3,2,0,0.0,2,1,0.5,30,30,32,0,0,0.12256062629221384,0.8774393737077861,
135,3,2,0,0.0,2,1,0.5,30,30,32,0,0,0.12304397260159372,0.8769560273984063,
136,3,2,0,0.0,2,1,0.5,30,30,32,0,0,0.1379655201582213,0.8620344798417787,
137,3,2,0,0.0,2,1,0.5,30,30,32,0,0,0.12284841733964541,0.8771515826603546,
138,3,2,0,0.0,2,1,0.5,30,30,32,0,0,0.12388233209285843,0.8761176679071416,
139,3,2,0,0.0,2,1,0.5,30,30,32,0,0,0.13953021750201164,0.8604697824979883,
140,3,2,0,0.0,2,1,0.5,30,30,32,0,0,0.1203417964904033,0.8796582035095967,
141,3,2,0,0.0,2,1,0.5,30,30,32,0,0,0.12068914711019975,0.8793108528898003,
142,3,2,0,0.0,2,1,0.5,30,30,32,0,0,0.13918761550340494,0.860812384496595,
143,3,2,0,0.0,2,1,0.5,30,30,32,0,0,0.1238088040835168,0.8761911959164832,
144,3,2,0,0.0,2,1,0.5,30,30,32,0,0,0.12178040913335031,0.8782195908666497,
145,3,2,0,0.0,2,1,0.5,30,30,32,0,0,0.14137804948435775,0.8586219505156423,
146,3,2,0,0.0,2,1,0.5,30,30,32,0,0,0.12488000095142952,0.8751199990485705,
147,3,2,0,0.0,2,1,0.5,30,30,32,0,0,0.12289377289377287,0.8771062271062271,
148,3,2,0,0.0,2,1,0.5,30,30,32,0,0,0.14491582491582491,0.8550841750841751,
149,3,2,0,0.0,2,1,0.5,30,30,32,0,0,0.12082676582676581,0.8791732341732342,
150,3,2,0,0.0,2,1,0.5,30,30,32,0,0,0.11879011253624255,0.8812098874637575,
151,3,2,0,0.0,2,1,0.5,30,30,32,0,0,0.13775287892934948,0.8622471210706505,
152,3,2,0,0.0,2,1,0.5,30,30,32,0,0,0.1465763651810163,0.8534236348189836,
153,3,2,0,0.0,2,1,0.5,30,30,32,0,0,0.14651801984698876,0.8534819801530112,
154,3,2,0,0.0,2,1,0.5,30,30,32,0,0,0.14244212894369795,0.8575578710563021,
155,3,2,0,0.0,2,1,0.5,30,30,32,0,0,0.14651801984698876,0.8534819801530112,
156,3,2,0,0.0,2,1,0.5,30,30,32,0,0,0.15111111111111108,0.8488888888888889,
157,3,2,0,0.0,2,1,0.5,30,30,32,0,0,0.13945091945091945,0.8605490805490805,
158,3,2,0,0.0,2,1,0.5,30,30,32,0,0,0.14244212894369795,0.8575578710563021,
159,3,2,0,0.0,2,1,0.5,30,30,32,0,0,0.13945091945091945,0.8605490805490805,
160,3,2,0,0.0,2,1,0.5,30,30,32,0,0,0.13559884559884564,0.8644011544011544,
161,3,2,0,0.0,2,1,0.5,30,30,32,0,0,0.12334715576820839,0.8766528442317916,
162,3,2,0,0.0,2,1,0.5,30,30,32,0,0,0.12381431240323891,0.8761856875967611,
163,3,2,0,0.0,2,1,0.5,30,30,32,0,0,0.1297116275537328,0.8702883724462672,
164,3,2,0,0.0,2,1,0.5,30,30,32,0,0,0.12273387171632791,0.8772661282836721,
165,3,2,0,0.0,2,1,0.5,30,30,32,0,0,0.12384756645967773,0.8761524335403222,
166,3,2,0,0.0,2,1,0.5,30,30,32,0,0,0.12957248186969553,0.8704275181303045,
167,3,2,0,0.0,2,1,0.5,30,30,32,0,0,0.13993585587944413,0.8600641441205559,
168,3,2,0,0.0,2,1,0.5,30,30,32,0,0,0.14066500611423824,0.8593349938857617,
169,3,2,0,0.0,2,1,0.5,30,30,32,0,0,0.15217994481152378,0.8478200551884763,
170,3,2,0,0.0,2,1,0.5,30,30,32,0,0,0.12125321339511513,0.8787467866048848,
171,3,2,0,0.0,2,1,0.5,30,30,32,0,0,0.118989219844483,0.881010780155517,
172,3,2,0,0.0,2,1,0.5,30,30,32,0,0,0.1315309164519691,0.8684690835480309,
173,3,2,0,0.0,2,1,0.5,30,30,32,0,0,0.12069099419099419,0.8793090058090058,
174,3,2,0,0.0,2,1,0.5,30,30,32,0,0,0.11907900631114916,0.8809209936888508,
175,3,2,0,0.0,2,1,0.5,30,30,32,0,0,0.13215686274509808,0.8678431372549019,
176,3,2,0,0.0,2,1,0.5,30,30,32,0,0,0.13883960360750083,0.8611603963924992,
177,3,2,0,0.0,2,1,0.5,30,30,32,0,0,0.135714498254698,0.8642855017453019,
178,3,2,0,0.0,2,1,0.5,30,30,32,0,0,0.15416786916786915,0.8458321308321308,
179,3,2,0,0.0,2,1,0.5,30,30,32,0,0,0.12289086352244251,0.8771091364775575,
180,3,2,0,0.0,2,1,0.5,30,30,32,0,0,0.12305778252361935,0.8769422174763807,
181,3,2,0,0.0,2,1,0.5,30,30,32,0,0,0.130402711323764,0.869597288676236,
182,3,2,0,0.0,2,1,0.5,30,30,32,0,0,0.11942420152946469,0.8805757984705354,
183,3,2,0,0.0,2,1,0.5,30,30,32,0,0,0.12005639458580636,0.8799436054141936,
184,3,2,0,0.0,2,1,0.5,30,30,32,0,0,0.1281275913628855,0.8718724086371145,
185,3,2,0,0.0,2,1,0.5,30,30,32,0,0,0.1372313213102687,0.8627686786897313,
186,3,2,0,0.0,2,1,0.5,30,30,32,0,0,0.13782119323068276,0.8621788067693172,
187,3,2,0,0.0,2,1,0.5,30,30,32,0,0,0.15374458874458874,0.8462554112554113,
188,3,2,0,0.0,2,1,0.5,30,30,32,0,0,0.11958077010708586,0.8804192298929141,
189,3,2,0,0.0,2,1,0.5,30,30,32,0,0,0.11670274170274171,0.8832972582972582,
190,3,2,0,0.0,2,1,0.5,30,30,32,0,0,0.13290043290043288,0.8670995670995671,
191,3,2,0,0.0,2,1,0.5,30,30,32,0,0,0.1155916305916306,0.8844083694083694,
192,3,2,0,0.0,2,1,0.5,30,30,32,0,0,0.11349206349206349,0.8865079365079365,
193,3,2,0,0.0,2,1,0.5,30,30,32,0,0,0.12915824915824917,0.8708417508417509,
194,3,2,0,0.0,2,1,0.5,30,30,32,0,0,0.13417027417027413,0.8658297258297258,
195,3,2,0,0.0,2,1,0.5,30,30,32,0,0,0.13026936026936026,0.8697306397306397,
196,3,2,0,0.0,2,1,0.5,30,30,32,0,0,0.1565656565656566,0.8434343434343434,
197,3,2,0,0.0,2,1,0.5,30,30,32,0,0,0.1396686892062658,0.8603313107937343,
198,3,2,0,0.0,2,1,0.5,30,30,32,0,0,0.1452714608607408,0.8547285391392592,
199,3,2,0,0.0,2,1,0.5,30,30,32,0,0,0.144405414985497,0.855594585014503,
200,3,2,0,0.0,2,1,0.5,30,30,32,0,0,0.1354871794871795,0.8645128205128205,
201,3,2,0,0.0,2,1,0.5,30,30,32,0,0,0.14174318652448056,0.8582568134755194,
202,3,2,0,0.0,2,1,0.5,30,30,32,0,0,0.14440777692093482,0.8555922230790651,
203,3,2,0,0.0,2,1,0.5,30,30,32,0,0,0.13712985990617568,0.8628701400938243,
204,3,2,0,0.0,2,1,0.5,30,30,32,0,0,0.13972218643238443,0.8602778135676156,
205,3,2,0,0.0,2,1,0.5,30,30,32,0,0,0.14579725829725834,0.8542027417027417,
206,3,2,0,0.0,2,1,0.5,30,30,32,0,0,0.1412524933806359,0.8587475066193642,
207,3,2,0,0.0,2,1,0.5,30,30,32,0,0,0.1399719972813042,0.8600280027186958,
208,3,2,0,0.0,2,1,0.5,30,30,32,0,0,0.15025316317699933,0.8497468368230007,
209,3,2,0,0.0,2,1,0.5,30,30,32,0,0,0.138514652014652,0.861485347985348,
210,3,2,0,0.0,2,1,0.5,30,30,32,0,0,0.13664916564916565,0.8633508343508344,
211,3,2,0,0.0,2,1,0.5,30,30,32,0,0,0.15361111111111111,0.8463888888888889,
212,3,2,0,0.0,2,1,0.5,30,30,32,0,0,0.13643672147268968,0.8635632785273103,
213,3,2,0,0.0,2,1,0.5,30,30,32,0,0,0.13277777777777777,0.8672222222222222,
214,3,2,0,0.0,2,1,0.5,30,30,32,0,0,0.14524410774410776,0.8547558922558922,
215,3,2,0,0.0,2,1,0.5,30,30,32,0,0,0.1423756337929824,0.8576243662070175,
216,3,2,0,0.0,2,1,0.5,30,30,32,0,0,0.1484710173229313,0.8515289826770687,
217,3,2,0,0.0,2,1,0.5,30,30,32,0,0,0.13374791874791872,0.8662520812520813,
218,3,2,0,0.0,2,1,0.5,30,30,32,0,0,0.14268616423812108,0.8573138357618789,
219,3,2,0,0.0,2,1,0.5,30,30,32,0,0,0.15037037037037038,0.8496296296296296,
220,3,2,0,0.0,2,1,0.5,30,30,32,0,0,0.13387179487179485,0.8661282051282051,
221,3,2,0,0.0,2,1,0.5,30,30,32,0,0,0.14381166452595023,0.8561883354740498,
222,3,2,0,0.0,2,1,0.5,30,30,32,0,0,0.14331094831094834,0.8566890516890516,
223,3,2,0,0.0,2,1,0.5,30,30,32,0,0,0.13301587301587303,0.866984126984127,
224,3,2,0,0.0,2,1,0.5,30,30,32,0,0,0.12202235672823906,0.877977643271761,
225,3,2,0,0.0,2,1,0.5,30,30,32,0,0,0.12000907589142887,0.8799909241085712,
226,3,2,0,0.0,2,1,0.5,30,30,32,0,0,0.13557648405138306,0.8644235159486169,
227,3,2,0,0.0,2,1,0.5,30,30,32,0,0,0.13652348041821724,0.8634765195817827,
228,3,2,0,0.0,2,1,0.5,30,30,32,0,0,0.1341360978203084,0.8658639021796917,
229,3,2,0,0.0,2,1,0.5,30,30,32,0,0,0.12372392076528886,0.8762760792347112,
230,3,2,0,0.0,2,1,0.5,30,30,32,0,0,0.1209259259259259,0.8790740740740741,
231,3,2,0,0.0,2,1,0.5,30,30,32,0,0,0.14067176100808887,0.8593282389919111,
232,3,2,0,0.0,2,1,0.5,30,30,32,0,0,0.1379584413407943,0.8620415586592057,
233,3,2,0,0.0,2,1,0.5,30,30,32,0,0,0.14191492026846478,0.8580850797315352,
234,3,2,0,0.0,2,1,0.5,30,30,32,0,0,0.14185984905283147,0.8581401509471686,
235,3,2,0,0.0,2,1,0.5,30,30,32,0,0,0.13690527065527064,0.8630947293447293,
236,3,2,0,0.0,2,1,0.5,30,30,32,0,0,0.14211056170716926,0.8578894382928307,
237,3,2,0,0.0,2,1,0.5,30,30,32,0,0,0.1373348873348873,0.8626651126651127,
238,3,2,0,0.0,2,1,0.5,30,30,32,0,0,0.12270011734297447,0.8772998826570255,
239,3,2,0,0.0,2,1,0.5,30,30,32,0,0,0.12119236364327768,0.8788076363567223,
240,3,2,0,0.0,2,1,0.5,30,30,32,0,0,0.13407564657564655,0.8659243534243535,
241,3,2,0,0.0,2,1,0.5,30,30,32,0,0,0.13380194305172502,0.866198056948275,
242,3,2,0,0.0,2,1,0.5,30,30,32,0,0,0.13628979693384777,0.8637102030661522,
243,3,2,0,0.0,2,1,0.5,30,30,32,0,0,0.12333333333333335,0.8766666666666667,
244,3,2,0,0.0,2,1,0.5,30,30,32,0,0,0.1207142857142857,0.8792857142857143,
245,3,2,0,0.0,2,1,0.5,30,30,32,0,0,0.12780737780737778,0.8721926221926222,
246,3,2,0,0.0,2,1,0.5,30,30,32,0,0,0.12969846602199547,0.8703015339780045,
247,3,2,0,0.0,2,1,0.5,30,30,32,0,0,0.1393603678255845,0.8606396321744155,
248,3,2,0,0.0,2,1,0.5,30,30,32,0,0,0.1297920727745289,0.8702079272254711,
249,3,2,0,0.0,2,1,0.5,30,30,32,0,0,0.14596977096977096,0.8540302290302291,
250,3,2,0,0.0,2,1,0.5,30,30,32,0,0,0.12869546167340287,0.8713045383265972,
251,3,2,0,0.0,2,1,0.5,30,30,32,0,0,0.13029785029785027,0.8697021497021498,
252,3,2,0,0.0,2,1,0.5,30,30,32,0,0,0.12286500654291885,0.8771349934570811,
253,3,2,0,0.0,2,1,0.5,30,30,32,0,0,0.12013280836810249,0.8798671916318975,
254,3,2,0,0.0,2,1,0.5,30,30,32,0,0,0.1384000825768737,0.8615999174231264,
255,3,2,0,0.0,2,1,0.5,30,30,32,0,0,0.14281705948372617,0.8571829405162739,
256,3,2,0,0.0,2,1,0.5,30,30,32,0,0,0.13556717501815543,0.8644328249818446,
257,3,2,0,0.0,2,1,0.5,30,30,32,0,0,0.1227185852256995,0.8772814147743004,
258,3,2,0,0.0,2,1,0.5,30,30,32,0,0,0.11795702119231526,0.8820429788076848,
259,3,2,0,0.0,2,1,0.5,30,30,32,0,0,0.12270011734297447,0.8772998826570255,
260,3,2,0,0.0,2,1,0.5,30,30,32,0,0,0.13407564657564655,0.8659243534243535,
261,3,2,0,0.0,2,1,0.5,30,30,32,0,0,0.12333333333333335,0.8766666666666667,
262,3,2,0,0.0,2,1,0.5,30,30,32,0,0,0.13380194305172502,0.866198056948275,
263,3,2,0,0.0,2,1,0.5,30,30,32,0,0,0.12119236364327768,0.8788076363567223,
264,3,2,0,0.0,2,1,0.5,30,30,32,0,0,0.13628979693384777,0.8637102030661522,
265,3,2,0,0.0,2,1,0.5,30,30,32,0,0,0.12071428571428569,0.8792857142857143,
266,3,2,0,0.0,2,1,0.5,30,30,32,0,0,0.12780737780737778,0.8721926221926222,
267,3,2,0,0.0,2,1,0.5,30,30,32,0,0,0.1393603678255845,0.8606396321744155,
268,3,2,0,0.0,2,1,0.5,30,30,32,0,0,0.12869546167340287,0.8713045383265972,
269,3,2,0,0.0,2,1,0.5,30,30,32,0,0,0.12979207277452892,0.870207927225471,
270,3,2,0,0.0,2,1,0.5,30,30,32,0,0,0.12969846602199547,0.8703015339780045,
271,3,2,0,0.0,2,1,0.5,30,30,32,0,0,0.14596977096977096,0.8540302290302291,
272,3,2,0,0.0,2,1,0.5,30,30,32,0,0,0.13029785029785027,0.8697021497021498,
273,3,2,0,0.0,2,1,0.5,30,30,32,0,0,0.12202235672823906,0.877977643271761,
274,3,2,0,0.0,2,1,0.5,30,30,32,0,0,0.13557648405138303,0.864423515948617,
275,3,2,0,0.0,2,1,0.5,30,30,32,0,0,0.12372392076528886,0.8762760792347112,
276,3,2,0,0.0,2,1,0.5,30,30,32,0,0,0.13652348041821727,0.8634765195817827,
277,3,2,0,0.0,2,1,0.5,30,30,32,0,0,0.12000907589142887,0.8799909241085712,
278,3,2,0,0.0,2,1,0.5,30,30,32,0,0,0.1341360978203084,0.8658639021796917,
279,3,2,0,0.0,2,1,0.5,30,30,32,0,0,0.12092592592592591,0.8790740740740741,
280,3,2,0,0.0,2,1,0.5,30,30,32,0,0,0.14067176100808887,0.8593282389919111,
281,3,2,0,0.0,2,1,0.5,30,30,32,0,0,0.14191492026846478,0.8580850797315352,
282,3,2,0,0.0,2,1,0.5,30,30,32,0,0,0.14211056170716926,0.8578894382928307,
283,3,2,0,0.0,2,1,0.5,30,30,32,0,0,0.14185984905283147,0.8581401509471686,
284,3,2,0,0.0,2,1,0.5,30,30,32,0,0,0.1379584413407943,0.8620415586592057,
285,3,2,0,0.0,2,1,0.5,30,30,32,0,0,0.13690527065527064,0.8630947293447293,
286,3,2,0,0.0,2,1,0.5,30,30,32,0,0,0.1373348873348873,0.8626651126651127,
287,3,2,0,0.0,2,1,0.5,30,30,32,0,0,0.12286500654291883,0.8771349934570811,
288,3,2,0,0.0,2,1,0.5,30,30,32,0,0,0.1384000825768737,0.8615999174231264,
289,3,2,0,0.0,2,1,0.5,30,30,32,0,0,0.1227185852256995,0.8772814147743004,
290,3,2,0,0.0,2,1,0.5,30,30,32,0,0,0.14281705948372617,0.8571829405162739,
291,3,2,0,0.0,2,1,0.5,30,30,32,0,0,0.12013280836810249,0.8798671916318975,
292,3,2,0,0.0,2,1,0.5,30,30,32,0,0,0.13556717501815543,0.8644328249818446,
293,3,2,0,0.0,2,1,0.5,30,30,32,0,0,0.11795702119231526,0.8820429788076848,
294,3,2,0,0.0,2,1,0.5,30,30,32,0,0,0.1444782523276795,0.8555217476723205,
295,3,2,0,0.0,2,1,0.5,30,30,32,0,0,0.14499910745524783,0.8550008925447522,
296,3,2,0,0.0,2,1,0.5,30,30,32,0,0,0.13858751133054534,0.8614124886694546,
297,3,2,0,0.0,2,1,0.5,30,30,32,0,0,0.14902575658957454,0.8509742434104255,
298,3,2,0,0.0,2,1,0.5,30,30,32,0,0,0.14527295511506041,0.8547270448849396,
299,3,2,0,0.0,2,1,0.5,30,30,32,0,0,0.14433078205142638,0.8556692179485736,
300,3,2,0,0.0,2,1,0.5,30,30,32,0,0,0.14402317320171348,0.8559768267982866,
301,3,2,0,0.0,2,1,0.5,30,30,32,0,0,0.1373000683526999,0.8626999316473001,
302,3,2,0,0.0,2,1,0.5,30,30,32,0,0,0.15083086251794867,0.8491691374820514,
303,3,2,0,0.0,2,1,0.5,30,30,32,0,0,0.15659977588549015,0.8434002241145099,
304,3,2,0,0.0,2,1,0.5,30,30,32,0,0,0.14778005219181692,0.8522199478081831,
305,3,2,0,0.0,2,1,0.5,30,30,32,0,0,0.13735542235542234,0.8626445776445777,
306,3,2,0,0.0,2,1,0.5,30,30,32,0,0,0.13442675315740332,0.8655732468425967,
307,3,2,0,0.0,2,1,0.5,30,30,32,0,0,0.1519078709825286,0.8480921290174714,
308,3,2,0,0.0,2,1,0.5,30,30,32,0,0,0.162020202020202,0.837979797979798,
309,3,2,0,0.0,2,1,0.5,30,30,32,0,0,0.14795829442888264,0.8520417055711174,
310,3,2,0,0.0,2,1,0.5,30,30,32,0,0,0.1444782523276795,0.8555217476723205,
311,3,2,0,0.0,2,1,0.5,30,30,32,0,0,0.14902575658957454,0.8509742434104255,
312,3,2,0,0.0,2,1,0.5,30,30,32,0,0,0.14433078205142638,0.8556692179485736,
313,3,2,0,0.0,2,1,0.5,30,30,32,0,0,0.14499910745524783,0.8550008925447522,
314,3,2,0,0.0,2,1,0.5,30,30,32,0,0,0.14402317320171348,0.8559768267982866,
315,3,2,0,0.0,2,1,0.5,30,30,32,0,0,0.13858751133054534,0.8614124886694546,
316,3,2,0,0.0,2,1,0.5,30,30,32,0,0,0.1452729551150604,0.8547270448849396,
317,3,2,0,0.0,2,1,0.5,30,30,32,0,0,0.1373000683526999,0.8626999316473001,
318,3,2,0,0.0,2,1,0.5,30,30,32,0,0,0.15083086251794867,0.8491691374820514,
319,3,2,0,0.0,2,1,0.5,30,30,32,0,0,0.13735542235542234,0.8626445776445777,
320,3,2,0,0.0,2,1,0.5,30,30,32,0,0,0.1519078709825286,0.8480921290174714,
321,3,2,0,0.0,2,1,0.5,30,30,32,0,0,0.15659977588549015,0.8434002241145099,
322,3,2,0,0.0,2,1,0.5,30,30,32,0,0,0.162020202020202,0.837979797979798,
323,3,2,0,0.0,2,1,0.5,30,30,32,0,0,0.14778005219181686,0.8522199478081831,
324,3,2,0,0.0,2,1,0.5,30,30,32,0,0,0.13442675315740332,0.8655732468425967,
325,3,2,0,0.0,2,1,0.5,30,30,32,0,0,0.14795829442888267,0.8520417055711174,
326,3,2,0,0.0,2,1,0.5,30,30,32,0,0,0.14876742783719527,0.8512325721628047,
327,3,2,0,0.0,2,1,0.5,30,30,32,0,0,0.14797893713114665,0.8520210628688534,
328,3,2,0,0.0,2,1,0.5,30,30,32,0,0,0.14061303592099625,0.8593869640790037,
329,3,2,0,0.0,2,1,0.5,30,30,32,0,0,0.14797893713114665,0.8520210628688534,
330,3,2,0,0.0,2,1,0.5,30,30,32,0,0,0.14212830054935313,0.8578716994506469,
331,3,2,0,0.0,2,1,0.5,30,30,32,0,0,0.14061303592099625,0.8593869640790037,
332,3,2,0,0.0,2,1,0.5,30,30,32,0,0,0.14212830054935313,0.8578716994506469,
333,3,2,0,0.0,2,1,0.5,30,30,32,0,0,0.13112554112554112,0.8688744588744589,
334,3,2,0,0.0,2,1,0.5,30,30,32,0,0,0.12334715576820839,0.8766528442317916,
335,3,2,0,0.0,2,1,0.5,30,30,32,0,0,0.1396686892062658,0.8603313107937343,
336,3,2,0,0.0,2,1,0.5,30,30,32,0,0,0.12289086352244244,0.8771091364775576,
337,3,2,0,0.0,2,1,0.5,30,30,32,0,0,0.1423756337929824,0.8576243662070175,
338,3,2,0,0.0,2,1,0.5,30,30,32,0,0,0.1212532133951151,0.8787467866048849,
339,3,2,0,0.0,2,1,0.5,30,30,32,0,0,0.1412524933806359,0.8587475066193642,
340,3,2,0,0.0,2,1,0.5,30,30,32,0,0,0.11958077010708586,0.8804192298929141,
341,3,2,0,0.0,2,1,0.5,30,30,32,0,0,0.13993585587944415,0.8600641441205559,
342,3,2,0,0.0,2,1,0.5,30,30,32,0,0,0.13712985990617568,0.8628701400938243,
343,3,2,0,0.0,2,1,0.5,30,30,32,0,0,0.1372313213102687,0.8627686786897313,
344,3,2,0,0.0,2,1,0.5,30,30,32,0,0,0.14381166452595026,0.8561883354740497,
345,3,2,0,0.0,2,1,0.5,30,30,32,0,0,0.1388396036075008,0.8611603963924992,
346,3,2,0,0.0,2,1,0.5,30,30,32,0,0,0.13643672147268968,0.8635632785273103,
347,3,2,0,0.0,2,1,0.5,30,30,32,0,0,0.13417027417027416,0.8658297258297258,
348,3,2,0,0.0,2,1,0.5,30,30,32,0,0,0.1227338717163279,0.8772661282836721,
349,3,2,0,0.0,2,1,0.5,30,30,32,0,0,0.13548717948717953,0.8645128205128205,
350,3,2,0,0.0,2,1,0.5,30,30,32,0,0,0.11942420152946467,0.8805757984705354,
351,3,2,0,0.0,2,1,0.5,30,30,32,0,0,0.1426861642381211,0.8573138357618789,
352,3,2,0,0.0,2,1,0.5,30,30,32,0,0,0.12069099419099419,0.8793090058090058,
353,3,2,0,0.0,2,1,0.5,30,30,32,0,0,0.138514652014652,0.861485347985348,
354,3,2,0,0.0,2,1,0.5,30,30,32,0,0,0.11559163059163059,0.8844083694083694,
355,3,2,0,0.0,2,1,0.5,30,30,32,0,0,0.12971162755373283,0.8702883724462671,
356,3,2,0,0.0,2,1,0.5,30,30,32,0,0,0.14440541498549703,0.855594585014503,
357,3,2,0,0.0,2,1,0.5,30,30,32,0,0,0.13040271132376396,0.869597288676236,
358,3,2,0,0.0,2,1,0.5,30,30,32,0,0,0.13374791874791872,0.8662520812520813,
359,3,2,0,0.0,2,1,0.5,30,30,32,0,0,0.13153091645196907,0.8684690835480309,
360,3,2,0,0.0,2,1,0.5,30,30,32,0,0,0.1502531631769993,0.8497468368230007,
361,3,2,0,0.0,2,1,0.5,30,30,32,0,0,0.1329004329004329,0.8670995670995671,
362,3,2,0,0.0,2,1,0.5,30,30,32,0,0,0.15217994481152378,0.8478200551884763,
363,3,2,0,0.0,2,1,0.5,30,30,32,0,0,0.14579725829725831,0.8542027417027417,
364,3,2,0,0.0,2,1,0.5,30,30,32,0,0,0.15374458874458874,0.8462554112554113,
365,3,2,0,0.0,2,1,0.5,30,30,32,0,0,0.133015873015873,0.866984126984127,
366,3,2,0,0.0,2,1,0.5,30,30,32,0,0,0.15416786916786915,0.8458321308321308,
367,3,2,0,0.0,2,1,0.5,30,30,32,0,0,0.14524410774410776,0.8547558922558922,
368,3,2,0,0.0,2,1,0.5,30,30,32,0,0,0.15656565656565663,0.8434343434343434,
369,3,2,0,0.0,2,1,0.5,30,30,32,0,0,0.12957248186969553,0.8704275181303045,
370,3,2,0,0.0,2,1,0.5,30,30,32,0,0,0.14440777692093482,0.8555922230790651,
371,3,2,0,0.0,2,1,0.5,30,30,32,0,0,0.1281275913628855,0.8718724086371145,
372,3,2,0,0.0,2,1,0.5,30,30,32,0,0,0.13387179487179485,0.8661282051282051,
373,3,2,0,0.0,2,1,0.5,30,30,32,0,0,0.13215686274509808,0.8678431372549019,
374,3,2,0,0.0,2,1,0.5,30,30,32,0,0,0.15361111111111111,0.8463888888888889,
375,3,2,0,0.0,2,1,0.5,30,30,32,0,0,0.12915824915824917,0.8708417508417509,
376,3,2,0,0.0,2,1,0.5,30,30,32,0,0,0.12381431240323891,0.8761856875967611,
377,3,2,0,0.0,2,1,0.5,30,30,32,0,0,0.1452714608607408,0.8547285391392592,
378,3,2,0,0.0,2,1,0.5,30,30,32,0,0,0.12305778252361936,0.8769422174763807,
379,3,2,0,0.0,2,1,0.5,30,30,32,0,0,0.1484710173229313,0.8515289826770687,
380,3,2,0,0.0,2,1,0.5,30,30,32,0,0,0.11898921984448299,0.881010780155517,
381,3,2,0,0.0,2,1,0.5,30,30,32,0,0,0.1399719972813042,0.8600280027186958,
382,3,2,0,0.0,2,1,0.5,30,30,32,0,0,0.1167027417027417,0.8832972582972582,
383,3,2,0,0.0,2,1,0.5,30,30,32,0,0,0.14066500611423824,0.8593349938857617,
384,3,2,0,0.0,2,1,0.5,30,30,32,0,0,0.13972218643238443,0.8602778135676156,
385,3,2,0,0.0,2,1,0.5,30,30,32,0,0,0.13782119323068276,0.8621788067693172,
386,3,2,0,0.0,2,1,0.5,30,30,32,0,0,0.14331094831094834,0.8566890516890516,
387,3,2,0,0.0,2,1,0.5,30,30,32,0,0,0.135714498254698,0.8642855017453019,
388,3,2,0,0.0,2,1,0.5,30,30,32,0,0,0.13277777777777777,0.8672222222222222,
389,3,2,0,0.0,2,1,0.5,30,30,32,0,0,0.13026936026936028,0.8697306397306397,
390,3,2,0,0.0,2,1,0.5,30,30,32,0,0,0.12384756645967775,0.8761524335403222,
391,3,2,0,0.0,2,1,0.5,30,30,32,0,0,0.14174318652448062,0.8582568134755194,
392,3,2,0,0.0,2,1,0.5,30,30,32,0,0,0.12005639458580634,0.8799436054141937,
393,3,2,0,0.0,2,1,0.5,30,30,32,0,0,0.15037037037037038,0.8496296296296296,
394,3,2,0,0.0,2,1,0.5,30,30,32,0,0,0.11907900631114915,0.8809209936888509,
395,3,2,0,0.0,2,1,0.5,30,30,32,0,0,0.13664916564916568,0.8633508343508343,
396,3,2,0,0.0,2,1,0.5,30,30,32,0,0,0.11349206349206349,0.8865079365079365,
397,3,2,0,0.0,2,1,0.5,30,30,32,0,0,0.12804417804417803,0.871955821955822,
398,3,2,0,0.0,2,1,0.5,30,30,32,0,0,0.13866295543300325,0.8613370445669968,
399,3,2,0,0.0,2,1,0.5,30,30,32,0,0,0.127601807549176,0.872398192450824,
400,3,2,0,0.0,2,1,0.5,30,30,32,0,0,0.12731924508240303,0.872680754917597,
401,3,2,0,0.0,2,1,0.5,30,30,32,0,0,0.14403029844577073,0.8559697015542292,
402,3,2,0,0.0,2,1,0.5,30,30,32,0,0,0.12985905614852986,0.8701409438514701,
403,3,2,0,0.0,2,1,0.5,30,30,32,0,0,0.1304906204906205,0.8695093795093796,
404,3,2,0,0.0,2,1,0.5,30,30,32,0,0,0.1405256910461403,0.8594743089538597,
405,3,2,0,0.0,2,1,0.5,30,30,32,0,0,0.12997029114676176,0.8700297088532383,
406,3,2,0,0.0,2,1,0.5,30,30,32,0,0,0.12921720436426318,0.8707827956357368,
407,3,2,0,0.0,2,1,0.5,30,30,32,0,0,0.1380903465408633,0.8619096534591367,
408,3,2,0,0.0,2,1,0.5,30,30,32,0,0,0.1432961524885433,0.8567038475114567,
409,3,2,0,0.0,2,1,0.5,30,30,32,0,0,0.13607112464255325,0.8639288753574468,
410,3,2,0,0.0,2,1,0.5,30,30,32,0,0,0.1346672182593235,0.8653327817406765,
411,3,2,0,0.0,2,1,0.5,30,30,32,0,0,0.13442070609936216,0.8655792939006378,
412,3,2,0,0.0,2,1,0.5,30,30,32,0,0,0.13915259995515888,0.8608474000448412,
413,3,2,0,0.0,2,1,0.5,30,30,32,0,0,0.1393056392024963,0.8606943607975037,
414,3,2,0,0.0,2,1,0.5,30,30,32,0,0,0.13598321269373903,0.864016787306261,
415,3,2,0,0.0,2,1,0.5,30,30,32,0,0,0.13556998556998553,0.8644300144300144,
416,3,2,0,0.0,2,1,0.5,30,30,32,0,0,0.13726950609303548,0.8627304939069645,
417,3,2,0,0.0,2,1,0.5,30,30,32,0,0,0.12551425698484525,0.8744857430151547,
418,3,2,0,0.0,2,1,0.5,30,30,32,0,0,0.1278184111639994,0.8721815888360006,
419,3,2,0,0.0,2,1,0.5,30,30,32,0,0,0.1375913369054026,0.8624086630945974,
420,3,2,0,0.0,2,1,0.5,30,30,32,0,0,0.13768484783190665,0.8623151521680934,
421,3,2,0,0.0,2,1,0.5,30,30,32,0,0,0.14008721597533588,0.8599127840246641,
422,3,2,0,0.0,2,1,0.5,30,30,32,0,0,0.12778953141801438,0.8722104685819856,
423,3,2,0,0.0,2,1,0.5,30,30,32,0,0,0.12705849705849703,0.872941502941503,
424,3,2,0,0.0,2,1,0.5,30,30,32,0,0,0.14239034834036912,0.8576096516596309,
425,3,2,0,0.0,2,1,0.5,30,30,32,0,0,0.1420800632849909,0.8579199367150091,
426,3,2,0,0.0,2,1,0.5,30,30,32,0,0,0.1360711246425532,0.8639288753574468,
427,3,2,0,0.0,2,1,0.5,30,30,32,0,0,0.1346672182593235,0.8653327817406765,
428,3,2,0,0.0,2,1,0.5,30,30,32,0,0,0.1391525999551589,0.8608474000448411,
429,3,2,0,0.0,2,1,0.5,30,30,32,0,0,0.13598321269373903,0.864016787306261,
430,3,2,0,0.0,2,1,0.5,30,30,32,0,0,0.13442070609936216,0.8655792939006378,
431,3,2,0,0.0,2,1,0.5,30,30,32,0,0,0.13930563920249625,0.8606943607975037,
432,3,2,0,0.0,2,1,0.5,30,30,32,0,0,0.13556998556998553,0.8644300144300144,
433,3,2,0,0.0,2,1,0.5,30,30,32,0,0,0.13726950609303548,0.8627304939069645,
434,3,2,0,0.0,2,1,0.5,30,30,32,0,0,0.1375913369054026,0.8624086630945974,
435,3,2,0,0.0,2,1,0.5,30,30,32,0,0,0.13768484783190665,0.8623151521680934,
436,3,2,0,0.0,2,1,0.5,30,30,32,0,0,0.12551425698484525,0.8744857430151547,
437,3,2,0,0.0,2,1,0.5,30,30,32,0,0,0.1278184111639994,0.8721815888360006,
438,3,2,0,0.0,2,1,0.5,30,30,32,0,0,0.12804417804417803,0.871955821955822,
439,3,2,0,0.0,2,1,0.5,30,30,32,0,0,0.13866295543300325,0.8613370445669968,
440,3,2,0,0.0,2,1,0.5,30,30,32,0,0,0.14403029844577073,0.8559697015542292,
441,3,2,0,0.0,2,1,0.5,30,30,32,0,0,0.127601807549176,0.872398192450824,
442,3,2,0,0.0,2,1,0.5,30,30,32,0,0,0.12985905614852986,0.8701409438514701,
443,3,2,0,0.0,2,1,0.5,30,30,32,0,0,0.127319245082403,0.872680754917597,
444,3,2,0,0.0,2,1,0.5,30,30,32,0,0,0.1304906204906205,0.8695093795093796,
445,3,2,0,0.0,2,1,0.5,30,30,32,0,0,0.1405256910461403,0.8594743089538597,
446,3,2,0,0.0,2,1,0.5,30,30,32,0,0,0.1380903465408633,0.8619096534591367,
447,3,2,0,0.0,2,1,0.5,30,30,32,0,0,0.1432961524885433,0.8567038475114567,
448,3,2,0,0.0,2,1,0.5,30,30,32,0,0,0.12997029114676176,0.8700297088532383,
449,3,2,0,0.0,2,1,0.5,30,30,32,0,0,0.12921720436426318,0.8707827956357368,
450,3,2,0,0.0,2,1,0.5,30,30,32,0,0,0.14008721597533588,0.8599127840246641,
451,3,2,0,0.0,2,1,0.5,30,30,32,0,0,0.14239034834036912,0.8576096516596309,
452,3,2,0,0.0,2,1,0.5,30,30,32,0,0,0.1420800632849909,0.8579199367150091,
453,3,2,0,0.0,2,1,0.5,30,30,32,0,0,0.12778953141801438,0.8722104685819856,
454,3,2,0,0.0,2,1,0.5,30,30,32,0,0,0.12705849705849703,0.872941502941503,
455,3,2,0,0.0,2,1,0.5,30,30,32,0,0,0.13399269050987547,0.8660073094901245,
456,3,2,0,0.0,2,1,0.5,30,30,32,0,0,0.13687502322275885,0.8631249767772411,
457,3,2,0,0.0,2,1,0.5,30,30,32,0,0,0.1250618465355308,0.8749381534644692,
458,3,2,0,0.0,2,1,0.5,30,30,32,0,0,0.12255654287233235,0.8774434571276677,
459,3,2,0,0.0,2,1,0.5,30,30,32,0,0,0.13850298775854836,0.8614970122414516,
460,3,2,0,0.0,2,1,0.5,30,30,32,0,0,0.12253906461001547,0.8774609353899845,
461,3,2,0,0.0,2,1,0.5,30,30,32,0,0,0.12019442545758334,0.8798055745424167,
462,3,2,0,0.0,2,1,0.5,30,30,32,0,0,0.13342779999087917,0.8665722000091208,
463,3,2,0,0.0,2,1,0.5,30,30,32,0,0,0.1194487159665731,0.8805512840334269,
464,3,2,0,0.0,2,1,0.5,30,30,32,0,0,0.11885922356510589,0.8811407764348941,
465,3,2,0,0.0,2,1,0.5,30,30,32,0,0,0.11828717687541214,0.8817128231245879,
466,3,2,0,0.0,2,1,0.5,30,30,32,0,0,0.12234005223427634,0.8776599477657236,
467,3,2,0,0.0,2,1,0.5,30,30,32,0,0,0.13399269050987547,0.8660073094901245,
468,3,2,0,0.0,2,1,0.5,30,30,32,0,0,0.13687502322275885,0.8631249767772411,
469,3,2,0,0.0,2,1,0.5,30,30,32,0,0,0.13850298775854836,0.8614970122414516,
470,3,2,0,0.0,2,1,0.5,30,30,32,0,0,0.1250618465355308,0.8749381534644692,
471,3,2,0,0.0,2,1,0.5,30,30,32,0,0,0.12253906461001547,0.8774609353899845,
472,3,2,0,0.0,2,1,0.5,30,30,32,0,0,0.12255654287233236,0.8774434571276677,
473,3,2,0,0.0,2,1,0.5,30,30,32,0,0,0.12019442545758334,0.8798055745424167,
474,3,2,0,0.0,2,1,0.5,30,30,32,0,0,0.13342779999087917,0.8665722000091208,
475,3,2,0,0.0,2,1,0.5,30,30,32,0,0,0.11828717687541215,0.8817128231245879,
476,3,2,0,0.0,2,1,0.5,30,30,32,0,0,0.12234005223427635,0.8776599477657236,
477,3,2,0,0.0,2,1,0.5,30,30,32,0,0,0.1194487159665731,0.8805512840334269,
478,3,2,0,0.0,2,1,0.5,30,30,32,0,0,0.1188592235651059,0.8811407764348941,
479,3,2,0,0.0,2,1,0.5,30,30,32,0,0,0.14500818686865197,0.8549918131313481,
480,3,2,0,0.0,2,1,0.5,30,30,32,0,0,0.1254055921224497,0.8745944078775503,
481,3,2,0,0.0,2,1,0.5,30,30,32,0,0,0.12416761241065169,0.8758323875893483,
482,3,2,0,0.0,2,1,0.5,30,30,32,0,0,0.1254055921224497,0.8745944078775503,
483,3,2,0,0.0,2,1,0.5,30,30,32,0,0,0.12416761241065169,0.8758323875893483,
484,3,2,0,0.0,2,1,0.5,30,30,32,0,0,0.13955527257764525,0.8604447274223548,
485,3,2,0,0.0,2,1,0.5,30,30,32,0,0,0.13499035467456516,0.8650096453254348,
486,3,2,0,0.0,2,1,0.5,30,30,32,0,0,0.1314796963919771,0.8685203036080229,
487,3,2,0,0.0,2,1,0.5,30,30,32,0,0,0.1408874011820002,0.8591125988179998,
488,3,2,0,0.0,2,1,0.5,30,30,32,0,0,0.13273057821664633,0.8672694217833536,
489,3,2,0,0.0,2,1,0.5,30,30,32,0,0,0.12845038680746737,0.8715496131925327,
490,3,2,0,0.0,2,1,0.5,30,30,32,0,0,0.13805652690207096,0.8619434730979291,
491,3,2,0,0.0,2,1,0.5,30,30,32,0,0,0.12773144983671297,0.872268550163287,
492,3,2,0,0.0,2,1,0.5,30,30,32,0,0,0.1284503868074674,0.8715496131925327,
493,3,2,0,0.0,2,1,0.5,30,30,32,0,0,0.13081953231953233,0.8691804676804676,
494,3,2,0,0.0,2,1,0.5,30,30,32,0,0,0.12160462553319698,0.878395374466803,
495,3,2,0,0.0,2,1,0.5,30,30,32,0,0,0.12111111111111111,0.8788888888888888,
496,3,2,0,0.0,2,1,0.5,30,30,32,0,0,0.1325608528828783,0.8674391471171217,
497,3,2,0,0.0,2,1,0.5,30,30,32,0,0,0.11881518616792822,0.8811848138320718,
498,3,2,0,0.0,2,1,0.5,30,30,32,0,0,0.11642857142857141,0.8835714285714286,
499,3,2,0,0.0,2,1,0.5,30,30,32,0,0,0.13147969639197712,0.8685203036080229,
500,3,2,0,0.0,2,1,0.5,30,30,32,0,0,0.1286837606837607,0.8713162393162392,
501,3,2,0,0.0,2,1,0.5,30,30,32,0,0,0.1220021003637738,0.8779978996362262,
502,3,2,0,0.0,2,1,0.5,30,30,32,0,0,0.1165924426450742,0.8834075573549258,
503,3,2,0,0.0,2,1,0.5,30,30,32,0,0,0.1308195323195323,0.8691804676804677,
504,3,2,0,0.0,2,1,0.5,30,30,32,0,0,0.11928144078144073,0.8807185592185592,
505,3,2,0,0.0,2,1,0.5,30,30,32,0,0,0.11215007215007215,0.8878499278499279,
506,3,2,0,0.0,2,1,0.5,30,30,32,0,0,0.13499035467456524,0.8650096453254348,
507,3,2,0,0.0,2,1,0.5,30,30,32,0,0,0.1398593352226825,0.8601406647773175,
508,3,2,0,0.0,2,1,0.5,30,30,32,0,0,0.1392902711323764,0.8607097288676235,
509,3,2,0,0.0,2,1,0.5,30,30,32,0,0,0.12299014710779417,0.8770098528922058,
510,3,2,0,0.0,2,1,0.5,30,30,32,0,0,0.1200272276742865,0.8799727723257135,
511,3,2,0,0.0,2,1,0.5,30,30,32,0,0,0.12515677370023276,0.8748432262997672,
512,3,2,0,0.0,2,1,0.5,30,30,32,0,0,0.12055555555555555,0.8794444444444445,
513,3,2,0,0.0,2,1,0.5,30,30,32,0,0,0.12773144983671297,0.872268550163287,
514,3,2,0,0.0,2,1,0.5,30,30,32,0,0,0.1165945165945166,0.8834054834054834,
515,3,2,0,0.0,2,1,0.5,30,30,32,0,0,0.12055555555555555,0.8794444444444445,
516,3,2,0,0.0,2,1,0.5,30,30,32,0,0,0.11215007215007214,0.8878499278499279,
517,3,2,0,0.0,2,1,0.5,30,30,32,0,0,0.11642857142857141,0.8835714285714286,
518,3,2,0,0.0,2,1,0.5,30,30,32,0,0,0.1327305782166463,0.8672694217833536,
519,3,2,0,0.0,2,1,0.5,30,30,32,0,0,0.12066702546965703,0.879332974530343,
520,3,2,0,0.0,2,1,0.5,30,30,32,0,0,0.1200272276742865,0.8799727723257135,
521,3,2,0,0.0,2,1,0.5,30,30,32,0,0,0.1165924426450742,0.8834075573549258,
522,3,2,0,0.0,2,1,0.5,30,30,32,0,0,0.12111111111111113,0.8788888888888888,
523,3,2,0,0.0,2,1,0.5,30,30,32,0,0,0.13955527257764527,0.8604447274223548,
524,3,2,0,0.0,2,1,0.5,30,30,32,0,0,0.14427725756108062,0.8557227424389193,
525,3,2,0,0.0,2,1,0.5,30,30,32,0,0,0.1398593352226825,0.8601406647773175,
526,3,2,0,0.0,2,1,0.5,30,30,32,0,0,0.12606116277414128,0.8739388372258587,
527,3,2,0,0.0,2,1,0.5,30,30,32,0,0,0.12066702546965703,0.879332974530343,
528,3,2,0,0.0,2,1,0.5,30,30,32,0,0,0.12272270017502687,0.8772772998249732,
529,3,2,0,0.0,2,1,0.5,30,30,32,0,0,0.1165945165945166,0.8834054834054834,
530,3,2,0,0.0,2,1,0.5,30,30,32,0,0,0.13805652690207093,0.8619434730979291,
531,3,2,0,0.0,2,1,0.5,30,30,32,0,0,0.12272270017502687,0.8772772998249732,
532,3,2,0,0.0,2,1,0.5,30,30,32,0,0,0.12515677370023276,0.8748432262997672,
533,3,2,0,0.0,2,1,0.5,30,30,32,0,0,0.11928144078144078,0.8807185592185592,
534,3,2,0,0.0,2,1,0.5,30,30,32,0,0,0.1188151861679282,0.8811848138320718,
535,3,2,0,0.0,2,1,0.5,30,30,32,0,0,0.1408874011820002,0.8591125988179998,
536,3,2,0,0.0,2,1,0.5,30,30,32,0,0,0.12606116277414126,0.8739388372258587,
537,3,2,0,0.0,2,1,0.5,30,30,32,0,0,0.12299014710779418,0.8770098528922058,
538,3,2,0,0.0,2,1,0.5,30,30,32,0,0,0.12200210036377382,0.8779978996362262,
539,3,2,0,0.0,2,1,0.5,30,30,32,0,0,0.12160462553319698,0.878395374466803,
540,3,2,0,0.0,2,1,0.5,30,30,32,0,0,0.12804417804417803,0.871955821955822,
541,3,2,0,0.0,2,1,0.5,30,30,32,0,0,0.13866295543300325,0.8613370445669968,
542,3,2,0,0.0,2,1,0.5,30,30,32,0,0,0.12760180754917602,0.872398192450824,
543,3,2,0,0.0,2,1,0.5,30,30,32,0,0,0.12731924508240303,0.872680754917597,
544,3,2,0,0.0,2,1,0.5,30,30,32,0,0,0.14403029844577073,0.8559697015542292,
545,3,2,0,0.0,2,1,0.5,30,30,32,0,0,0.12985905614852986,0.8701409438514701,
546,3,2,0,0.0,2,1,0.5,30,30,32,0,0,0.13049062049062046,0.8695093795093796,
547,3,2,0,0.0,2,1,0.5,30,30,32,0,0,0.1405256910461403,0.8594743089538597,
548,3,2,0,0.0,2,1,0.5,30,30,32,0,0,0.12997029114676178,0.8700297088532383,
549,3,2,0,0.0,2,1,0.5,30,30,32,0,0,0.1292172043642632,0.8707827956357368,
550,3,2,0,0.0,2,1,0.5,30,30,32,0,0,0.1380903465408633,0.8619096534591367,
551,3,2,0,0.0,2,1,0.5,30,30,32,0,0,0.1432961524885433,0.8567038475114567,mod3 ones=0
552,3,2,0,0.0,2,1,0.5,30,30,32,0,0,0.13607112464255328,0.8639288753574468,
553,3,2,0,0.0,2,1,0.5,30,30,32,0,0,0.13466721825932348,0.8653327817406765,
554,3,2,0,0.0,2,1,0.5,30,30,32,0,0,0.13442070609936216,0.8655792939006378,
555,3,2,0,0.0,2,1,0.5,30,30,32,0,0,0.13915259995515894,0.8608474000448411,
556,3,2,0,0.0,2,1,0.5,30,30,32,0,0,0.1393056392024963,0.8606943607975037,
557,3,2,0,0.0,2,1,0.5,30,30,32,0,0,0.13598321269373903,0.864016787306261,
558,3,2,0,0.0,2,1,0.5,30,30,32,0,0,0.13556998556998553,0.8644300144300144,
559,3,2,0,0.0,2,1,0.5,30,30,32,0,0,0.1372695060930355,0.8627304939069644,
560,3,2,0,0.0,2,1,0.5,30,30,32,0,0,0.12551425698484525,0.8744857430151547,
561,3,2,0,0.0,2,1,0.5,30,30,32,0,0,0.1278184111639994,0.8721815888360006,
562,3,2,0,0.0,2,1,0.5,30,30,32,0,0,0.13759133690540262,0.8624086630945974,
563,3,2,0,0.0,2,1,0.5,30,30,32,0,0,0.13768484783190665,0.8623151521680934,
564,3,2,0,0.0,2,1,0.5,30,30,32,0,0,0.14008721597533588,0.8599127840246641,
565,3,2,0,0.0,2,1,0.5,30,30,32,0,0,0.1277895314180144,0.8722104685819856,
566,3,2,0,0.0,2,1,0.5,30,30,32,0,0,0.12705849705849703,0.872941502941503,
567,3,2,0,0.0,2,1,0.5,30,30,32,0,0,0.1423903483403691,0.8576096516596309,
568,3,2,0,0.0,2,1,0.5,30,30,32,0,0,0.14208006328499093,0.8579199367150091,
569,3,2,0,0.0,2,1,0.5,30,30,32,0,0,0.13607112464255325,0.8639288753574468,
570,3,2,0,0.0,2,1,0.5,30,30,32,0,0,0.13466721825932348,0.8653327817406765,
571,3,2,0,0.0,2,1,0.5,30,30,32,0,0,0.1391525999551589,0.8608474000448411,
572,3,2,0,0.0,2,1,0.5,30,30,32,0,0,0.13598321269373903,0.864016787306261,
573,3,2,0,0.0,2,1,0.5,30,30,32,0,0,0.13442070609936216,0.8655792939006378,
574,3,2,0,0.0,2,1,0.5,30,30,32,0,0,0.1393056392024963,0.8606943607975037,
575,3,2,0,0.0,2,1,0.5,30,30,32,0,0,0.13556998556998553,0.8644300144300144,
576,3,2,0,0.0,2,1,0.5,30,30,32,0,0,0.13726950609303548,0.8627304939069645,
577,3,2,0,0.0,2,1,0.5,30,30,32,0,0,0.13759133690540262,0.8624086630945974,
578,3,2,0,0.0,2,1,0.5,30,30,32,0,0,0.13768484783190665,0.8623151521680934,
579,3,2,0,0.0,2,1,0.5,30,30,32,0,0,0.12551425698484525,0.8744857430151547,
580,3,2,0,0.0,2,1,0.5,30,30,32,0,0,0.1278184111639994,0.8721815888360006,
581,3,2,0,0.0,2,1,0.5,30,30,32,0,0,0.12804417804417803,0.871955821955822,
582,3,2,0,0.0,2,1,0.5,30,30,32,0,0,0.13866295543300328,0.8613370445669968,
583,3,2,0,0.0,2,1,0.5,30,30,32,0,0,0.14403029844577073,0.8559697015542292,
584,3,2,0,0.0,2,1,0.5,30,30,32,0,0,0.127601807549176,0.872398192450824,
585,3,2,0,0.0,2,1,0.5,30,30,32,0,0,0.12985905614852986,0.8701409438514701,
586,3,2,0,0.0,2,1,0.5,30,30,32,0,0,0.12731924508240303,0.872680754917597,
587,3,2,0,0.0,2,1,0.5,30,30,32,0,0,0.13049062049062046,0.8695093795093796,
588,3,2,0,0.0,2,1,0.5,30,30,32,0,0,0.14052569104614035,0.8594743089538597,
589,3,2,0,0.0,2,1,0.5,30,30,32,0,0,0.1380903465408633,0.8619096534591367,
590,3,2,0,0.0,2,1,0.5,30,30,32,0,0,0.1432961524885433,0.8567038475114567,
591,3,2,0,0.0,2,1,0.5,30,30,32,0,0,0.12997029114676178,0.8700297088532383,
592,3,2,0,0.0,2,1,0.5,30,30,32,0,0,0.1292172043642632,0.8707827956357368,
593,3,2,0,0.0,2,1,0.5,30,30,32,0,0,0.14008721597533588,0.8599127840246641,
594,3,2,0,0.0,2,1,0.5,30,30,32,0,0,0.1423903483403691,0.8576096516596309,
595,3,2,0,0.0,2,1,0.5,30,30,32,0,0,0.14208006328499093,0.8579199367150091,
596,3,2,0,0.0,2,1,0.5,30,30,32,0,0,0.1277895314180144,0.8722104685819856,
597,3,2,0,0.0,2,1,0.5,30,30,32,0,0,0.12705849705849703,0.872941502941503,
598,3,2,0,0.0,2,1,0.5,30,30,32,0,0,0.13399269050987547,0.8660073094901245,
599,3,2,0,0.0,2,1,0.5,30,30,32,0,0,0.13687502322275888,0.8631249767772411,
600,3,2,0,0.0,2,1,0.5,30,30,32,0,0,0.1250618465355308,0.8749381534644692,
601,3,2,0,0.0,2,1,0.5,30,30,32,0,0,0.12255654287233235,0.8774434571276677,
602,3,2,0,0.0,2,1,0.5,30,30,32,0,0,0.13850298775854836,0.8614970122414516,
603,3,2,0,0.0,2,1,0.5,30,30,32,0,0,0.12253906461001547,0.8774609353899845,
604,3,2,0,0.0,2,1,0.5,30,30,32,0,0,0.12019442545758333,0.8798055745424167,
605,3,2,0,0.0,2,1,0.5,30,30,32,0,0,0.13342779999087917,0.8665722000091208,
606,3,2,0,0.0,2,1,0.5,30,30,32,0,0,0.1194487159665731,0.8805512840334269,
607,3,2,0,0.0,2,1,0.5,30,30,32,0,0,0.11885922356510589,0.8811407764348941,
608,3,2,0,0.0,2,1,0.5,30,30,32,0,0,0.11828717687541214,0.8817128231245879,
609,3,2,0,0.0,2,1,0.5,30,30,32,0,0,0.12234005223427634,0.8776599477657236,
610,3,2,0,0.0,2,1,0.5,30,30,32,0,0,0.13399269050987547,0.8660073094901245,
611,3,2,0,0.0,2,1,0.5,30,30,32,0,0,0.13687502322275888,0.8631249767772411,
612,3,2,0,0.0,2,1,0.5,30,30,32,0,0,0.13850298775854836,0.8614970122414516,
613,3,2,0,0.0,2,1,0.5,30,30,32,0,0,0.1250618465355308,0.8749381534644692,
614,3,2,0,0.0,2,1,0.5,30,30,32,0,0,0.12253906461001547,0.8774609353899845,
615,3,2,0,0.0,2,1,0.5,30,30,32,0,0,0.12255654287233236,0.8774434571276677,
616,3,2,0,0.0,2,1,0.5,30,30,32,0,0,0.12019442545758333,0.8798055745424167,
617,3,2,0,0.0,2,1,0.5,30,30,32,0,0,0.13342779999087917,0.8665722000091208,
618,3,2,0,0.0,2,1,0.5,30,30,32,0,0,0.11828717687541215,0.8817128231245879,
619,3,2,0,0.0,2,1,0.5,30,30,32,0,0,0.12234005223427635,0.8776599477657236,
620,3,2,0,0.0,2,1,0.5,30,30,32,0,0,0.1194487159665731,0.8805512840334269,
621,3,2,0,0.0,2,1,0.5,30,30,32,0,0,0.1188592235651059,0.8811407764348941,
622,3,2,0,0.0,2,1,0.5,30,30,32,0,0,0.14500818686865197,0.8549918131313481,
623,3,2,0,0.0,2,1,0.5,30,30,32,0,0,0.1254055921224497,0.8745944078775503,
624,3,2,0,0.0,2,1,0.5,30,30,32,0,0,0.1241676124106517,0.8758323875893483,
625,3,2,0,0.0,2,1,0.5,30,30,32,0,0,0.1254055921224497,0.8745944078775503,
626,3,2,0,0.0,2,1,0.5,30,30,32,0,0,0.1241676124106517,0.8758323875893483,
627,3,2,0,0.0,2,1,0.5,30,30,32,0,0,0.13955527257764527,0.8604447274223548,
628,3,2,0,0.0,2,1,0.5,30,30,32,0,0,0.1349903546745652,0.8650096453254348,
629,3,2,0,0.0,2,1,0.5,30,30,32,0,0,0.13147969639197712,0.8685203036080229,
630,3,2,0,0.0,2,1,0.5,30,30,32,0,0,0.14088740118200022,0.8591125988179997,
631,3,2,0,0.0,2,1,0.5,30,30,32,0,0,0.13273057821664633,0.8672694217833536,
632,3,2,0,0.0,2,1,0.5,30,30,32,0,0,0.12845038680746734,0.8715496131925327,
633,3,2,0,0.0,2,1,0.5,30,30,32,0,0,0.13805652690207096,0.8619434730979291,
634,3,2,0,0.0,2,1,0.5,30,30,32,0,0,0.12773144983671297,0.872268550163287,
635,3,2,0,0.0,2,1,0.5,30,30,32,0,0,0.12845038680746737,0.8715496131925327,
636,3,2,0,0.0,2,1,0.5,30,30,32,0,0,0.13081953231953233,0.8691804676804676,
637,3,2,0,0.0,2,1,0.5,30,30,32,0,0,0.12160462553319698,0.878395374466803,
638,3,2,0,0.0,2,1,0.5,30,30,32,0,0,0.12111111111111111,0.8788888888888888,
639,3,2,0,0.0,2,1,0.5,30,30,32,0,0,0.13256085288287833,0.8674391471171217,
640,3,2,0,0.0,2,1,0.5,30,30,32,0,0,0.11881518616792822,0.8811848138320718,
641,3,2,0,0.0,2,1,0.5,30,30,32,0,0,0.11642857142857142,0.8835714285714286,
642,3,2,0,0.0,2,1,0.5,30,30,32,0,0,0.13147969639197712,0.8685203036080229,
643,3,2,0,0.0,2,1,0.5,30,30,32,0,0,0.1286837606837607,0.8713162393162392,
644,3,2,0,0.0,2,1,0.5,30,30,32,0,0,0.12200210036377382,0.8779978996362262,
645,3,2,0,0.0,2,1,0.5,30,30,32,0,0,0.1165924426450742,0.8834075573549258,
646,3,2,0,0.0,2,1,0.5,30,30,32,0,0,0.13081953231953233,0.8691804676804676,
647,3,2,0,0.0,2,1,0.5,30,30,32,0,0,0.11928144078144073,0.8807185592185592,
648,3,2,0,0.0,2,1,0.5,30,30,32,0,0,0.11215007215007215,0.8878499278499279,
649,3,2,0,0.0,2,1,0.5,30,30,32,0,0,0.13499035467456524,0.8650096453254348,
650,3,2,0,0.0,2,1,0.5,30,30,32,0,0,0.1398593352226825,0.8601406647773175,
651,3,2,0,0.0,2,1,0.5,30,30,32,0,0,0.13929027113237644,0.8607097288676235,
652,3,2,0,0.0,2,1,0.5,30,30,32,0,0,0.12299014710779416,0.8770098528922059,
653,3,2,0,0.0,2,1,0.5,30,30,32,0,0,0.1200272276742865,0.8799727723257135,
654,3,2,0,0.0,2,1,0.5,30,30,32,0,0,0.12515677370023276,0.8748432262997672,
655,3,2,0,0.0,2,1,0.5,30,30,32,0,0,0.12055555555555557,0.8794444444444445,
656,3,2,0,0.0,2,1,0.5,30,30,32,0,0,0.12773144983671297,0.872268550163287,
657,3,2,0,0.0,2,1,0.5,30,30,32,0,0,0.1165945165945166,0.8834054834054834,
658,3,2,0,0.0,2,1,0.5,30,30,32,0,0,0.12055555555555554,0.8794444444444445,
659,3,2,0,0.0,2,1,0.5,30,30,32,0,0,0.11215007215007214,0.8878499278499279,
660,3,2,0,0.0,2,1,0.5,30,30,32,0,0,0.11642857142857142,0.8835714285714286,
661,3,2,0,0.0,2,1,0.5,30,30,32,0,0,0.13273057821664633,0.8672694217833536,
662,3,2,0,0.0,2,1,0.5,30,30,32,0,0,0.12066702546965703,0.879332974530343,
663,3,2,0,0.0,2,1,0.5,30,30,32,0,0,0.1200272276742865,0.8799727723257135,
664,3,2,0,0.0,2,1,0.5,30,30,32,0,0,0.1165924426450742,0.8834075573549258,
665,3,2,0,0.0,2,1,0.5,30,30,32,0,0,0.12111111111111113,0.8788888888888888,
666,3,2,0,0.0,2,1,0.5,30,30,32,0,0,0.13955527257764527,0.8604447274223548,
667,3,2,0,0.0,2,1,0.5,30,30,32,0,0,0.14427725756108065,0.8557227424389193,
668,3,2,0,0.0,2,1,0.5,30,30,32,0,0,0.13985933522268254,0.8601406647773174,
669,3,2,0,0.0,2,1,0.5,30,30,32,0,0,0.12606116277414126,0.8739388372258587,
670,3,2,0,0.0,2,1,0.5,30,30,32,0,0,0.12066702546965703,0.879332974530343,
671,3,2,0,0.0,2,1,0.5,30,30,32,0,0,0.12272270017502687,0.8772772998249732,
672,3,2,0,0.0,2,1,0.5,30,30,32,0,0,0.1165945165945166,0.8834054834054834,
673,3,2,0,0.0,2,1,0.5,30,30,32,0,0,0.13805652690207096,0.8619434730979291,
674,3,2,0,0.0,2,1,0.5,30,30,32,0,0,0.1227227001750269,0.8772772998249732,
675,3,2,0,0.0,2,1,0.5,30,30,32,0,0,0.12515677370023276,0.8748432262997672,
676,3,2,0,0.0,2,1,0.5,30,30,32,0,0,0.11928144078144078,0.8807185592185592,
677,3,2,0,0.0,2,1,0.5,30,30,32,0,0,0.1188151861679282,0.8811848138320718,
678,3,2,0,0.0,2,1,0.5,30,30,32,0,0,0.14088740118200022,0.8591125988179997,
679,3,2,0,0.0,2,1,0.5,30,30,32,0,0,0.12606116277414126,0.8739388372258587,
680,3,2,0,0.0,2,1,0.5,30,30,32,0,0,0.12299014710779418,0.8770098528922058,
681,3,2,0,0.0,2,1,0.5,30,30,32,0,0,0.12200210036377382,0.8779978996362262,
682,3,2,0,0.0,2,1,0.5,30,30,32,0,0,0.12160462553319698,0.878395374466803,
683,3,2,0,0.0,2,1,0.5,30,30,32,0,0,0.12202235672823909,0.8779776432717609,
684,3,2,0,0.0,2,1,0.5,30,30,32,0,0,0.12000907589142887,0.8799909241085712,
685,3,2,0,0.0,2,1,0.5,30,30,32,0,0,0.13557648405138306,0.8644235159486169,
686,3,2,0,0.0,2,1,0.5,30,30,32,0,0,0.13652348041821727,0.8634765195817827,
687,3,2,0,0.0,2,1,0.5,30,30,32,0,0,0.1341360978203084,0.8658639021796917,
688,3,2,0,0.0,2,1,0.5,30,30,32,0,0,0.12372392076528886,0.8762760792347112,
689,3,2,0,0.0,2,1,0.5,30,30,32,0,0,0.12092592592592591,0.8790740740740741,
690,3,2,0,0.0,2,1,0.5,30,30,32,0,0,0.14067176100808887,0.8593282389919111,
691,3,2,0,0.0,2,1,0.5,30,30,32,0,0,0.1379584413407943,0.8620415586592057,
692,3,2,0,0.0,2,1,0.5,30,30,32,0,0,0.14191492026846478,0.8580850797315352,
693,3,2,0,0.0,2,1,0.5,30,30,32,0,0,0.14185984905283147,0.8581401509471686,
694,3,2,0,0.0,2,1,0.5,30,30,32,0,0,0.13690527065527064,0.8630947293447293,
695,3,2,0,0.0,2,1,0.5,30,30,32,0,0,0.14211056170716926,0.8578894382928307,
696,3,2,0,0.0,2,1,0.5,30,30,32,0,0,0.1373348873348873,0.8626651126651127,
697,3,2,0,0.0,2,1,0.5,30,30,32,0,0,0.12270011734297451,0.8772998826570255,
698,3,2,0,0.0,2,1,0.5,30,30,32,0,0,0.12119236364327766,0.8788076363567223,
699,3,2,0,0.0,2,1,0.5,30,30,32,0,0,0.13407564657564652,0.8659243534243535,
700,3,2,0,0.0,2,1,0.5,30,30,32,0,0,0.13380194305172502,0.866198056948275,
701,3,2,0,0.0,2,1,0.5,30,30,32,0,0,0.13628979693384777,0.8637102030661522,
702,3,2,0,0.0,2,1,0.5,30,30,32,0,0,0.12333333333333336,0.8766666666666666,
703,3,2,0,0.0,2,1,0.5,30,30,32,0,0,0.1207142857142857,0.8792857142857143,
704,3,2,0,0.0,2,1,0.5,30,30,32,0,0,0.1278073778073778,0.8721926221926222,
705,3,2,0,0.0,2,1,0.5,30,30,32,0,0,0.12969846602199547,0.8703015339780045,
706,3,2,0,0.0,2,1,0.5,30,30,32,0,0,0.1393603678255845,0.8606396321744155,
707,3,2,0,0.0,2,1,0.5,30,30,32,0,0,0.1297920727745289,0.8702079272254711,
708,3,2,0,0.0,2,1,0.5,30,30,32,0,0,0.14596977096977098,0.8540302290302291,
709,3,2,0,0.0,2,1,0.5,30,30,32,0,0,0.12869546167340287,0.8713045383265972,
710,3,2,0,0.0,2,1,0.5,30,30,32,0,0,0.13029785029785027,0.8697021497021498,
711,3,2,0,0.0,2,1,0.5,30,30,32,0,0,0.12286500654291883,0.8771349934570811,
712,3,2,0,0.0,2,1,0.5,30,30,32,0,0,0.12013280836810249,0.8798671916318975,
713,3,2,0,0.0,2,1,0.5,30,30,32,0,0,0.13840008257687372,0.8615999174231262,
714,3,2,0,0.0,2,1,0.5,30,30,32,0,0,0.14281705948372622,0.8571829405162738,
715,3,2,0,0.0,2,1,0.5,30,30,32,0,0,0.1355671750181554,0.8644328249818446,
716,3,2,0,0.0,2,1,0.5,30,30,32,0,0,0.1227185852256995,0.8772814147743004,
717,3,2,0,0.0,2,1,0.5,30,30,32,0,0,0.11795702119231527,0.8820429788076847,
718,3,2,0,0.0,2,1,0.5,30,30,32,0,0,0.1227001173429745,0.8772998826570255,
719,3,2,0,0.0,2,1,0.5,30,30,32,0,0,0.13407564657564655,0.8659243534243535,
720,3,2,0,0.0,2,1,0.5,30,30,32,0,0,0.12333333333333336,0.8766666666666666,
721,3,2,0,0.0,2,1,0.5,30,30,32,0,0,0.13380194305172502,0.866198056948275,
722,3,2,0,0.0,2,1,0.5,30,30,32,0,0,0.12119236364327768,0.8788076363567223,
723,3,2,0,0.0,2,1,0.5,30,30,32,0,0,0.13628979693384777,0.8637102030661522,
724,3,2,0,0.0,2,1,0.5,30,30,32,0,0,0.1207142857142857,0.8792857142857143,
725,3,2,0,0.0,2,1,0.5,30,30,32,0,0,0.12780737780737778,0.8721926221926222,
726,3,2,0,0.0,2,1,0.5,30,30,32,0,0,0.1393603678255845,0.8606396321744155,
727,3,2,0,0.0,2,1,0.5,30,30,32,0,0,0.12869546167340287,0.8713045383265972,
728,3,2,0,0.0,2,1,0.5,30,30,32,0,0,0.12979207277452892,0.870207927225471,
729,3,2,0,0.0,2,1,0.5,30,30,32,0,0,0.12969846602199547,0.8703015339780045,
730,3,2,0,0.0,2,1,0.5,30,30,32,0,0,0.14596977096977096,0.8540302290302291,
731,3,2,0,0.0,2,1,0.5,30,30,32,0,0,0.13029785029785027,0.8697021497021498,
732,3,2,0,0.0,2,1,0.5,30,30,32,0,0,0.12202235672823909,0.8779776432717609,
733,3,2,0,0.0,2,1,0.5,30,30,32,0,0,0.13557648405138303,0.864423515948617,
734,3,2,0,0.0,2,1,0.5,30,30,32,0,0,0.12372392076528888,0.8762760792347111,
735,3,2,0,0.0,2,1,0.5,30,30,32,0,0,0.13652348041821727,0.8634765195817827,
736,3,2,0,0.0,2,1,0.5,30,30,32,0,0,0.12000907589142887,0.8799909241085712,
737,3,2,0,0.0,2,1,0.5,30,30,32,0,0,0.1341360978203084,0.8658639021796917,
738,3,2,0,0.0,2,1,0.5,30,30,32,0,0,0.12092592592592591,0.8790740740740741,
739,3,2,0,0.0,2,1,0.5,30,30,32,0,0,0.14067176100808887,0.8593282389919111,
740,3,2,0,0.0,2,1,0.5,30,30,32,0,0,0.14191492026846475,0.8580850797315352,
741,3,2,0,0.0,2,1,0.5,30,30,32,0,0,0.14211056170716926,0.8578894382928307,
742,3,2,0,0.0,2,1,0.5,30,30,32,0,0,0.14185984905283147,0.8581401509471686,
743,3,2,0,0.0,2,1,0.5,30,30,32,0,0,0.13795844134079427,0.8620415586592057,
744,3,2,0,0.0,2,1,0.5,30,30,32,0,0,0.13690527065527067,0.8630947293447293,
745,3,2,0,0.0,2,1,0.5,30,30,32,0,0,0.1373348873348873,0.8626651126651127,
746,3,2,0,0.0,2,1,0.5,30,30,32,0,0,0.12286500654291885,0.8771349934570811,
747,3,2,0,0.0,2,1,0.5,30,30,32,0,0,0.13840008257687372,0.8615999174231262,
748,3,2,0,0.0,2,1,0.5,30,30,32,0,0,0.1227185852256995,0.8772814147743004,
749,3,2,0,0.0,2,1,0.5,30,30,32,0,0,0.1428170594837262,0.8571829405162739,
750,3,2,0,0.0,2,1,0.5,30,30,32,0,0,0.12013280836810249,0.8798671916318975,
751,3,2,0,0.0,2,1,0.5,30,30,32,0,0,0.1355671750181554,0.8644328249818446,
752,3,2,0,0.0,2,1,0.5,30,30,32,0,0,0.11795702119231527,0.8820429788076847,
753,3,2,0,0.0,2,1,0.5,30,30,32,0,0,0.1444782523276795,0.8555217476723205,
754,3,2,0,0.0,2,1,0.5,30,30,32,0,0,0.14499910745524783,0.8550008925447522,
755,3,2,0,0.0,2,1,0.5,30,30,32,0,0,0.13858751133054537,0.8614124886694546,
756,3,2,0,0.0,2,1,0.5,30,30,32,0,0,0.14902575658957454,0.8509742434104255,
757,3,2,0,0.0,2,1,0.5,30,30,32,0,0,0.14527295511506036,0.8547270448849397,
758,3,2,0,0.0,2,1,0.5,30,30,32,0,0,0.1443307820514264,0.8556692179485736,
759,3,2,0,0.0,2,1,0.5,30,30,32,0,0,0.14402317320171348,0.8559768267982866,
760,3,2,0,0.0,2,1,0.5,30,30,32,0,0,0.13730006835269987,0.8626999316473001,
761,3,2,0,0.0,2,1,0.5,30,30,32,0,0,0.1508308625179487,0.8491691374820514,
762,3,2,0,0.0,2,1,0.5,30,30,32,0,0,0.15659977588549012,0.8434002241145099,
763,3,2,0,0.0,2,1,0.5,30,30,32,0,0,0.14778005219181692,0.8522199478081831,
764,3,2,0,0.0,2,1,0.5,30,30,32,0,0,0.13735542235542234,0.8626445776445777,
765,3,2,0,0.0,2,1,0.5,30,30,32,0,0,0.13442675315740332,0.8655732468425967,
766,3,2,0,0.0,2,1,0.5,30,30,32,0,0,0.15190787098252861,0.8480921290174714,
767,3,2,0,0.0,2,1,0.5,30,30,32,0,0,0.162020202020202,0.837979797979798,
768,3,2,0,0.0,2,1,0.5,30,30,32,0,0,0.14795829442888264,0.8520417055711174,
769,3,2,0,0.0,2,1,0.5,30,30,32,0,0,0.14447825232767952,0.8555217476723205,
770,3,2,0,0.0,2,1,0.5,30,30,32,0,0,0.14902575658957454,0.8509742434104255,
771,3,2,0,0.0,2,1,0.5,30,30,32,0,0,0.14433078205142638,0.8556692179485736,
772,3,2,0,0.0,2,1,0.5,30,30,32,0,0,0.14499910745524783,0.8550008925447522,
773,3,2,0,0.0,2,1,0.5,30,30,32,0,0,0.14402317320171348,0.8559768267982866,
774,3,2,0,0.0,2,1,0.5,30,30,32,0,0,0.13858751133054537,0.8614124886694546,
775,3,2,0,0.0,2,1,0.5,30,30,32,0,0,0.14527295511506036,0.8547270448849397,
776,3,2,0,0.0,2,1,0.5,30,30,32,0,0,0.13730006835269987,0.8626999316473001,
777,3,2,0,0.0,2,1,0.5,30,30,32,0,0,0.1508308625179487,0.8491691374820514,
778,3,2,0,0.0,2,1,0.5,30,30,32,0,0,0.13735542235542236,0.8626445776445777,
779,3,2,0,0.0,2,1,0.5,30,30,32,0,0,0.15190787098252861,0.8480921290174714,
780,3,2,0,0.0,2,1,0.5,30,30,32,0,0,0.15659977588549012,0.8434002241145099,
781,3,2,0,0.0,2,1,0.5,30,30,32,0,0,0.162020202020202,0.837979797979798,
782,3,2,0,0.0,2,1,0.5,30,30,32,0,0,0.14778005219181692,0.8522199478081831,
783,3,2,0,0.0,2,1,0.5,30,30,32,0,0,0.13442675315740332,0.8655732468425967,
784,3,2,0,0.0,2,1,0.5,30,30,32,0,0,0.14795829442888267,0.8520417055711174,
785,3,2,0,0.0,2,1,0.5,30,30,32,0,0,0.14876742783719527,0.8512325721628047,
786,3,2,0,0.0,2,1,0.5,30,30,32,0,0,0.1479789371311466,0.8520210628688534,
787,3,2,0,0.0,2,1,0.5,30,30,32,0,0,0.1406130359209963,0.8593869640790037,
788,3,2,0,0.0,2,1,0.5,30,30,32,0,0,0.14797893713114663,0.8520210628688534,
789,3,2,0,0.0,2,1,0.5,30,30,32,0,0,0.14212830054935313,0.8578716994506469,
790,3,2,0,0.0,2,1,0.5,30,30,32,0,0,0.14061303592099625,0.8593869640790037,
791,3,2,0,0.0,2,1,0.5,30,30,32,0,0,0.14212830054935316,0.8578716994506468,
792,3,2,0,0.0,2,1,0.5,30,30,32,0,0,0.13112554112554112,0.8688744588744589,
793,3,2,0,0.0,2,1,0.5,30,30,32,0,0,0.12334715576820839,0.8766528442317916,
794,3,2,0,0.0,2,1,0.5,30,30,32,0,0,0.13966868920626574,0.8603313107937343,
795,3,2,0,0.0,2,1,0.5,30,30,32,0,0,0.12289086352244243,0.8771091364775576,
796,3,2,0,0.0,2,1,0.5,30,30,32,0,0,0.14237563379298238,0.8576243662070177,
797,3,2,0,0.0,2,1,0.5,30,30,32,0,0,0.12125321339511512,0.8787467866048849,
798,3,2,0,0.0,2,1,0.5,30,30,32,0,0,0.14125249338063586,0.8587475066193642,
799,3,2,0,0.0,2,1,0.5,30,30,32,0,0,0.11958077010708587,0.8804192298929141,
800,3,2,0,0.0,2,1,0.5,30,30,32,0,0,0.13993585587944415,0.8600641441205559,
801,3,2,0,0.0,2,1,0.5,30,30,32,0,0,0.13712985990617563,0.8628701400938243,
802,3,2,0,0.0,2,1,0.5,30,30,32,0,0,0.1372313213102687,0.8627686786897313,
803,3,2,0,0.0,2,1,0.5,30,30,32,0,0,0.14381166452595026,0.8561883354740497,
804,3,2,0,0.0,2,1,0.5,30,30,32,0,0,0.1388396036075008,0.8611603963924992,
805,3,2,0,0.0,2,1,0.5,30,30,32,0,0,0.13643672147268968,0.8635632785273103,
806,3,2,0,0.0,2,1,0.5,30,30,32,0,0,0.13417027417027416,0.8658297258297258,
807,3,2,0,0.0,2,1,0.5,30,30,32,0,0,0.1227338717163279,0.8772661282836721,
808,3,2,0,0.0,2,1,0.5,30,30,32,0,0,0.1354871794871795,0.8645128205128205,
809,3,2,0,0.0,2,1,0.5,30,30,32,0,0,0.11942420152946469,0.8805757984705354,
810,3,2,0,0.0,2,1,0.5,30,30,32,0,0,0.1426861642381211,0.8573138357618789,
811,3,2,0,0.0,2,1,0.5,30,30,32,0,0,0.12069099419099419,0.8793090058090058,
812,3,2,0,0.0,2,1,0.5,30,30,32,0,0,0.138514652014652,0.861485347985348,
813,3,2,0,0.0,2,1,0.5,30,30,32,0,0,0.11559163059163059,0.8844083694083694,
814,3,2,0,0.0,2,1,0.5,30,30,32,0,0,0.1297116275537328,0.8702883724462672,
815,3,2,0,0.0,2,1,0.5,30,30,32,0,0,0.144405414985497,0.855594585014503,
816,3,2,0,0.0,2,1,0.5,30,30,32,0,0,0.13040271132376396,0.869597288676236,
817,3,2,0,0.0,2,1,0.5,30,30,32,0,0,0.13374791874791872,0.8662520812520813,
818,3,2,0,0.0,2,1,0.5,30,30,32,0,0,0.13153091645196907,0.8684690835480309,
819,3,2,0,0.0,2,1,0.5,30,30,32,0,0,0.1502531631769993,0.8497468368230007,
820,3,2,0,0.0,2,1,0.5,30,30,32,0,0,0.1329004329004329,0.8670995670995671,
821,3,2,0,0.0,2,1,0.5,30,30,32,0,0,0.15217994481152378,0.8478200551884763,
822,3,2,0,0.0,2,1,0.5,30,30,32,0,0,0.1457972582972583,0.8542027417027417,
823,3,2,0,0.0,2,1,0.5,30,30,32,0,0,0.15374458874458874,0.8462554112554113,
824,3,2,0,0.0,2,1,0.5,30,30,32,0,0,0.133015873015873,0.866984126984127,
825,3,2,0,0.0,2,1,0.5,30,30,32,0,0,0.15416786916786915,0.8458321308321308,
826,3,2,0,0.0,2,1,0.5,30,30,32,0,0,0.1452441077441078,0.8547558922558922,
827,3,2,0,0.0,2,1,0.5,30,30,32,0,0,0.15656565656565657,0.8434343434343434,
828,3,2,0,0.0,2,1,0.5,30,30,32,0,0,0.1295724818696955,0.8704275181303045,
829,3,2,0,0.0,2,1,0.5,30,30,32,0,0,0.1444077769209348,0.8555922230790652,
830,3,2,0,0.0,2,1,0.5,30,30,32,0,0,0.1281275913628855,0.8718724086371145,
831,3,2,0,0.0,2,1,0.5,30,30,32,0,0,0.13387179487179485,0.8661282051282051,
832,3,2,0,0.0,2,1,0.5,30,30,32,0,0,0.13215686274509808,0.8678431372549019,
833,3,2,0,0.0,2,1,0.5,30,30,32,0,0,0.1536111111111111,0.8463888888888889,
834,3,2,0,0.0,2,1,0.5,30,30,32,0,0,0.12915824915824914,0.8708417508417509,
835,3,2,0,0.0,2,1,0.5,30,30,32,0,0,0.12381431240323891,0.8761856875967611,
836,3,2,0,0.0,2,1,0.5,30,30,32,0,0,0.1452714608607408,0.8547285391392592,
837,3,2,0,0.0,2,1,0.5,30,30,32,0,0,0.12305778252361936,0.8769422174763807,
838,3,2,0,0.0,2,1,0.5,30,30,32,0,0,0.1484710173229313,0.8515289826770687,
839,3,2,0,0.0,2,1,0.5,30,30,32,0,0,0.11898921984448299,0.881010780155517,
840,3,2,0,0.0,2,1,0.5,30,30,32,0,0,0.13997199728130422,0.8600280027186957,
841,3,2,0,0.0,2,1,0.5,30,30,32,0,0,0.1167027417027417,0.8832972582972582,
842,3,2,0,0.0,2,1,0.5,30,30,32,0,0,0.14066500611423824,0.8593349938857617,
843,3,2,0,0.0,2,1,0.5,30,30,32,0,0,0.13972218643238446,0.8602778135676156,
844,3,2,0,0.0,2,1,0.5,30,30,32,0,0,0.13782119323068276,0.8621788067693172,
845,3,2,0,0.0,2,1,0.5,30,30,32,0,0,0.14331094831094832,0.8566890516890517,
846,3,2,0,0.0,2,1,0.5,30,30,32,0,0,0.135714498254698,0.8642855017453019,
847,3,2,0,0.0,2,1,0.5,30,30,32,0,0,0.13277777777777777,0.8672222222222222,
848,3,2,0,0.0,2,1,0.5,30,30,32,0,0,0.13026936026936026,0.8697306397306397,
849,3,2,0,0.0,2,1,0.5,30,30,32,0,0,0.12384756645967775,0.8761524335403222,
850,3,2,0,0.0,2,1,0.5,30,30,32,0,0,0.14174318652448062,0.8582568134755194,
851,3,2,0,0.0,2,1,0.5,30,30,32,0,0,0.12005639458580634,0.8799436054141937,
852,3,2,0,0.0,2,1,0.5,30,30,32,0,0,0.15037037037037038,0.8496296296296296,
853,3,2,0,0.0,2,1,0.5,30,30,32,0,0,0.11907900631114915,0.8809209936888509,
854,3,2,0,0.0,2,1,0.5,30,30,32,0,0,0.13664916564916568,0.8633508343508343,
855,3,2,0,0.0,2,1,0.5,30,30,32,0,0,0.11349206349206349,0.8865079365079365,
856,3,2,0,0.0,2,1,0.5,30,30,32,0,0,0.11452307169954228,0.8854769283004578,
857,3,2,0,0.0,2,1,0.5,30,30,32,0,0,0.11388214125056227,0.8861178587494377,
858,3,2,0,0.0,2,1,0.5,30,30,32,0,0,0.11530178971355444,0.8846982102864456,
859,3,2,0,0.0,2,1,0.5,30,30,32,0,0,0.11616442015814489,0.8838355798418551,
860,3,2,0,0.0,2,1,0.5,30,30,32,0,0,0.11580825801878439,0.8841917419812156,
861,3,2,0,0.0,2,1,0.5,30,30,32,0,0,0.1165138224348751,0.8834861775651249,
862,3,2,0,0.0,2,1,0.5,30,30,32,0,0,0.12870351276474046,0.8712964872352595,
863,3,2,0,0.0,2,1,0.5,30,30,32,0,0,0.12775688736215055,0.8722431126378495,
864,3,2,0,0.0,2,1,0.5,30,30,32,0,0,0.13405242905242906,0.8659475709475709,
865,3,2,0,0.0,2,1,0.5,30,30,32,0,0,0.11766717848655457,0.8823328215134454,
866,3,2,0,0.0,2,1,0.5,30,30,32,0,0,0.11734006734006736,0.8826599326599327,
867,3,2,0,0.0,2,1,0.5,30,30,32,0,0,0.1177640075066546,0.8822359924933454,
868,3,2,0,0.0,2,1,0.5,30,30,32,0,0,0.11822178562267177,0.8817782143773283,
869,3,2,0,0.0,2,1,0.5,30,30,32,0,0,0.11815014744839306,0.881849852551607,
870,3,2,0,0.0,2,1,0.5,30,30,32,0,0,0.11755698005698005,0.88244301994302,
871,3,2,0,0.0,2,1,0.5,30,30,32,0,0,0.13602008314941133,0.8639799168505886,
872,3,2,0,0.0,2,1,0.5,30,30,32,0,0,0.13551587301587303,0.864484126984127,
873,3,2,0,0.0,2,1,0.5,30,30,32,0,0,0.1355348355348355,0.8644651644651645,
874,3,2,0,0.0,2,1,0.5,30,30,32,0,0,0.11338246079317506,0.886617539206825,
875,3,2,0,0.0,2,1,0.5,30,30,32,0,0,0.11362318724160826,0.8863768127583918,
876,3,2,0,0.0,2,1,0.5,30,30,32,0,0,0.12687837772511093,0.8731216222748891,
877,3,2,0,0.0,2,1,0.5,30,30,32,0,0,0.11469946719946718,0.8853005328005328,
878,3,2,0,0.0,2,1,0.5,30,30,32,0,0,0.11520106169771772,0.8847989383022823,
879,3,2,0,0.0,2,1,0.5,30,30,32,0,0,0.1306396698144017,0.8693603301855983,
880,3,2,0,0.0,2,1,0.5,30,30,32,0,0,0.11812636165577343,0.8818736383442266,
881,3,2,0,0.0,2,1,0.5,30,30,32,0,0,0.11848683188156878,0.8815131681184312,
882,3,2,0,0.0,2,1,0.5,30,30,32,0,0,0.13574555074555078,0.8642544492544493,
883,3,2,0,0.0,2,1,0.5,30,30,32,0,0,0.11566716507892978,0.8843328349210702,
884,3,2,0,0.0,2,1,0.5,30,30,32,0,0,0.11430797960209728,0.8856920203979027,
885,3,2,0,0.0,2,1,0.5,30,30,32,0,0,0.13010841554959207,0.8698915844504079,
886,3,2,0,0.0,2,1,0.5,30,30,32,0,0,0.11699878395883813,0.8830012160411619,
887,3,2,0,0.0,2,1,0.5,30,30,32,0,0,0.1153183885640026,0.8846816114359974,
888,3,2,0,0.0,2,1,0.5,30,30,32,0,0,0.13485588485588487,0.8651441151441152,
889,3,2,0,0.0,2,1,0.5,30,30,32,0,0,0.11982092526210177,0.8801790747378982,
890,3,2,0,0.0,2,1,0.5,30,30,32,0,0,0.11755698005698005,0.88244301994302,
891,3,2,0,0.0,2,1,0.5,30,30,32,0,0,0.1355348355348355,0.8644651644651645,
892,3,2,0,0.0,2,1,0.5,30,30,32,0,0,0.13014452571229546,0.8698554742877045,
893,3,2,0,0.0,2,1,0.5,30,30,32,0,0,0.1310695598786414,0.8689304401213586,
894,3,2,0,0.0,2,1,0.5,30,30,32,0,0,0.1327176091881974,0.8672823908118026,
895,3,2,0,0.0,2,1,0.5,30,30,32,0,0,0.1353086212273917,0.8646913787726083,
896,3,2,0,0.0,2,1,0.5,30,30,32,0,0,0.13832772166105503,0.861672278338945,
897,3,2,0,0.0,2,1,0.5,30,30,32,0,0,0.13584168482207698,0.8641583151779231,
898,3,2,0,0.0,2,1,0.5,30,30,32,0,0,0.13631634168586032,0.8636836583141396,
899,3,2,0,0.0,2,1,0.5,30,30,32,0,0,0.13301547399586616,0.8669845260041338,
900,3,2,0,0.0,2,1,0.5,30,30,32,0,0,0.13682214299861353,0.8631778570013865,
901,3,2,0,0.0,2,1,0.5,30,30,32,0,0,0.11338246079317506,0.886617539206825,
902,3,2,0,0.0,2,1,0.5,30,30,32,0,0,0.11469946719946719,0.8853005328005328,
903,3,2,0,0.0,2,1,0.5,30,30,32,0,0,0.11812636165577343,0.8818736383442266,
904,3,2,0,0.0,2,1,0.5,30,30,32,0,0,0.11362318724160828,0.8863768127583918,
905,3,2,0,0.0,2,1,0.5,30,30,32,0,0,0.11520106169771772,0.8847989383022823,
906,3,2,0,0.0,2,1,0.5,30,30,32,0,0,0.11848683188156878,0.8815131681184312,
907,3,2,0,0.0,2,1,0.5,30,30,32,0,0,0.12687837772511093,0.8731216222748891,
908,3,2,0,0.0,2,1,0.5,30,30,32,0,0,0.1306396698144017,0.8693603301855983,
909,3,2,0,0.0,2,1,0.5,30,30,32,0,0,0.13574555074555075,0.8642544492544493,
910,3,2,0,0.0,2,1,0.5,30,30,32,0,0,0.11566716507892978,0.8843328349210702,
911,3,2,0,0.0,2,1,0.5,30,30,32,0,0,0.11699878395883813,0.8830012160411619,
912,3,2,0,0.0,2,1,0.5,30,30,32,0,0,0.11982092526210177,0.8801790747378982,
913,3,2,0,0.0,2,1,0.5,30,30,32,0,0,0.11430797960209728,0.8856920203979027,
914,3,2,0,0.0,2,1,0.5,30,30,32,0,0,0.1153183885640026,0.8846816114359974,
915,3,2,0,0.0,2,1,0.5,30,30,32,0,0,0.11755698005698005,0.88244301994302,
916,3,2,0,0.0,2,1,0.5,30,30,32,0,0,0.13010841554959207,0.8698915844504079,
917,3,2,0,0.0,2,1,0.5,30,30,32,0,0,0.13485588485588487,0.8651441151441152,
918,3,2,0,0.0,2,1,0.5,30,30,32,0,0,0.1355348355348355,0.8644651644651645,
919,3,2,0,0.0,2,1,0.5,30,30,32,0,0,0.11452307169954228,0.8854769283004578,
920,3,2,0,0.0,2,1,0.5,30,30,32,0,0,0.11616442015814489,0.8838355798418551,
921,3,2,0,0.0,2,1,0.5,30,30,32,0,0,0.12870351276474049,0.8712964872352595,
922,3,2,0,0.0,2,1,0.5,30,30,32,0,0,0.11388214125056227,0.8861178587494377,
923,3,2,0,0.0,2,1,0.5,30,30,32,0,0,0.1158082580187844,0.8841917419812156,
924,3,2,0,0.0,2,1,0.5,30,30,32,0,0,0.12775688736215055,0.8722431126378495,
925,3,2,0,0.0,2,1,0.5,30,30,32,0,0,0.11530178971355444,0.8846982102864456,
926,3,2,0,0.0,2,1,0.5,30,30,32,0,0,0.11651382243487511,0.8834861775651249,
927,3,2,0,0.0,2,1,0.5,30,30,32,0,0,0.1340524290524291,0.8659475709475709,
928,3,2,0,0.0,2,1,0.5,30,30,32,0,0,0.11766717848655456,0.8823328215134454,
929,3,2,0,0.0,2,1,0.5,30,30,32,0,0,0.11822178562267177,0.8817782143773283,
930,3,2,0,0.0,2,1,0.5,30,30,32,0,0,0.13602008314941133,0.8639799168505886,
931,3,2,0,0.0,2,1,0.5,30,30,32,0,0,0.11734006734006736,0.8826599326599327,
932,3,2,0,0.0,2,1,0.5,30,30,32,0,0,0.11815014744839307,0.881849852551607,
933,3,2,0,0.0,2,1,0.5,30,30,32,0,0,0.13551587301587303,0.864484126984127,
934,3,2,0,0.0,2,1,0.5,30,30,32,0,0,0.1177640075066546,0.8822359924933454,
935,3,2,0,0.0,2,1,0.5,30,30,32,0,0,0.11755698005698005,0.88244301994302,
936,3,2,0,0.0,2,1,0.5,30,30,32,0,0,0.1355348355348355,0.8644651644651645,
937,3,2,0,0.0,2,1,0.5,30,30,32,0,0,0.13014452571229546,0.8698554742877045,
938,3,2,0,0.0,2,1,0.5,30,30,32,0,0,0.1353086212273917,0.8646913787726083,
939,3,2,0,0.0,2,1,0.5,30,30,32,0,0,0.13631634168586032,0.8636836583141396,
940,3,2,0,0.0,2,1,0.5,30,30,32,0,0,0.1310695598786414,0.8689304401213586,
941,3,2,0,0.0,2,1,0.5,30,30,32,0,0,0.13832772166105498,0.861672278338945,
942,3,2,0,0.0,2,1,0.5,30,30,32,0,0,0.13301547399586613,0.8669845260041339,
943,3,2,0,0.0,2,1,0.5,30,30,32,0,0,0.1327176091881974,0.8672823908118026,
944,3,2,0,0.0,2,1,0.5,30,30,32,0,0,0.135841684822077,0.864158315177923,
945,3,2,0,0.0,2,1,0.5,30,30,32,0,0,0.13682214299861353,0.8631778570013865,
946,3,2,0,0.0,2,1,0.5,30,30,32,0,0,0.12256062629221386,0.8774393737077861,
947,3,2,0,0.0,2,1,0.5,30,30,32,0,0,0.1228484173396454,0.8771515826603546,
948,3,2,0,0.0,2,1,0.5,30,30,32,0,0,0.12034179649040329,0.8796582035095967,
949,3,2,0,0.0,2,1,0.5,30,30,32,0,0,0.12304397260159372,0.8769560273984063,
950,3,2,0,0.0,2,1,0.5,30,30,32,0,0,0.12388233209285843,0.8761176679071416,
951,3,2,0,0.0,2,1,0.5,30,30,32,0,0,0.12068914711019975,0.8793108528898003,
952,3,2,0,0.0,2,1,0.5,30,30,32,0,0,0.13796552015822128,0.8620344798417787,
953,3,2,0,0.0,2,1,0.5,30,30,32,0,0,0.13953021750201167,0.8604697824979883,
954,3,2,0,0.0,2,1,0.5,30,30,32,0,0,0.13918761550340494,0.860812384496595,
955,3,2,0,0.0,2,1,0.5,30,30,32,0,0,0.1238088040835168,0.8761911959164832,
956,3,2,0,0.0,2,1,0.5,30,30,32,0,0,0.12488000095142952,0.8751199990485705,
957,3,2,0,0.0,2,1,0.5,30,30,32,0,0,0.12082676582676583,0.8791732341732341,
958,3,2,0,0.0,2,1,0.5,30,30,32,0,0,0.1217804091333503,0.8782195908666497,
959,3,2,0,0.0,2,1,0.5,30,30,32,0,0,0.12289377289377289,0.8771062271062271,
960,3,2,0,0.0,2,1,0.5,30,30,32,0,0,0.11879011253624255,0.8812098874637575,
961,3,2,0,0.0,2,1,0.5,30,30,32,0,0,0.14137804948435775,0.8586219505156423,
962,3,2,0,0.0,2,1,0.5,30,30,32,0,0,0.14491582491582494,0.8550841750841751,
963,3,2,0,0.0,2,1,0.5,30,30,32,0,0,0.13775287892934948,0.8622471210706505,
964,3,2,0,0.0,2,1,0.5,30,30,32,0,0,0.12256062629221386,0.8774393737077861,
965,3,2,0,0.0,2,1,0.5,30,30,32,0,0,0.12304397260159372,0.8769560273984063,
966,3,2,0,0.0,2,1,0.5,30,30,32,0,0,0.1379655201582213,0.8620344798417787,
967,3,2,0,0.0,2,1,0.5,30,30,32,0,0,0.1228484173396454,0.8771515826603546,
968,3,2,0,0.0,2,1,0.5,30,30,32,0,0,0.12388233209285843,0.8761176679071416,
969,3,2,0,0.0,2,1,0.5,30,30,32,0,0,0.13953021750201167,0.8604697824979883,
970,3,2,0,0.0,2,1,0.5,30,30,32,0,0,0.12034179649040329,0.8796582035095967,
971,3,2,0,0.0,2,1,0.5,30,30,32,0,0,0.12068914711019975,0.8793108528898003,
972,3,2,0,0.0,2,1,0.5,30,30,32,0,0,0.13918761550340497,0.860812384496595,
973,3,2,0,0.0,2,1,0.5,30,30,32,0,0,0.1238088040835168,0.8761911959164832,
974,3,2,0,0.0,2,1,0.5,30,30,32,0,0,0.1217804091333503,0.8782195908666497,
975,3,2,0,0.0,2,1,0.5,30,30,32,0,0,0.14137804948435775,0.8586219505156423,
976,3,2,0,0.0,2,1,0.5,30,30,32,0,0,0.12488000095142952,0.8751199990485705,
977,3,2,0,0.0,2,1,0.5,30,30,32,0,0,0.12289377289377289,0.8771062271062271,
978,3,2,0,0.0,2,1,0.5,30,30,32,0,0,0.14491582491582494,0.8550841750841751,
979,3,2,0,0.0,2,1,0.5,30,30,32,0,0,0.12082676582676583,0.8791732341732341,
980,3,2,0,0.0,2,1,0.5,30,30,32,0,0,0.11879011253624255,0.8812098874637575,
981,3,2,0,0.0,2,1,0.5,30,30,32,0,0,0.13775287892934948,0.8622471210706505,
982,3,2,0,0.0,2,1,0.5,30,30,32,0,0,0.14657636518101633,0.8534236348189836,
983,3,2,0,0.0,2,1,0.5,30,30,32,0,0,0.14651801984698873,0.8534819801530112,
984,3,2,0,0.0,2,1,0.5,30,30,32,0,0,0.14244212894369793,0.8575578710563021,
985,3,2,0,0.0,2,1,0.5,30,30,32,0,0,0.14651801984698873,0.8534819801530112,
986,3,2,0,0.0,2,1,0.5,30,30,32,0,0,0.15111111111111106,0.8488888888888889,
987,3,2,0,0.0,2,1,0.5,30,30,32,0,0,0.13945091945091945,0.8605490805490805,
988,3,2,0,0.0,2,1,0.5,30,30,32,0,0,0.14244212894369795,0.8575578710563021,
989,3,2,0,0.0,2,1,0.5,30,30,32,0,0,0.13945091945091945,0.8605490805490805,
990,3,2,0,0.0,2,1,0.5,30,30,32,0,0,0.13559884559884564,0.8644011544011544,
991,3,2,0,0.0,2,1,0.5,30,30,32,0,0,0.12334715576820839,0.8766528442317916,
992,3,2,0,0.0,2,1,0.5,30,30,32,0,0,0.12381431240323892,0.8761856875967611,
993,3,2,0,0.0,2,1,0.5,30,30,32,0,0,0.1297116275537328,0.8702883724462672,
994,3,2,0,0.0,2,1,0.5,30,30,32,0,0,0.1227338717163279,0.8772661282836721,
995,3,2,0,0.0,2,1,0.5,30,30,32,0,0,0.12384756645967773,0.8761524335403222,
996,3,2,0,0.0,2,1,0.5,30,30,32,0,0,0.12957248186969553,0.8704275181303045,
997,3,2,0,0.0,2,1,0.5,30,30,32,0,0,0.13993585587944413,0.8600641441205559,
998,3,2,0,0.0,2,1,0.5,30,30,32,0,0,0.14066500611423824,0.8593349938857617,
999,3,2,0,0.0,2,1,0.5,30,30,32,0,0,0.15217994481152372,0.8478200551884763,
1000,3,2,0,0.0,2,1,0.5,30,30,32,0,0,0.12125321339511515,0.8787467866048848,
1001,3,2,0,0.0,2,1,0.5,30,30,32,0,0,0.11898921984448299,0.881010780155517,
1002,3,2,0,0.0,2,1,0.5,30,30,32,0,0,0.1315309164519691,0.8684690835480309,
1003,3,2,0,0.0,2,1,0.5,30,30,32,0,0,0.12069099419099417,0.8793090058090058,
1004,3,2,0,0.0,2,1,0.5,30,30,32,0,0,0.11907900631114916,0.8809209936888508,
1005,3,2,0,0.0,2,1,0.5,30,30,32,0,0,0.13215686274509808,0.8678431372549019,
1006,3,2,0,0.0,2,1,0.5,30,30,32,0,0,0.13883960360750083,0.8611603963924992,
1007,3,2,0,0.0,2,1,0.5,30,30,32,0,0,0.135714498254698,0.8642855017453019,
1008,3,2,0,0.0,2,1,0.5,30,30,32,0,0,0.15416786916786912,0.8458321308321308,
1009,3,2,0,0.0,2,1,0.5,30,30,32,0,0,0.12289086352244248,0.8771091364775575,
1010,3,2,0,0.0,2,1,0.5,30,30,32,0,0,0.12305778252361935,0.8769422174763807,
1011,3,2,0,0.0,2,1,0.5,30,30,32,0,0,0.13040271132376396,0.869597288676236,
1012,3,2,0,0.0,2,1,0.5,30,30,32,0,0,0.11942420152946467,0.8805757984705354,
1013,3,2,0,0.0,2,1,0.5,30,30,32,0,0,0.12005639458580636,0.8799436054141936,
1014,3,2,0,0.0,2,1,0.5,30,30,32,0,0,0.1281275913628855,0.8718724086371145,
1015,3,2,0,0.0,2,1,0.5,30,30,32,0,0,0.1372313213102687,0.8627686786897313,
1016,3,2,0,0.0,2,1,0.5,30,30,32,0,0,0.13782119323068276,0.8621788067693172,
1017,3,2,0,0.0,2,1,0.5,30,30,32,0,0,0.1537445887445887,0.8462554112554113,
1018,3,2,0,0.0,2,1,0.5,30,30,32,0,0,0.11958077010708586,0.8804192298929141,
1019,3,2,0,0.0,2,1,0.5,30,30,32,0,0,0.11670274170274171,0.8832972582972582,
1020,3,2,0,0.0,2,1,0.5,30,30,32,0,0,0.1329004329004329,0.8670995670995671,
1021,3,2,0,0.0,2,1,0.5,30,30,32,0,0,0.1155916305916306,0.8844083694083694,
1022,3,2,0,0.0,2,1,0.5,30,30,32,0,0,0.11349206349206349,0.8865079365079365,
1023,3,2,0,0.0,2,1,0.5,30,30,32,0,0,0.12915824915824917,0.8708417508417509,
1024,3,2,0,0.0,2,1,0.5,30,30,32,0,0,0.13417027417027416,0.8658297258297258,
1025,3,2,0,0.0,2,1,0.5,30,30,32,0,0,0.13026936026936026,0.8697306397306397,
1026,3,2,0,0.0,2,1,0.5,30,30,32,0,0,0.15656565656565657,0.8434343434343434,
1027,3,2,0,0.0,2,1,0.5,30,30,32,0,0,0.13966868920626577,0.8603313107937343,
1028,3,2,0,0.0,2,1,0.5,30,30,32,0,0,0.14527146086074083,0.8547285391392592,
1029,3,2,0,0.0,2,1,0.5,30,30,32,0,0,0.14440541498549703,0.855594585014503,
1030,3,2,0,0.0,2,1,0.5,30,30,32,0,0,0.13548717948717945,0.8645128205128205,
1031,3,2,0,0.0,2,1,0.5,30,30,32,0,0,0.1417431865244806,0.8582568134755194,
1032,3,2,0,0.0,2,1,0.5,30,30,32,0,0,0.14440777692093482,0.8555922230790651,
1033,3,2,0,0.0,2,1,0.5,30,30,32,0,0,0.13712985990617568,0.8628701400938243,
1034,3,2,0,0.0,2,1,0.5,30,30,32,0,0,0.13972218643238443,0.8602778135676156,
1035,3,2,0,0.0,2,1,0.5,30,30,32,0,0,0.1457972582972583,0.8542027417027417,
1036,3,2,0,0.0,2,1,0.5,30,30,32,0,0,0.1412524933806359,0.8587475066193642,
1037,3,2,0,0.0,2,1,0.5,30,30,32,0,0,0.1399719972813042,0.8600280027186958,
1038,3,2,0,0.0,2,1,0.5,30,30,32,0,0,0.1502531631769993,0.8497468368230007,
1039,3,2,0,0.0,2,1,0.5,30,30,32,0,0,0.13851465201465196,0.861485347985348,
1040,3,2,0,0.0,2,1,0.5,30,30,32,0,0,0.13664916564916565,0.8633508343508344,
1041,3,2,0,0.0,2,1,0.5,30,30,32,0,0,0.1536111111111111,0.8463888888888889,
1042,3,2,0,0.0,2,1,0.5,30,30,32,0,0,0.13643672147268968,0.8635632785273103,
1043,3,2,0,0.0,2,1,0.5,30,30,32,0,0,0.13277777777777777,0.8672222222222222,
1044,3,2,0,0.0,2,1,0.5,30,30,32,0,0,0.14524410774410773,0.8547558922558922,
1045,3,2,0,0.0,2,1,0.5,30,30,32,0,0,0.1423756337929824,0.8576243662070175,
1046,3,2,0,0.0,2,1,0.5,30,30,32,0,0,0.14847101732293128,0.8515289826770687,
1047,3,2,0,0.0,2,1,0.5,30,30,32,0,0,0.13374791874791872,0.8662520812520813,
1048,3,2,0,0.0,2,1,0.5,30,30,32,0,0,0.1426861642381211,0.8573138357618789,
1049,3,2,0,0.0,2,1,0.5,30,30,32,0,0,0.15037037037037038,0.8496296296296296,
1050,3,2,0,0.0,2,1,0.5,30,30,32,0,0,0.13387179487179487,0.8661282051282051,
1051,3,2,0,0.0,2,1,0.5,30,30,32,0,0,0.14381166452595023,0.8561883354740498,
1052,3,2,0,0.0,2,1,0.5,30,30,32,0,0,0.14331094831094834,0.8566890516890516,
1053,3,2,0,0.0,2,1,0.5,30,30,32,0,0,0.13301587301587303,0.866984126984127,
