max_robust,n_winners,or_fraction,n_patterns,entropy,soft_or_fraction_beta1
4,1,1.0,1,-0.0,0.5137422091292612
3,1,0.0,1,-0.0,0.44375453874152104
3,1,1.0,1,-0.0,0.4518226127171861
2,4,0.5,3,1.5,0.5016015128702367
2,6,0.16666666666666666,6,2.584962500721156,0.520133681029775
3,3,0.3333333333333333,3,1.584962500721156,0.33143990405782314
2,7,0.42857142857142855,5,2.1280852788913944,0.4562171792526208
2,2,0.5,2,1.0,0.4460842632340692
2,6,0.5,4,1.7924812503605778,0.43197570887743225
3,1,0.0,1,-0.0,0.42703972123963696
2,5,0.4,3,1.5219280948873621,0.42949044411529524
3,1,1.0,1,-0.0,0.46512916581028513
3,1,1.0,1,-0.0,0.48230806122667835
2,5,0.2,4,1.9219280948873623,0.40632609188135865
4,1,0.0,1,-0.0,0.44019500320590144
3,3,1.0,1,-0.0,0.37641299581456367
2,6,0.3333333333333333,5,2.2516291673878226,0.421884032413577
3,1,1.0,1,-0.0,0.36790496829665476
3,1,1.0,1,-0.0,0.4503206505275009
2,5,0.6,3,1.3709505944546687,0.44223058511369656
3,1,0.0,1,-0.0,0.4690545866104527
3,2,1.0,1,-0.0,0.4954352540664271
2,6,0.5,4,1.7924812503605778,0.42018463060588834
2,11,0.5454545454545454,6,2.049452072789394,0.48602853375027716
3,1,0.0,1,-0.0,0.4786447495060759
3,1,0.0,1,-0.0,0.4994904142373356
3,1,1.0,1,-0.0,0.43925840978099656
2,4,0.75,2,0.8112781244591328,0.4739083541378194
2,9,0.5555555555555556,5,1.8799649487271108,0.442297692553144
2,12,0.6666666666666666,5,1.584962500721156,0.5535071288952804
2,6,0.5,4,1.7924812503605778,0.4502521389952154
3,1,1.0,1,-0.0,0.4984572281513941
3,2,0.0,2,1.0,0.5025797626017668
3,1,1.0,1,-0.0,0.48209720882470714
2,9,0.3333333333333333,7,2.6416041678685933,0.41304303052838287
2,5,0.4,4,1.9219280948873623,0.4049309980644936
3,2,1.0,1,-0.0,0.4482753431734789
2,8,0.375,5,2.1556390622295662,0.524840798632259
2,7,0.42857142857142855,5,2.1280852788913944,0.4815805538577544
2,7,0.5714285714285714,4,1.6644977792004614,0.5158381928857303
3,2,0.5,2,1.0,0.4321695710677622
2,1,0.0,1,-0.0,0.4628048103065731
2,7,0.14285714285714285,6,2.5216406363433186,0.4531445221681338
3,1,1.0,1,-0.0,0.38125512517293614
2,1,1.0,1,-0.0,0.5292192405412772
2,4,0.25,4,2.0,0.4664732557556113
3,1,1.0,1,-0.0,0.3454134643249603
2,5,0.2,5,2.321928094887362,0.4207993442591477
4,1,0.0,1,-0.0,0.37537878377304035
4,1,0.0,1,-0.0,0.47274106748558536
3,1,1.0,1,-0.0,0.3250863227962187
3,1,0.0,1,-0.0,0.5275519788390064
3,1,1.0,1,-0.0,0.4865858876264417
4,1,0.0,1,-0.0,0.5004395627839432
2,3,1.0,1,-0.0,0.4372613551003555
2,7,0.42857142857142855,5,2.1280852788913944,0.45424764701297965
3,2,0.0,2,1.0,0.46666405201207295
2,6,0.3333333333333333,5,2.2516291673878226,0.36707956162044897
4,1,0.0,1,-0.0,0.44006681616677285
2,6,0.3333333333333333,5,2.2516291673878226,0.5125065125697396
3,1,1.0,1,-0.0,0.4846624324485801
3,2,0.5,2,1.0,0.4619667741622863
3,1,0.0,1,-0.0,0.5003799211974466
3,1,0.0,1,-0.0,0.531922065284438
3,2,1.0,1,-0.0,0.4449034316061455
2,5,0.2,5,2.321928094887362,0.4188227575676193
3,1,1.0,1,-0.0,0.5508719334353871
2,4,0.25,4,2.0,0.46904015978806957
3,1,0.0,1,-0.0,0.33705710628843943
3,1,0.0,1,-0.0,0.499835738264091
2,5,0.2,5,2.321928094887362,0.5176906087842965
3,1,0.0,1,-0.0,0.4146421173854233
2,7,0.2857142857142857,6,2.5216406363433186,0.5174665114548667
3,1,0.0,1,-0.0,0.49375454838804067
4,1,1.0,1,-0.0,0.3887089463714952
3,1,0.0,1,-0.0,0.4389411879529782
3,1,0.0,1,-0.0,0.4596342973478516
3,1,0.0,1,-0.0,0.4180463305000738
2,3,0.3333333333333333,3,1.584962500721156,0.4024927243527387
3,1,0.0,1,-0.0,0.5003593003624678
3,1,0.0,1,-0.0,0.442606165251506
3,1,0.0,1,-0.0,0.35710719587990486
2,7,0.8571428571428571,2,0.5916727785823275,0.4182339086927803
3,4,0.25,4,2.0,0.46482106332208334
3,4,0.5,3,1.5,0.5079515015049356
2,9,0.3333333333333333,7,2.6416041678685933,0.5184387045370434
2,7,0.7142857142857143,3,1.1488348542809166,0.4135851317204654
3,2,0.0,2,1.0,0.4459522817474746
2,5,0.6,3,1.3709505944546687,0.450400421608978
3,3,0.3333333333333333,3,1.584962500721156,0.4460049462956247
3,3,0.3333333333333333,3,1.584962500721156,0.38423206594945264
3,1,1.0,1,-0.0,0.45732488410394023
4,1,0.0,1,-0.0,0.4769136756929374
2,2,0.0,2,1.0,0.41720569947110175
3,1,0.0,1,-0.0,0.4172423734812358
2,6,0.5,4,1.7924812503605778,0.4081684403094018
2,4,0.5,3,1.5,0.4309302874684994
2,6,0.5,4,1.7924812503605778,0.6039321103569781
3,1,0.0,1,-0.0,0.41157350512339785
2,3,0.3333333333333333,3,1.584962500721156,0.44859126044827785
2,8,0.375,6,2.4056390622295662,0.37746988695342587
3,1,1.0,1,-0.0,0.43052723487334166
2,10,0.5,6,2.1609640474436813,0.45694095623629405
3,2,0.5,2,1.0,0.3999587335588166
3,2,0.0,2,1.0,0.4381293805773701
3,1,0.0,1,-0.0,0.42502809799712643
3,1,1.0,1,-0.0,0.4586563233774243
2,8,0.625,4,1.5487949406953985,0.4474274168137591
3,1,0.0,1,-0.0,0.4273442919136287
3,1,1.0,1,-0.0,0.44014682293618324
3,1,0.0,1,-0.0,0.4928710468566083
3,2,0.5,2,1.0,0.4954077990341588
2,3,0.0,3,1.584962500721156,0.4053711926853988
2,6,0.3333333333333333,5,2.2516291673878226,0.4607889463362311
3,2,0.0,2,1.0,0.41764251243713424
2,3,1.0,1,-0.0,0.42996965091207845
3,3,0.3333333333333333,3,1.584962500721156,0.49566131635598987
2,7,0.2857142857142857,6,2.521640636343318,0.46755667017139324
3,1,1.0,1,-0.0,0.46448032937068773
2,9,0.5555555555555556,4,1.6577427265048887,0.4201606687523861
2,1,0.0,1,-0.0,0.47341559289511925
3,1,1.0,1,-0.0,0.5069610011280996
2,7,0.14285714285714285,7,2.807354922057604,0.49441376875483467
3,1,0.0,1,-0.0,0.46339402554730186
2,9,0.4444444444444444,6,2.2810361125534233,0.40049077530256144
3,1,1.0,1,-0.0,0.4974202916497497
2,7,0.5714285714285714,4,1.6644977792004614,0.44638909136815164
3,1,1.0,1,-0.0,0.414874470902013
3,3,0.3333333333333333,3,1.584962500721156,0.510533435628874
2,6,0.5,4,1.7924812503605778,0.47295741149864867
4,1,1.0,1,-0.0,0.38734417159075524
3,1,1.0,1,-0.0,0.3817103219590808
2,1,0.0,1,-0.0,0.41021238213460065
2,1,1.0,1,-0.0,0.4541299365663067
3,1,0.0,1,-0.0,0.4992325477193585
2,6,0.3333333333333333,5,2.2516291673878226,0.43454664465255266
3,1,0.0,1,-0.0,0.3885692122377527
3,1,0.0,1,-0.0,0.4455566279682394
2,5,0.4,4,1.9219280948873623,0.45285705332188214
3,1,1.0,1,-0.0,0.38780178440817864
3,1,0.0,1,-0.0,0.4682768544991325
2,6,0.5,4,1.7924812503605778,0.4922079360369053
1,28,0.5,13,2.760820318171659,0.4941226932797665
2,6,0.5,4,1.792481250360578,0.4967629851034766
2,8,0.25,7,2.75,0.405743531012308
3,1,1.0,1,-0.0,0.4107087469454395
2,7,0.42857142857142855,5,2.1280852788913944,0.44431696134734394
2,7,0.42857142857142855,5,2.128085278891394,0.540101678571847
3,3,1.0,1,-0.0,0.4765888248853548
3,1,0.0,1,-0.0,0.4335253620043628
3,2,0.5,2,1.0,0.48807827312775026
2,9,0.4444444444444444,5,2.058813890331201,0.4864870666734504
3,1,0.0,1,-0.0,0.44667620356822757
3,1,0.0,1,-0.0,0.4466252484485971
3,1,0.0,1,-0.0,0.43141463113868517
3,1,1.0,1,-0.0,0.45103690616102465
2,6,0.5,4,1.7924812503605778,0.43119806050865694
3,1,0.0,1,-0.0,0.4491657887079192
2,1,1.0,1,-0.0,0.3837717824790243
2,10,0.2,9,3.121928094887362,0.45139422540078855
2,3,0.0,3,1.584962500721156,0.45760289718530117
2,9,0.5555555555555556,5,1.8799649487271108,0.4189292816750887
2,5,0.2,5,2.321928094887362,0.48300192851850066
2,9,0.3333333333333333,7,2.6416041678685933,0.3768932690454343
2,13,0.6153846153846154,6,1.8542858719872461,0.4295546389276595
3,3,0.0,3,1.584962500721156,0.3906176246404488
2,7,0.42857142857142855,5,2.1280852788913944,0.46755335333617914
2,6,0.8333333333333334,2,0.6500224216483541,0.42625632852592393
2,6,0.5,3,1.4591479170272448,0.4632719465206507
2,6,0.3333333333333333,5,2.2516291673878226,0.43722944188044527
2,2,0.5,2,1.0,0.472024212165962
3,1,0.0,1,-0.0,0.4382232121629001
2,6,0.6666666666666666,3,1.2516291673878228,0.4012444049266101
2,3,1.0,1,-0.0,0.48554993343885555
3,1,0.0,1,-0.0,0.4588751354100817
3,3,0.0,3,1.584962500721156,0.42047490161165757
2,2,0.5,2,1.0,0.4703118801937226
3,3,0.3333333333333333,3,1.584962500721156,0.41966655197448094
2,9,0.3333333333333333,7,2.6416041678685933,0.3796438686657247
2,2,1.0,1,-0.0,0.40206020299481116
3,1,0.0,1,-0.0,0.4307782240796592
4,1,0.0,1,-0.0,0.5676723924354428
3,3,0.3333333333333333,3,1.584962500721156,0.40207220833485663
3,2,0.0,2,1.0,0.4649774345969986
3,1,0.0,1,-0.0,0.429755025960648
2,4,0.0,4,2.0,0.4287253087840582
3,1,1.0,1,-0.0,0.45161199501578103
2,6,0.6666666666666666,3,1.2516291673878228,0.4026219481551824
3,1,0.0,1,-0.0,0.5431348759027369
3,1,1.0,1,-0.0,0.4802210335248543
3,1,0.0,1,-0.0,0.4654342976187263
2,5,0.4,4,1.9219280948873623,0.46321458695015205
2,8,0.375,6,2.4056390622295662,0.4330259002368402
2,3,1.0,1,-0.0,0.5209885821278333
2,9,0.3333333333333333,6,2.4193819456463714,0.3766562893169084
3,1,1.0,1,-0.0,0.39913953935810775
3,1,0.0,1,-0.0,0.5004395627839432
4,1,1.0,1,-0.0,0.40993738147468406
2,6,0.5,4,1.7924812503605778,0.5194086543177953
3,1,1.0,1,-0.0,0.4942435299827041
2,10,0.7,4,1.3567796494470397,0.47558377429831017
3,1,0.0,1,-0.0,0.4417262390312592
3,3,0.0,3,1.584962500721156,0.4565613053910432
2,3,0.6666666666666666,2,0.9182958340544896,0.3969561890799189
2,7,0.2857142857142857,6,2.5216406363433186,0.48670508715342714
2,4,0.5,3,1.5,0.3795608086746975
3,1,0.0,1,-0.0,0.3845669515268829
2,3,0.3333333333333333,3,1.584962500721156,0.49268302516019197
4,1,0.0,1,-0.0,0.40237898774902897
2,8,0.375,6,2.4056390622295662,0.42715062393946795
2,6,0.8333333333333334,2,0.6500224216483541,0.5208802083742856
3,1,1.0,1,-0.0,0.49094486853524016
3,1,1.0,1,-0.0,0.44293427185965534
3,3,0.6666666666666666,2,0.9182958340544896,0.4492856421923781
3,2,0.5,2,1.0,0.4438295547403518
3,1,0.0,1,-0.0,0.47855247428923586
2,2,0.5,2,1.0,0.4965610361679626
2,5,0.4,4,1.9219280948873623,0.377745506342783
3,3,1.0,1,-0.0,0.5130827511954466
2,8,0.375,6,2.4056390622295662,0.5455515353515574
3,1,0.0,1,-0.0,0.42871180636588835
2,6,0.6666666666666666,3,1.2516291673878228,0.409546745091669
2,9,0.3333333333333333,6,2.4193819456463714,0.4202863692546652
3,1,0.0,1,-0.0,0.41835023447978537
3,1,0.0,1,-0.0,0.4607546772783894
4,1,1.0,1,-0.0,0.4437693887895395
2,6,0.5,4,1.7924812503605778,0.39689342318117266
2,5,0.8,2,0.7219280948873623,0.4086308853173874
3,1,1.0,1,-0.0,0.48476208924583514
4,1,1.0,1,-0.0,0.4731975849722311
3,2,0.5,2,1.0,0.4505052621087485
3,1,1.0,1,-0.0,0.4167658658790407
2,3,0.6666666666666666,2,0.9182958340544896,0.4261569811449904
3,1,1.0,1,-0.0,0.4189135151296144
2,2,0.5,2,1.0,0.535330416743783
3,2,0.5,2,1.0,0.43935047125547827
3,1,1.0,1,-0.0,0.36768184213243205
2,6,0.5,4,1.7924812503605778,0.4533507321413768
2,3,0.0,3,1.584962500721156,0.3608321763446664
2,2,0.0,2,1.0,0.5027000965793831
2,5,0.2,5,2.321928094887362,0.4407216536532124
2,5,1.0,1,-0.0,0.4560819920129333
2,3,0.6666666666666666,2,0.9182958340544896,0.3294027601055476
2,9,0.5555555555555556,5,1.8799649487271108,0.4599665014752596
2,5,0.0,5,2.321928094887362,0.46321458695015205
2,2,0.5,2,1.0,0.4463718521738896
3,2,0.5,2,1.0,0.4512329618156206
2,7,0.42857142857142855,5,2.1280852788913944,0.45427157347778346
3,1,1.0,1,-0.0,0.41160463112783663
2,4,0.5,3,1.5,0.4750078748132986
2,4,0.25,4,2.0,0.4910557183863105
2,7,0.42857142857142855,4,1.8423709931771086,0.4771059950757412
3,1,1.0,1,-0.0,0.462621994023948
2,3,1.0,1,-0.0,0.414874470902013
2,6,0.6666666666666666,3,1.2516291673878228,0.39074390277400284
3,1,0.0,1,-0.0,0.41623102657495065
4,1,1.0,1,-0.0,0.45230547681833017
3,1,0.0,1,-0.0,0.4895137380831507
2,5,0.2,5,2.321928094887362,0.40819292928154033
2,1,0.0,1,-0.0,0.4921760834023883
2,7,0.42857142857142855,5,2.1280852788913944,0.42754751672373725
3,2,0.5,2,1.0,0.4349004728987033
2,7,0.2857142857142857,6,2.5216406363433186,0.49494784934806774
3,1,1.0,1,-0.0,0.49668299329080534
3,1,0.0,1,-0.0,0.4167658658790407
3,1,0.0,1,-0.0,0.4723442567853275
2,7,0.5714285714285714,4,1.6644977792004614,0.567924242317933
2,5,0.0,5,2.321928094887362,0.46464540968728285
3,1,0.0,1,-0.0,0.4064663947814708
2,4,0.5,3,1.5,0.4566540239302693
3,1,1.0,1,-0.0,0.4423682367297602
3,3,0.3333333333333333,3,1.584962500721156,0.465466114795957
2,9,0.2222222222222222,8,2.94770277922009,0.4722932118161524
4,1,0.0,1,-0.0,0.35322114403304467
2,6,0.6666666666666666,3,1.2516291673878228,0.4339405167578425
2,5,0.2,4,1.9219280948873623,0.37972798732653185
2,6,0.5,4,1.7924812503605778,0.46330537807034733
3,5,0.2,5,2.321928094887362,0.40678842201900123
3,1,1.0,1,-0.0,0.45127187684968917
3,1,1.0,1,-0.0,0.41676586587904063
3,1,1.0,1,-0.0,0.39634895944907045
2,6,0.3333333333333333,5,2.2516291673878226,0.42982199291284057
3,2,0.5,2,1.0,0.4491555452864072
2,6,0.16666666666666666,6,2.584962500721156,0.44846863039335094
3,1,1.0,1,-0.0,0.3970274762065366
2,2,0.0,2,1.0,0.4035430536066648
2,2,0.5,2,1.0,0.42285779022852793
1,34,0.6176470588235294,13,2.3157373742399283,0.4867192554555298
3,1,1.0,1,-0.0,0.4912080359328328
4,1,1.0,1,-0.0,0.3879371334694695
2,4,0.5,3,1.5,0.38868599706300183
3,2,0.5,2,1.0,0.46401785089218267
3,1,0.0,1,-0.0,0.40574353101230803
2,2,0.5,2,1.0,0.39135165667348515
2,10,0.3,8,2.8464393446710154,0.4616687282898578
3,1,0.0,1,-0.0,0.4082234146877997
3,2,1.0,1,-0.0,0.485887129400882
2,8,0.25,7,2.75,0.4749797744970022
2,6,0.16666666666666666,6,2.584962500721156,0.4193439908678677
3,1,1.0,1,-0.0,0.46542997743663883
3,1,0.0,1,-0.0,0.5081357192208587
2,7,0.2857142857142857,6,2.5216406363433186,0.4771349918500215
2,7,0.7142857142857143,3,1.1488348542809166,0.4142727887467473
2,8,0.375,6,2.4056390622295662,0.439095221259455
3,2,0.0,2,1.0,0.4438827436566446
3,1,1.0,1,-0.0,0.4131336598090318
2,7,0.42857142857142855,5,2.128085278891394,0.46161417838853175
2,5,0.6,3,1.3709505944546687,0.45857449961797436
2,6,0.3333333333333333,5,2.2516291673878226,0.47969603924990006
3,2,0.0,2,1.0,0.4481869801422956
2,8,0.375,6,2.4056390622295662,0.5175685452381745
2,7,0.2857142857142857,6,2.5216406363433186,0.49570053516455514
3,1,1.0,1,-0.0,0.417522894385237
2,5,0.2,5,2.321928094887362,0.3876948556497259
3,1,0.0,1,-0.0,0.5079279486945051
3,1,1.0,1,-0.0,0.3944736186209215
3,2,0.0,2,1.0,0.435636974708023
2,3,0.3333333333333333,3,1.584962500721156,0.49442747764799455
2,4,0.5,3,1.5,0.45896030399729965
4,1,1.0,1,-0.0,0.48184742894896626
3,1,0.0,1,-0.0,0.5004161372914323
3,1,0.0,1,-0.0,0.4552482022473316
3,2,0.0,2,1.0,0.5184343481471891
3,1,1.0,1,-0.0,0.38763272849676544
3,1,0.0,1,-0.0,0.443314993831967
2,8,0.375,6,2.4056390622295662,0.4090740828873438
2,5,0.8,2,0.7219280948873623,0.3971906114563731
3,1,1.0,1,-0.0,0.49585723626317035
2,11,0.45454545454545453,7,2.4040097573248604,0.435098757860082
3,2,0.0,2,1.0,0.34449640212605315
2,7,0.5714285714285714,4,1.6644977792004614,0.44948061205271406
3,1,1.0,1,-0.0,0.4549845136257367
2,5,0.6,2,0.9709505944546686,0.3927314548939643
4,1,0.0,1,-0.0,0.4503413341153643
2,11,0.45454545454545453,6,2.2221915755066783,0.48664157224143884
3,1,1.0,1,-0.0,0.4653554431398251
3,1,0.0,1,-0.0,0.35923438598603585
2,5,0.6,3,1.3709505944546687,0.43982095247143194
2,7,0.14285714285714285,7,2.807354922057604,0.40153552941423654
2,2,0.5,2,1.0,0.49397282931835756
2,7,0.8571428571428571,2,0.5916727785823275,0.4553154721215854
2,5,0.6,3,1.3709505944546687,0.3933575369556993
3,1,0.0,1,-0.0,0.44715643240899366
2,5,0.4,4,1.9219280948873623,0.3959185747848037
2,10,0.6,5,1.7709505944546688,0.44115132862389395
3,1,0.0,1,-0.0,0.3779441100155976
3,1,0.0,1,-0.0,0.5415267113862084
2,9,0.4444444444444444,6,2.2810361125534233,0.48479988720441514
3,2,0.5,2,1.0,0.4632145869501521
2,1,0.0,1,-0.0,0.42091610408262736
2,8,0.625,4,1.5487949406953985,0.5491663591814353
2,6,0.3333333333333333,5,2.2516291673878226,0.470068873645362
3,1,0.0,1,-0.0,0.44407649341402516
3,1,1.0,1,-0.0,0.4745141127335599
2,6,0.8333333333333334,2,0.6500224216483541,0.41080492590147066
3,3,0.3333333333333333,3,1.584962500721156,0.5344610488993916
3,1,1.0,1,-0.0,0.46386865436844715
3,1,1.0,1,-0.0,0.44206335356322857
3,2,0.5,2,1.0,0.38269605580758087
3,1,0.0,1,-0.0,0.4736380706644401
2,6,0.5,4,1.7924812503605778,0.4708192580374636
2,5,0.4,4,1.9219280948873623,0.45431662827431013
2,7,0.2857142857142857,6,2.5216406363433186,0.4849427622209131
3,2,1.0,1,-0.0,0.40729648943659474
2,6,0.5,4,1.7924812503605778,0.42245522110957423
3,1,0.0,1,-0.0,0.4597647038072254
2,10,0.5,6,2.1609640474436813,0.44811153011345967
3,1,1.0,1,-0.0,0.43405204371323597
2,6,0.6666666666666666,3,1.2516291673878228,0.4790347519431324
2,5,0.6,3,1.3709505944546687,0.47221904121848557
2,2,0.5,2,1.0,0.4572113460152405
2,4,0.25,4,2.0,0.5327438914552004
2,3,0.3333333333333333,3,1.584962500721156,0.42661280348454733
3,1,0.0,1,-0.0,0.39942230297233855
2,3,0.3333333333333333,3,1.584962500721156,0.4396147248687588
3,1,1.0,1,-0.0,0.4834699017968629
2,7,0.2857142857142857,6,2.5216406363433186,0.43410516254270687
2,6,0.3333333333333333,5,2.2516291673878226,0.3330488850208506
3,4,0.75,2,0.8112781244591328,0.43888268004945014
2,5,0.0,5,2.321928094887362,0.5129118680859258
3,2,0.0,2,1.0,0.4036013305091497
3,2,0.0,2,1.0,0.3779724747098445
2,12,0.5,6,2.125814583693911,0.48539671128644024
2,7,0.42857142857142855,5,2.1280852788913944,0.514820432760308
3,1,1.0,1,-0.0,0.3975231711777916
3,1,0.0,1,-0.0,0.4063379812752766
3,1,1.0,1,-0.0,0.4439864033401822
3,1,1.0,1,-0.0,0.44943936936871015
2,7,0.42857142857142855,5,2.1280852788913944,0.3974238989251072
2,7,0.5714285714285714,4,1.6644977792004614,0.4952709533742843
2,1,0.0,1,-0.0,0.512386252120894
2,11,0.2727272727272727,8,2.8453509366224363,0.40805125680118154
3,1,0.0,1,-0.0,0.4241974773073503
2,5,0.4,4,1.9219280948873623,0.48264535375437545
4,1,1.0,1,-0.0,0.42970775704218106
4,2,0.0,2,1.0,0.43293172110488487
2,4,0.5,3,1.5,0.3861299940412507
3,1,1.0,1,-0.0,0.4125209557657938
3,1,1.0,1,-0.0,0.37399664169293656
2,7,0.5714285714285714,4,1.6644977792004614,0.39353946950420454
3,1,1.0,1,-0.0,0.34152947279997004
3,1,1.0,1,-0.0,0.34232368968033844
3,1,0.0,1,-0.0,0.42319144089783217
3,2,0.5,2,1.0,0.4173949945708107
2,1,1.0,1,-0.0,0.44012951495034514
2,6,0.3333333333333333,5,2.2516291673878226,0.476273303871135
3,1,0.0,1,-0.0,0.4523655583897149
4,1,0.0,1,-0.0,0.3394399240906323
2,4,0.0,4,2.0,0.5358124362377162
4,1,0.0,1,-0.0,0.47772738412088084
2,8,0.375,6,2.4056390622295662,0.43003629929205417
2,3,0.3333333333333333,3,1.584962500721156,0.4057574295531749
4,1,1.0,1,-0.0,0.4892224906166175
2,4,0.75,2,0.8112781244591328,0.4600533458376733
4,1,0.0,1,-0.0,0.454024539336283
3,1,0.0,1,-0.0,0.5414836997986686
2,3,1.0,1,-0.0,0.6039944670608266
2,4,0.5,3,1.5,0.4792566791879321
3,1,0.0,1,-0.0,0.3524871092698433
3,1,0.0,1,-0.0,0.4297781708961902
2,6,0.5,4,1.792481250360578,0.41391675837530906
2,2,0.0,2,1.0,0.4248876276946879
2,5,0.4,4,1.9219280948873623,0.41853084176342037
3,1,0.0,1,-0.0,0.44047321550021085
2,3,0.0,3,1.584962500721156,0.535761056538506
2,3,0.0,3,1.584962500721156,0.48896413665369076
3,1,0.0,1,-0.0,0.37783546339291313
2,4,0.75,2,0.8112781244591328,0.47637579312178524
3,1,0.0,1,-0.0,0.42340435459360265
3,1,1.0,1,-0.0,0.4566540239302693
3,1,0.0,1,-0.0,0.43124725461742835
3,2,0.0,2,1.0,0.43299893770430997
2,6,0.16666666666666666,5,2.2516291673878226,0.39653598541699353
2,5,0.2,5,2.321928094887362,0.33655047503301405
2,6,0.3333333333333333,5,2.2516291673878226,0.4926052832164405
3,1,0.0,1,-0.0,0.40079121861533584
4,1,0.0,1,-0.0,0.4626068020953953
2,5,0.4,4,1.9219280948873623,0.4673823059329468
2,11,0.7272727272727273,4,1.2776134368191154,0.4553865957839067
2,9,0.5555555555555556,5,1.8799649487271108,0.36932575009993746
3,1,1.0,1,-0.0,0.5258213337587548
2,5,0.4,4,1.9219280948873623,0.46491831516833193
2,8,0.5,5,2.0,0.45361158498966136
3,1,0.0,1,-0.0,0.44849933692551525
4,1,0.0,1,-0.0,0.478668481957405
2,6,0.16666666666666666,6,2.584962500721156,0.49570183823395914
3,1,0.0,1,-0.0,0.40248072018986536
3,1,0.0,1,-0.0,0.44164170757356586
2,2,0.0,2,1.0,0.4145130340087248
2,9,0.3333333333333333,7,2.6416041678685933,0.3983316413931852
3,1,0.0,1,-0.0,0.449527773795454
2,8,0.375,6,2.4056390622295662,0.5280205222234146
3,1,1.0,1,-0.0,0.39250311635306306
2,12,0.4166666666666667,8,2.617492461184755,0.42063573638379764
2,8,0.375,6,2.4056390622295662,0.5234969482565213
3,1,1.0,1,-0.0,0.4329000062592196
2,14,0.6428571428571429,6,1.7695459925589747,0.4079326369276347
3,4,0.5,3,1.5,0.42564718176730165
3,1,1.0,1,-0.0,0.566869044839462
3,2,0.0,2,1.0,0.46255187619635474
2,5,0.4,4,1.9219280948873623,0.41028622407772075
2,6,0.16666666666666666,6,2.584962500721156,0.4943666077592313
3,1,0.0,1,-0.0,0.47887646469396306
2,8,0.625,4,1.5487949406953985,0.48545038611146046
2,4,0.25,4,2.0,0.4510594896088033
2,1,0.0,1,-0.0,0.44942803384972596
3,1,0.0,1,-0.0,0.4378549208163708
3,1,1.0,1,-0.0,0.35756129095145195
2,2,0.5,2,1.0,0.4802802378316495
2,8,0.5,5,2.0,0.4145537567003586
2,5,0.2,5,2.321928094887362,0.45833923953396954
2,2,0.0,2,1.0,0.504748393606087
3,1,0.0,1,-0.0,0.5208551485726896
3,1,0.0,1,-0.0,0.43075576530806803
4,2,0.5,2,1.0,0.4296914118849486
2,5,0.6,3,1.3709505944546687,0.4417838440231512
3,1,0.0,1,-0.0,0.38494763684702465
2,6,0.6666666666666666,3,1.2516291673878228,0.5148723773634026
3,2,0.5,2,1.0,0.48035990012454444
3,1,1.0,1,-0.0,0.42241409358793064
2,4,0.25,4,2.0,0.4904361747686839
3,1,1.0,1,-0.0,0.41382257540624423
3,1,1.0,1,-0.0,0.4526875247727975
2,7,0.42857142857142855,5,2.1280852788913944,0.43045020295816305
2,6,0.5,4,1.7924812503605778,0.4774198846757874
2,6,0.6666666666666666,3,1.2516291673878228,0.435971903815488
3,1,1.0,1,-0.0,0.47187997323260966
3,1,0.0,1,-0.0,0.37491646288695296
3,2,0.0,2,1.0,0.4556559754592387
2,5,0.6,3,1.3709505944546687,0.46957496901606377
3,1,1.0,1,-0.0,0.36776232625503635
2,4,0.0,4,2.0,0.48964923253538895
3,1,0.0,1,-0.0,0.4007121960395498
3,2,0.0,2,1.0,0.3950954280450054
2,7,0.42857142857142855,5,2.1280852788913944,0.5096225902422603
3,1,1.0,1,-0.0,0.42768570208853257
3,2,0.5,2,1.0,0.4383810809592556
2,3,0.3333333333333333,3,1.584962500721156,0.49704190243606616
2,11,0.5454545454545454,6,2.049452072789394,0.463141712457796
2,11,0.36363636363636365,8,2.7321588913645702,0.3833757939688382
3,2,0.5,2,1.0,0.49330880873310007
2,5,0.8,2,0.7219280948873623,0.4593637971594067
2,2,0.0,2,1.0,0.40950628606157796
2,2,0.5,2,1.0,0.4717482177744027
2,7,0.42857142857142855,5,2.1280852788913944,0.4718930910324446
2,7,0.5714285714285714,4,1.6644977792004614,0.4477520840339453
2,5,0.6,3,1.3709505944546687,0.5562677603321569
2,8,0.25,7,2.75,0.43292245530381995
2,10,0.4,7,2.5219280948873624,0.3894003479514196
2,11,0.45454545454545453,7,2.4040097573248604,0.4216832053747645
2,7,0.42857142857142855,5,2.1280852788913944,0.4643104910573417
3,1,1.0,1,-0.0,0.43470031833410766
2,12,0.25,8,2.8553885422075336,0.4152259793293947
2,6,0.3333333333333333,5,2.251629167387823,0.441666084248494
2,5,0.8,2,0.7219280948873623,0.49817129640189695
3,3,0.3333333333333333,2,0.9182958340544896,0.5587013573451822
2,7,0.2857142857142857,6,2.5216406363433186,0.5173041689187332
3,1,0.0,1,-0.0,0.4180460622218518
2,7,0.5714285714285714,4,1.6644977792004614,0.5223647142812469
2,6,0.6666666666666666,3,1.2516291673878228,0.48052784350268224
2,6,0.6666666666666666,3,1.2516291673878228,0.511817234191388
3,2,0.5,2,1.0,0.43711652859904243
3,1,0.0,1,-0.0,0.4464731785173601
4,1,1.0,1,-0.0,0.4848411313295585
2,9,0.5555555555555556,5,1.8799649487271108,0.45607973857870776
2,8,0.625,4,1.5487949406953985,0.4277506010060243
3,1,0.0,1,-0.0,0.42409815255334665
2,9,0.5555555555555556,5,1.8799649487271108,0.5098912763058437
2,6,0.16666666666666666,6,2.584962500721156,0.46025457399855463
3,1,1.0,1,-0.0,0.47881757284699566
3,1,1.0,1,-0.0,0.41102739894163615
2,7,0.42857142857142855,4,1.8423709931771088,0.4776173060360133
2,5,0.8,2,0.7219280948873623,0.5031167217159994
2,13,0.38461538461538464,9,2.8073904508767225,0.36657867819448847
4,1,1.0,1,-0.0,0.3967181649877313
2,13,0.46153846153846156,7,2.353533948577482,0.422834066715536
3,2,1.0,1,-0.0,0.46927887830327397
2,4,0.25,4,2.0,0.47278391871413117
3,1,1.0,1,-0.0,0.4535733886824593
2,6,0.5,3,1.4591479170272448,0.372664808114343
3,1,1.0,1,-0.0,0.33635120042351596
3,4,0.0,4,2.0,0.5063522435718815
2,7,0.5714285714285714,4,1.6644977792004614,0.5368671398658688
3,2,0.5,2,1.0,0.4240138170797111
2,4,0.25,4,2.0,0.4221790829370397
3,2,0.5,2,1.0,0.42624174900232
3,1,0.0,1,-0.0,0.47032259635954077
2,8,0.625,4,1.5487949406953985,0.48334325440776466
4,1,1.0,1,-0.0,0.38387664167486163
2,5,0.4,4,1.9219280948873623,0.49044072015851525
3,1,0.0,1,-0.0,0.4284213938883489
2,10,0.6,5,1.7709505944546688,0.44046925681867727
2,5,0.0,4,1.9219280948873623,0.48947503066619624
2,9,0.5555555555555556,4,1.6577427265048887,0.5045577556755801
2,3,0.3333333333333333,3,1.584962500721156,0.44346195198519955
3,1,1.0,1,-0.0,0.4281746043354397
3,1,1.0,1,-0.0,0.4402338427525708
3,1,1.0,1,-0.0,0.46769361217190925
3,1,0.0,1,-0.0,0.43555180742730726
3,3,0.6666666666666666,2,0.9182958340544896,0.504092633197085
3,1,1.0,1,-0.0,0.4391060923041976
3,1,1.0,1,-0.0,0.4140900609674201
4,1,0.0,1,-0.0,0.42394131586210104
4,1,1.0,1,-0.0,0.4293077152665726
2,11,0.6363636363636364,5,1.6729330318733675,0.36152474841429344
3,1,1.0,1,-0.0,0.3692507709159694
2,2,0.0,2,1.0,0.47512184941933994
2,6,0.6666666666666666,3,1.2516291673878228,0.4530733731623254
3,1,1.0,1,-0.0,0.4190228470525604
2,3,0.6666666666666666,2,0.9182958340544896,0.5156383865726364
3,1,0.0,1,-0.0,0.47932036344214923
2,4,0.25,4,2.0,0.4312983078085831
2,2,0.0,2,1.0,0.6068794948755001
3,2,0.5,2,1.0,0.4413605402217956
2,7,0.42857142857142855,5,2.1280852788913944,0.4566356469837288
3,1,1.0,1,-0.0,0.36258831261382174
2,5,0.0,4,1.9219280948873623,0.49519101967094686
3,1,1.0,1,-0.0,0.3986208237504262
3,1,1.0,1,-0.0,0.4159194688399655
3,2,0.5,2,1.0,0.4724459224069429
2,3,0.3333333333333333,3,1.584962500721156,0.39027464398768397
2,8,0.375,6,2.4056390622295662,0.4293994479912129
2,6,0.0,6,2.584962500721156,0.4994717453081739
2,8,0.25,7,2.75,0.4853564050630365
2,7,0.2857142857142857,6,2.5216406363433186,0.4841679166843819
2,4,0.25,4,2.0,0.4975741553085577
3,1,0.0,1,-0.0,0.4213312074560599
3,4,0.5,3,1.5,0.42297099035430147
2,8,0.375,6,2.4056390622295662,0.4270017668876166
3,3,0.0,3,1.584962500721156,0.44827534317347895
2,13,0.38461538461538464,9,2.8073904508767225,0.4905420484401652
2,9,0.5555555555555556,4,1.6577427265048887,0.4090329346054143
3,1,0.0,1,-0.0,0.49946973196433525
2,7,0.5714285714285714,4,1.6644977792004614,0.45857449961797436
1,30,0.4,19,3.4729055953200563,0.5174211216800576
3,1,0.0,1,-0.0,0.4398074543663206
3,1,0.0,1,-0.0,0.42083256427986465
2,6,0.3333333333333333,5,2.2516291673878226,0.5451464393264193
2,7,0.42857142857142855,5,2.1280852788913944,0.41562868284852383
2,6,1.0,1,-0.0,0.4047226458463093
2,3,0.3333333333333333,3,1.584962500721156,0.37298611179462726
2,3,0.0,3,1.584962500721156,0.4302778712145457
3,1,0.0,1,-0.0,0.41003688128409
3,1,0.0,1,-0.0,0.48733244327992636
3,1,0.0,1,-0.0,0.3954179657127423
4,1,0.0,1,-0.0,0.47427554644870146
2,8,0.375,6,2.4056390622295662,0.4261970318755548
3,1,0.0,1,-0.0,0.4691073742299571
2,9,0.3333333333333333,7,2.6416041678685933,0.37247056501288556
4,1,0.0,1,-0.0,0.4590497714601111
3,2,0.0,2,1.0,0.5483847267247098
2,3,0.6666666666666666,2,0.9182958340544896,0.40102069436602766
4,1,0.0,1,-0.0,0.47850761129769476
3,1,1.0,1,-0.0,0.4305272348733417
2,4,0.5,3,1.5,0.4755478023016403
2,5,0.6,3,1.3709505944546687,0.39409978975852905
3,1,0.0,1,-0.0,0.4292021289312746
3,1,0.0,1,-0.0,0.44415152408175107
3,2,0.0,2,1.0,0.4272235776262446
3,1,0.0,1,-0.0,0.46505725462633246
3,1,0.0,1,-0.0,0.4607889463362311
2,5,0.4,4,1.9219280948873623,0.4226473788407637
2,6,0.8333333333333334,2,0.6500224216483541,0.3718243966452748
3,1,0.0,1,-0.0,0.41723418853308997
3,2,0.0,2,1.0,0.42057954767137007
2,11,0.2727272727272727,9,3.0271691184406184,0.44400504804670615
3,1,0.0,1,-0.0,0.47581688765273245
3,2,0.5,2,1.0,0.46123142243514587
2,10,0.3,8,2.8464393446710154,0.3493560325882757
3,2,0.5,2,1.0,0.46647334551935116
2,5,0.4,4,1.9219280948873623,0.48077376745726724
2,4,0.25,4,2.0,0.4071728263417113
3,1,1.0,1,-0.0,0.41514474922609196
3,1,0.0,1,-0.0,0.3869529841263522
3,1,1.0,1,-0.0,0.42948487235864297
2,5,0.6,3,1.3709505944546687,0.38494191609011946
3,1,1.0,1,-0.0,0.42943703243542264
2,6,0.8333333333333334,2,0.6500224216483541,0.4268945064591042
2,6,0.16666666666666666,6,2.584962500721156,0.46886803327845505
2,2,0.0,2,1.0,0.40083775055237486
2,7,0.7142857142857143,3,1.1488348542809166,0.4057686896395015
3,1,1.0,1,-0.0,0.5073723974823843
2,8,0.375,6,2.4056390622295662,0.5279324735274644
3,2,0.5,2,1.0,0.43170686992762475
2,6,0.0,6,2.584962500721156,0.4141369570743946
2,5,1.0,1,-0.0,0.5871357342295754
3,2,0.0,2,1.0,0.4570688375673481
4,1,1.0,1,-0.0,0.4121106288560099
3,2,0.0,2,1.0,0.446465816202534
2,6,0.5,4,1.7924812503605778,0.4723508988487125
2,6,0.3333333333333333,5,2.251629167387823,0.40876263335993984
2,6,0.5,4,1.7924812503605778,0.42082030989150254
2,4,0.5,3,1.5,0.46945900970776333
2,8,0.5,5,2.0,0.40371369237381316
3,1,1.0,1,-0.0,0.5116669219838547
2,8,0.5,5,2.0,0.47979003693356775
2,12,0.25,9,3.0220552088742,0.44632666730601656
2,6,0.5,4,1.7924812503605778,0.4712763912857555
3,4,0.5,3,1.5,0.43162750077653594
3,1,0.0,1,-0.0,0.44261618996801977
3,1,0.0,1,-0.0,0.47386789689707204
3,1,1.0,1,-0.0,0.4786212468200097
2,9,0.6666666666666666,4,1.4466166676282082,0.5131260988462659
3,1,0.0,1,-0.0,0.4220149722159402
2,9,0.6666666666666666,4,1.4466166676282082,0.4331583405332079
2,7,0.5714285714285714,4,1.6644977792004614,0.4307499203117975
3,1,1.0,1,-0.0,0.5459655862838432
2,12,0.4166666666666667,8,2.617492461184755,0.5229492391813746
3,2,1.0,1,-0.0,0.498841999705079
3,1,0.0,1,-0.0,0.42830064626786984
2,9,0.5555555555555556,5,1.8799649487271108,0.44736676595025154
3,1,0.0,1,-0.0,0.46107425950195446
4,1,0.0,1,-0.0,0.39957302015198964
2,4,0.75,2,0.8112781244591328,0.41621200953233367
3,1,1.0,1,-0.0,0.33656775898265445
2,7,0.2857142857142857,6,2.5216406363433186,0.36490060596275325
2,2,0.0,2,1.0,0.4219006334732098
3,3,0.3333333333333333,3,1.584962500721156,0.46564769696459496
3,1,0.0,1,-0.0,0.44245413801589645
2,2,0.5,2,1.0,0.5336097809179156
2,3,1.0,1,-0.0,0.5898127816375779
3,1,1.0,1,-0.0,0.4182339086927803
2,4,0.5,3,1.5,0.48619191880491586
3,2,0.5,2,1.0,0.33969459724241186
2,4,0.25,4,2.0,0.5027264088954438
2,4,0.25,4,2.0,0.46251883625884116
3,1,1.0,1,-0.0,0.4349219738461796
2,6,0.3333333333333333,5,2.2516291673878226,0.4297727933112041
2,5,0.8,2,0.7219280948873623,0.4889343270184511
3,1,1.0,1,-0.0,0.450906172996576
2,4,0.5,3,1.5,0.4210758919679144
3,1,1.0,1,-0.0,0.39741167238266784
2,3,0.6666666666666666,2,0.9182958340544896,0.49584619636799776
3,1,1.0,1,-0.0,0.4191478850387805
3,1,1.0,1,-0.0,0.47361009316677866
3,2,0.5,2,1.0,0.3889776089512537
2,9,0.4444444444444444,6,2.2810361125534233,0.47605489770319875
3,1,1.0,1,-0.0,0.4676004980570363
2,6,0.16666666666666666,6,2.584962500721156,0.46631456719054987
2,9,0.6666666666666666,4,1.4466166676282082,0.47818844372895475
3,2,0.0,2,1.0,0.46057582126256547
4,1,0.0,1,-0.0,0.38690621282170473
2,2,0.0,2,1.0,0.38453769263444426
2,6,0.3333333333333333,5,2.251629167387823,0.37901570339490065
2,9,0.5555555555555556,5,1.8799649487271108,0.4584311221399247
2,11,0.5454545454545454,6,2.049452072789394,0.49775588282695266
3,1,0.0,1,-0.0,0.4298517560379589
3,1,0.0,1,-0.0,0.40358705528042943
2,3,0.6666666666666666,2,0.9182958340544896,0.42053000700388643
2,2,0.0,2,1.0,0.36591153946286686
2,7,0.2857142857142857,5,2.2359263506290326,0.40939093098607815
2,5,0.4,4,1.9219280948873623,0.4585124281799039
2,6,0.5,4,1.7924812503605778,0.43312291918224277
2,5,0.4,4,1.9219280948873623,0.43493171229388733
2,5,0.4,4,1.9219280948873623,0.5290312701320752
2,10,0.6,5,1.7709505944546688,0.4634442520022941
3,1,1.0,1,-0.0,0.3427056162568931
2,7,0.2857142857142857,6,2.5216406363433186,0.4020267782332102
3,4,0.75,2,0.8112781244591328,0.4644260402044642
2,5,0.4,4,1.9219280948873623,0.46729298860966145
3,4,0.75,2,0.8112781244591328,0.43480036848315823
2,6,0.16666666666666666,6,2.584962500721156,0.5121873735421953
2,8,0.375,6,2.4056390622295662,0.4399859115980807
3,1,0.0,1,-0.0,0.3559424007972638
3,3,0.6666666666666666,2,0.9182958340544896,0.4133597694109519
2,4,0.75,2,0.8112781244591328,0.37492064131064984
3,1,1.0,1,-0.0,0.44441360674479224
3,2,1.0,1,-0.0,0.3991913589371474
3,1,1.0,1,-0.0,0.4360767800198639
3,1,0.0,1,-0.0,0.5204230766875079
2,5,0.4,4,1.9219280948873623,0.4378756488601004
2,7,0.42857142857142855,5,2.1280852788913944,0.39680049580484655
4,1,0.0,1,-0.0,0.44318298341004825
3,4,0.5,3,1.5,0.45800484723913343
3,1,1.0,1,-0.0,0.44583153525327196
2,6,0.5,4,1.7924812503605778,0.4507856097840709
2,4,0.75,2,0.8112781244591328,0.4583257432801265
2,4,0.25,4,2.0,0.4172562304912217
2,3,0.6666666666666666,2,0.9182958340544896,0.5070777261948239
2,3,0.3333333333333333,3,1.584962500721156,0.4849168424987983
2,2,0.0,2,1.0,0.40318970664493364
3,2,0.0,2,1.0,0.4815033872810338
3,1,1.0,1,-0.0,0.47654299622806096
2,11,0.6363636363636364,5,1.6729330318733675,0.4098450654491044
2,5,0.4,4,1.9219280948873623,0.4393996933461248
2,6,0.5,4,1.7924812503605778,0.572023479216083
2,4,0.75,2,0.8112781244591328,0.4471390742604769
4,1,0.0,1,-0.0,0.39907512354394625
3,1,1.0,1,-0.0,0.4268786265271843
3,1,0.0,1,-0.0,0.44673961512464977
2,6,0.16666666666666666,5,2.2516291673878226,0.45805747473859587
3,1,1.0,1,-0.0,0.4624476479782134
3,1,1.0,1,-0.0,0.4452338396929798
2,7,0.8571428571428571,2,0.5916727785823275,0.4298288922142592
3,2,0.5,2,1.0,0.37895922756488687
2,3,0.0,3,1.584962500721156,0.39972928950471276
3,2,0.0,2,1.0,0.44129000197953994
2,2,1.0,1,-0.0,0.4929337687498899
2,6,0.3333333333333333,5,2.2516291673878226,0.47124504255187105
2,2,0.5,2,1.0,0.3579513261576198
2,7,0.7142857142857143,3,1.1488348542809166,0.47545302898306513
2,5,0.6,3,1.3709505944546687,0.5479695464392421
4,1,1.0,1,-0.0,0.426326794792615
2,3,0.3333333333333333,3,1.584962500721156,0.41214858396604703
2,13,0.46153846153846156,8,2.5073801024236357,0.41620208635151595
3,1,0.0,1,-0.0,0.4720102775325276
3,1,1.0,1,-0.0,0.4031799165392294
2,5,0.6,3,1.3709505944546687,0.5505406621589987
3,1,1.0,1,-0.0,0.40883542599967587
3,3,0.6666666666666666,2,0.9182958340544896,0.4205046837172451
3,1,0.0,1,-0.0,0.4535342260743822
2,5,0.4,4,1.9219280948873623,0.39071411109020676
3,2,0.0,2,1.0,0.6137039893758126
2,3,0.3333333333333333,3,1.584962500721156,0.3747257576337533
3,1,0.0,1,-0.0,0.4103119990780481
3,1,1.0,1,-0.0,0.46015092647030537
2,8,0.375,5,2.1556390622295662,0.46664124879055224
3,1,0.0,1,-0.0,0.4527664248147905
3,1,0.0,1,-0.0,0.4321599058747461
3,1,1.0,1,-0.0,0.41371504239772583
3,1,0.0,1,-0.0,0.42319144089783206
3,1,0.0,1,-0.0,0.39791293661717586
2,11,0.6363636363636364,5,1.6729330318733675,0.4596873295035461
3,1,0.0,1,-0.0,0.4358441088582903
2,4,0.75,2,0.8112781244591328,0.45218765750604323
2,8,0.625,4,1.5487949406953985,0.4580048472391335
3,2,0.0,2,1.0,0.42184568526600225
3,2,0.5,2,1.0,0.38226046601049557
2,6,0.5,4,1.7924812503605778,0.4671083685724426
2,3,0.6666666666666666,2,0.9182958340544896,0.4090904325145583
3,1,0.0,1,-0.0,0.4883487219325969
3,2,0.5,2,1.0,0.3241885125972033
2,4,0.75,2,0.8112781244591328,0.4707113433949337
2,10,0.5,6,2.1609640474436813,0.4543127671662442
3,1,1.0,1,-0.0,0.5069043010033458
3,2,0.5,2,1.0,0.43652265880636115
2,5,0.8,2,0.7219280948873623,0.42042150821016117
2,4,0.25,4,2.0,0.4323630218841095
2,10,0.3,8,2.8464393446710154,0.35590339695917883
3,1,0.0,1,-0.0,0.5075524949682448
2,5,0.8,2,0.7219280948873623,0.5658585153026621
2,9,0.3333333333333333,7,2.6416041678685933,0.45165384914288437
2,5,0.2,5,2.321928094887362,0.41716707680088105
2,4,0.5,3,1.5,0.4053616496806986
3,1,0.0,1,-0.0,0.376024152135402
2,10,0.4,7,2.5219280948873624,0.5335398410466258
2,6,0.5,3,1.4591479170272448,0.44708369163587264
3,1,1.0,1,-0.0,0.4281949490399672
3,3,0.6666666666666666,2,0.9182958340544896,0.48705945174340814
3,1,0.0,1,-0.0,0.44864952764199884
2,4,0.25,4,2.0,0.5223670195672439
2,4,1.0,1,-0.0,0.44776100463474894
2,4,0.25,4,2.0,0.47572523431310704
2,10,0.4,7,2.5219280948873624,0.49183198744930645
3,2,0.5,2,1.0,0.5187468760801557
2,4,0.5,3,1.5,0.39758409612800744
2,8,0.375,6,2.4056390622295662,0.3719995216340649
2,3,0.6666666666666666,2,0.9182958340544896,0.46392380344762296
3,1,0.0,1,-0.0,0.4943255332842942
3,1,1.0,1,-0.0,0.4967169077123096
2,4,0.5,3,1.5,0.40214871679733105
2,6,0.6666666666666666,3,1.2516291673878228,0.4678831154254899
3,1,1.0,1,-0.0,0.48466369057389347
2,8,0.375,6,2.4056390622295662,0.4633827248537104
3,1,0.0,1,-0.0,0.4083660143284134
3,1,1.0,1,-0.0,0.4771907647373739
3,1,1.0,1,-0.0,0.4941318283426615
2,5,0.2,5,2.321928094887362,0.4221081607081269
3,1,0.0,1,-0.0,0.42530896902341525
2,7,0.2857142857142857,6,2.5216406363433186,0.4510004550503972
3,1,0.0,1,-0.0,0.45604669308019047
3,1,0.0,1,-0.0,0.5177404815342136
2,8,0.5,5,2.0,0.4775177440986722
2,13,0.5384615384615384,7,2.1887870678023824,0.49147324496951694
3,1,1.0,1,-0.0,0.4229140896376777
2,7,0.5714285714285714,4,1.6644977792004614,0.5235080487264947
2,9,0.3333333333333333,7,2.6416041678685933,0.4241974773073503
3,1,0.0,1,-0.0,0.42044788617211853
3,1,0.0,1,-0.0,0.4460475883093623
3,1,1.0,1,-0.0,0.5050375042048035
3,2,0.0,2,1.0,0.4263183647379107
2,3,0.6666666666666666,2,0.9182958340544896,0.5153600931502899
2,9,0.6666666666666666,4,1.4466166676282082,0.41725345226316485
3,1,0.0,1,-0.0,0.42504319259287116
2,5,0.4,4,1.9219280948873623,0.44435630622979455
3,1,1.0,1,-0.0,0.3807220914319911
2,14,0.5714285714285714,5,1.8073549220576042,0.4386284518416292
2,9,0.4444444444444444,5,2.058813890331201,0.47033611020708566
2,8,0.375,6,2.4056390622295662,0.45904977146011117
2,6,0.3333333333333333,5,2.2516291673878226,0.4450163520055789
3,4,0.25,4,2.0,0.40858990071378093
3,1,0.0,1,-0.0,0.4572101054388045
3,1,0.0,1,-0.0,0.4191343146779931
2,2,0.5,2,1.0,0.4367111568565227
2,3,0.6666666666666666,2,0.9182958340544896,0.3494631042074517
2,5,0.2,5,2.321928094887362,0.47895010481680306
3,3,0.3333333333333333,3,1.584962500721156,0.44079955817566496
2,7,0.42857142857142855,5,2.1280852788913944,0.44653683917772385
2,7,0.42857142857142855,5,2.1280852788913944,0.527492442415122
2,10,0.4,7,2.5219280948873624,0.4576028971853012
3,1,0.0,1,-0.0,0.41246289024457966
3,1,1.0,1,-0.0,0.4453480049344264
2,4,0.75,2,0.8112781244591328,0.440202314078985
2,3,0.3333333333333333,3,1.584962500721156,0.43242633608486103
2,6,0.0,6,2.584962500721156,0.4023378710328332
2,2,0.5,2,1.0,0.44555850566795624
3,1,0.0,1,-0.0,0.4590497714601111
3,2,0.5,2,1.0,0.4091554460483282
3,2,0.0,2,1.0,0.4547586322043609
3,1,1.0,1,-0.0,0.5492483647829768
2,8,0.375,6,2.4056390622295662,0.40425580558673
4,1,1.0,1,-0.0,0.49705255204335885
3,1,1.0,1,-0.0,0.4281353387056169
2,7,0.2857142857142857,6,2.5216406363433186,0.4468006929245342
3,1,0.0,1,-0.0,0.47903475194313233
3,4,0.5,3,1.5,0.3844987343351535
2,11,0.2727272727272727,8,2.8453509366224363,0.4395416912422084
2,7,0.2857142857142857,4,1.950212064914747,0.4747090341216494
3,3,0.6666666666666666,2,0.9182958340544896,0.46009664134182826
2,4,0.0,4,2.0,0.4278050504777287
3,1,1.0,1,-0.0,0.4083029526103593
3,3,0.0,3,1.584962500721156,0.4764121977425577
2,8,0.5,5,2.0,0.5611978933693373
2,7,0.42857142857142855,5,2.1280852788913944,0.41939833527678794
3,1,0.0,1,-0.0,0.5227525297222926
3,1,0.0,1,-0.0,0.5128933030685923
2,5,0.8,2,0.7219280948873623,0.3477369693167606
2,7,0.5714285714285714,4,1.6644977792004614,0.40302951453146585
2,3,0.0,3,1.584962500721156,0.38474007995386833
3,2,0.5,2,1.0,0.5360013796431631
2,4,0.5,3,1.5,0.49280269595215126
2,7,0.5714285714285714,4,1.6644977792004614,0.44408351812844776
2,5,0.4,4,1.9219280948873623,0.4367104111021533
3,1,1.0,1,-0.0,0.38648348090902906
3,1,0.0,1,-0.0,0.38476934912114785
3,2,0.5,2,1.0,0.5290571361781524
2,5,1.0,1,-0.0,0.4299318384298329
3,1,0.0,1,-0.0,0.44948061205271406
3,1,1.0,1,-0.0,0.42847061711549816
3,1,1.0,1,-0.0,0.35185701905748257
3,2,0.5,2,1.0,0.46750937830197764
3,1,0.0,1,-0.0,0.33505520822810114
2,4,1.0,1,-0.0,0.4616287125007783
2,10,0.4,7,2.5219280948873624,0.4676155505679589
2,3,0.0,3,1.584962500721156,0.4505797170416281
2,5,0.0,5,2.321928094887362,0.4794602084389409
2,7,0.2857142857142857,6,2.521640636343318,0.3846199016283968
3,1,0.0,1,-0.0,0.4540366466753216
2,1,1.0,1,-0.0,0.4274682160311798
3,1,0.0,1,-0.0,0.5278928617292518
3,2,0.5,2,1.0,0.4193976260072358
3,1,0.0,1,-0.0,0.47229321181615247
3,2,1.0,1,-0.0,0.43309865087365884
3,1,0.0,1,-0.0,0.4113464936392886
2,7,0.2857142857142857,6,2.5216406363433186,0.4859884123928586
2,9,0.3333333333333333,7,2.6416041678685933,0.41678167396800814
3,2,0.5,2,1.0,0.3814757594557504
2,3,0.3333333333333333,3,1.584962500721156,0.4087720673835309
3,2,0.0,2,1.0,0.46228424041332516
3,1,1.0,1,-0.0,0.4537647385288499
3,2,1.0,1,-0.0,0.41913431467799306
2,5,0.6,3,1.3709505944546687,0.5281935286853419
3,1,0.0,1,-0.0,0.4351490708726847
2,8,0.25,6,2.5,0.4175509599405403
3,1,0.0,1,-0.0,0.45353422607438215
2,2,0.0,2,1.0,0.45488135342564767
2,3,0.0,3,1.584962500721156,0.4467975613703071
2,7,0.2857142857142857,6,2.5216406363433186,0.47171428519953745
2,6,0.5,4,1.7924812503605778,0.41611453928444675
2,5,0.4,4,1.9219280948873623,0.41454247082843193
2,3,0.3333333333333333,3,1.584962500721156,0.4754635046022468
2,1,1.0,1,-0.0,0.43293172110488487
3,1,0.0,1,-0.0,0.4141827480688197
2,8,0.375,6,2.4056390622295662,0.42039222299153517
2,4,0.75,2,0.8112781244591328,0.4128662382741899
3,1,1.0,1,-0.0,0.3878915136256914
3,2,0.0,2,1.0,0.4274682160311798
3,1,0.0,1,-0.0,0.4626946027078153
3,1,0.0,1,-0.0,0.40492581592944843
3,2,0.5,2,1.0,0.4587802664841663
2,6,1.0,1,-0.0,0.5218235065299003
3,1,0.0,1,-0.0,0.4583427425540241
2,2,0.5,2,1.0,0.34928174667906675
3,1,0.0,1,-0.0,0.41274843457311955
3,1,0.0,1,-0.0,0.4684585684818844
3,2,0.5,2,1.0,0.46367544661319154
2,5,0.4,4,1.9219280948873623,0.546091870016767
3,2,1.0,1,-0.0,0.4413367615480453
2,11,0.8181818181818182,3,0.8658566174572235,0.3762901343802505
3,1,0.0,1,-0.0,0.46631456719054987
3,1,1.0,1,-0.0,0.4184594555270207
2,3,0.3333333333333333,3,1.584962500721156,0.4139901827220265
2,10,0.5,6,2.1609640474436813,0.44599360323654164
3,1,1.0,1,-0.0,0.47107188030133723
3,2,0.0,2,1.0,0.397938204840206
2,11,0.2727272727272727,9,3.0271691184406184,0.39793820484020603
4,1,1.0,1,-0.0,0.4809688533214664
2,9,0.4444444444444444,6,2.2810361125534233,0.4342045352568893
3,1,0.0,1,-0.0,0.45871199697488496
3,1,1.0,1,-0.0,0.38510726398925693
4,1,0.0,1,-0.0,0.39329398599697635
3,1,1.0,1,-0.0,0.4428165962365759
3,2,1.0,1,-0.0,0.47657058852002965
2,6,0.16666666666666666,6,2.584962500721156,0.45745018363538337
3,1,1.0,1,-0.0,0.43134176273775
2,2,0.5,2,1.0,0.3955454252455123
2,5,0.4,4,1.9219280948873623,0.4632293550631407
3,2,0.0,2,1.0,0.39823163305630815
2,3,0.6666666666666666,2,0.9182958340544896,0.5459921805897787
3,1,0.0,1,-0.0,0.43366924812430824
2,7,0.5714285714285714,3,1.3787834934861753,0.4630536291133381
2,3,0.3333333333333333,3,1.584962500721156,0.45068382007899016
3,2,0.5,2,1.0,0.4598988383689549
3,1,1.0,1,-0.0,0.49578286078349215
3,1,0.0,1,-0.0,0.43299893770430997
3,1,0.0,1,-0.0,0.3886859193565728
2,5,0.4,4,1.9219280948873623,0.39378494240380035
3,1,1.0,1,-0.0,0.44354986196586216
2,4,0.5,3,1.5,0.512840918642677
2,7,0.2857142857142857,5,2.2359263506290326,0.4940722014412457
3,2,1.0,1,-0.0,0.4557369024244894
2,2,0.5,2,1.0,0.4927755287726185
3,1,0.0,1,-0.0,0.4319731894043244
3,1,0.0,1,-0.0,0.4089119201339719
2,7,0.5714285714285714,4,1.6644977792004614,0.4449034316061454
2,8,0.625,4,1.5487949406953985,0.4316793965773124
3,2,0.5,2,1.0,0.39955868946430384
2,2,0.5,2,1.0,0.4986711111703706
2,10,0.6,5,1.7709505944546688,0.40443963175446285
2,11,0.45454545454545453,7,2.40400975732486,0.45381574238486955
2,8,0.25,7,2.75,0.43783546116559346
2,9,0.5555555555555556,5,1.8799649487271108,0.40666751722995587
2,8,0.75,3,1.061278124459133,0.4498166872503072
2,3,0.3333333333333333,3,1.584962500721156,0.4941763675085538
3,2,1.0,1,-0.0,0.43057479956754074
2,2,0.0,2,1.0,0.4613318332202773
2,5,0.6,3,1.3709505944546687,0.5022928279368534
2,2,0.0,2,1.0,0.49314056846837184
3,1,1.0,1,-0.0,0.4129285914037212
4,1,1.0,1,-0.0,0.4029793317388014
3,3,0.0,3,1.584962500721156,0.44291105364742045
3,2,0.5,2,1.0,0.4293479430286484
2,2,1.0,1,-0.0,0.4386149748932791
4,1,0.0,1,-0.0,0.4692634168089226
3,1,1.0,1,-0.0,0.3688905554778405
2,3,0.6666666666666666,2,0.9182958340544896,0.5362086251417316
2,10,0.7,4,1.3567796494470397,0.4941763675085537
2,4,0.25,4,2.0,0.35569864045522265
3,2,0.5,2,1.0,0.421761434332688
2,4,0.5,3,1.5,0.4496706634100058
2,6,0.3333333333333333,5,2.2516291673878226,0.3834273750800228
2,7,0.2857142857142857,6,2.521640636343318,0.5060296237692554
3,1,0.0,1,-0.0,0.40835458486782833
2,9,0.5555555555555556,5,1.8799649487271108,0.3884144028961547
2,6,0.3333333333333333,5,2.2516291673878226,0.41211273877646887
2,4,0.25,4,2.0,0.4462825058695393
2,6,0.16666666666666666,6,2.584962500721156,0.4416731884743259
2,13,0.46153846153846156,8,2.5073801024236357,0.5579146935895533
3,1,0.0,1,-0.0,0.43166168209214706
3,1,0.0,1,-0.0,0.45930458941422425
2,4,0.5,3,1.5,0.4135659091574931
3,2,1.0,1,-0.0,0.5204456520526726
3,1,0.0,1,-0.0,0.45527003960337914
3,3,0.6666666666666666,2,0.9182958340544896,0.42170239183899655
2,8,0.5,5,2.0,0.487919653610406
2,2,0.5,2,1.0,0.39619101369295845
2,4,0.75,2,0.8112781244591328,0.4366749418926392
4,1,0.0,1,-0.0,0.5004708262133397
3,1,0.0,1,-0.0,0.4453583296852962
2,9,0.3333333333333333,6,2.4193819456463714,0.40331617720727103
3,2,0.0,2,1.0,0.5251083047724671
2,4,0.5,3,1.5,0.5795533563522226
3,1,1.0,1,-0.0,0.4842164531754239
3,1,1.0,1,-0.0,0.4265301058872686
4,1,1.0,1,-0.0,0.4533507321413767
3,2,1.0,1,-0.0,0.4520796216810373
3,1,0.0,1,-0.0,0.4186514723054667
2,7,0.42857142857142855,5,2.1280852788913944,0.47256661150778556
3,1,1.0,1,-0.0,0.5604382019740017
3,1,0.0,1,-0.0,0.49739798158274606
2,6,0.8333333333333334,2,0.6500224216483541,0.4763610269242984
3,3,0.6666666666666666,2,0.9182958340544896,0.4206756349073741
4,1,1.0,1,-0.0,0.4639726926768317
2,6,0.6666666666666666,3,1.2516291673878228,0.4432460563794902
3,1,0.0,1,-0.0,0.4306316748712505
1,26,0.46153846153846156,15,3.045841640885173,0.5110645680450241
2,6,0.6666666666666666,3,1.2516291673878228,0.4550105269225812
2,6,0.3333333333333333,4,1.9182958340544896,0.4455710349773299
3,1,0.0,1,-0.0,0.45532580685825713
3,2,0.5,2,1.0,0.423460129192718
3,2,0.0,2,1.0,0.40989288999674056
3,1,1.0,1,-0.0,0.4855446750492025
5,1,0.0,1,-0.0,0.39091924113532817
3,2,0.0,2,1.0,0.48801968704738574
2,6,0.5,4,1.7924812503605778,0.454107772226723
3,1,0.0,1,-0.0,0.46221887239330617
2,11,0.36363636363636365,7,2.550340709546388,0.26160845542549793
2,10,0.4,7,2.5219280948873624,0.3985077924222104
3,1,1.0,1,-0.0,0.4384044486460353
2,4,0.5,3,1.5,0.45244465959507074
2,11,0.45454545454545453,6,2.2221915755066783,0.5092396623205484
2,2,0.0,2,1.0,0.45050500584754816
3,1,1.0,1,-0.0,0.40876538664404943
2,5,0.0,5,2.321928094887362,0.43989053357513075
2,8,0.0,6,2.5,0.39604241881575275
2,8,0.625,4,1.5487949406953985,0.37144784663150116
2,9,0.3333333333333333,7,2.6416041678685933,0.4196900607680825
3,2,0.5,2,1.0,0.45259368178742726
2,1,0.0,1,-0.0,0.3610675109059523
3,1,0.0,1,-0.0,0.4727841274990333
2,7,0.42857142857142855,5,2.1280852788913944,0.389044310710152
2,8,0.5,5,2.0,0.4956726508839556
3,1,0.0,1,-0.0,0.3544040893821176
3,4,0.75,2,0.8112781244591328,0.47370653413954583
3,2,0.5,2,1.0,0.47887646469396306
4,1,1.0,1,-0.0,0.4361812280261801
4,1,1.0,1,-0.0,0.3582885123973967
2,4,0.5,3,1.5,0.44871970303558245
2,7,0.7142857142857143,3,1.1488348542809166,0.38270448600806956
2,6,0.5,4,1.792481250360578,0.4578196292020258
2,5,0.6,3,1.3709505944546687,0.43344300203957614
3,1,0.0,1,-0.0,0.429594960850595
3,1,0.0,1,-0.0,0.5083871712256924
2,4,0.25,4,2.0,0.4308868567044641
3,1,1.0,1,-0.0,0.42927288665524393
3,1,0.0,1,-0.0,0.5015869846361525
3,1,1.0,1,-0.0,0.4697015462629568
2,8,0.5,5,2.0,0.45896030399729965
3,1,0.0,1,-0.0,0.3945224057031979
3,1,0.0,1,-0.0,0.4680980970333338
2,6,0.16666666666666666,6,2.584962500721156,0.4111343943081006
3,1,0.0,1,-0.0,0.42560470786851284
2,7,0.5714285714285714,4,1.6644977792004614,0.423912394607323
3,1,0.0,1,-0.0,0.4356857379655983
3,2,0.5,2,1.0,0.47562667978738965
3,3,0.3333333333333333,3,1.584962500721156,0.5266948532422003
2,2,0.0,2,1.0,0.4691225727971875
3,1,0.0,1,-0.0,0.42756643435817626
3,1,1.0,1,-0.0,0.4894530234038264
3,1,0.0,1,-0.0,0.4300882596153808
2,6,0.5,4,1.7924812503605778,0.532335248298374
3,1,0.0,1,-0.0,0.40941781168987473
2,3,0.3333333333333333,3,1.584962500721156,0.4281326428184842
3,1,1.0,1,-0.0,0.3579400187281481
2,8,0.375,6,2.4056390622295662,0.4106974633662656
2,4,0.5,3,1.5,0.49648063714258445
2,6,0.3333333333333333,5,2.2516291673878226,0.43144441308169357
3,1,0.0,1,-0.0,0.4140900609674202
2,2,1.0,1,-0.0,0.42057657346866334
2,4,0.25,4,2.0,0.4641397731622563
3,2,0.0,2,1.0,0.43252404622066004
3,2,0.5,2,1.0,0.47371629148103456
3,1,0.0,1,-0.0,0.49506320912162444
3,2,1.0,1,-0.0,0.41498441130920893
3,1,0.0,1,-0.0,0.4169599378510241
2,1,1.0,1,-0.0,0.49584480195119157
2,10,0.8,3,0.9219280948873623,0.4441515240817511
2,8,0.75,3,1.061278124459133,0.47253229234410793
3,1,0.0,1,-0.0,0.47961665790830477
3,1,0.0,1,-0.0,0.45975943345841286
2,3,0.6666666666666666,2,0.9182958340544896,0.44491124767533485
2,8,0.625,4,1.5487949406953985,0.3874253339688762
2,4,0.75,2,0.8112781244591328,0.4472104522444383
2,8,0.5,5,2.0,0.44569964748702634
3,1,1.0,1,-0.0,0.44106977694460897
3,1,0.0,1,-0.0,0.51369461161231
3,1,1.0,1,-0.0,0.47175011764548586
4,1,0.0,1,-0.0,0.4109462567711722
3,2,0.5,2,1.0,0.4027873938644802
2,6,0.6666666666666666,3,1.2516291673878228,0.49091240340286413
3,2,1.0,1,-0.0,0.4537850149676906
2,8,0.75,3,1.061278124459133,0.45034861594838094
3,1,0.0,1,-0.0,0.4350257404168452
2,5,0.4,4,1.9219280948873623,0.4453602405578839
2,8,0.625,4,1.5487949406953985,0.4026294993244632
2,5,0.6,3,1.3709505944546687,0.44098857799614455
2,11,0.45454545454545453,6,2.2221915755066783,0.43050008444168414
3,1,1.0,1,-0.0,0.41945302500364146
2,7,0.42857142857142855,5,2.1280852788913944,0.4511714114056304
2,4,0.5,3,1.5,0.4810800110641709
2,10,0.6,5,1.7709505944546688,0.4103109597179028
2,8,0.375,6,2.4056390622295662,0.4292021289312746
2,2,0.0,2,1.0,0.5539736486331952
2,5,0.4,4,1.9219280948873623,0.4631665223740117
3,1,1.0,1,-0.0,0.4318035205868377
2,7,0.2857142857142857,6,2.5216406363433186,0.33397452491740476
2,5,0.4,4,1.9219280948873623,0.4478513393381787
4,1,1.0,1,-0.0,0.4481490359783174
3,1,0.0,1,-0.0,0.42935344616950505
3,1,0.0,1,-0.0,0.4916247540655903
3,1,1.0,1,-0.0,0.4538052035238063
4,1,1.0,1,-0.0,0.544622243783968
2,5,0.2,5,2.321928094887362,0.39886501448757306
3,2,0.0,2,1.0,0.4549845136257369
3,2,0.5,2,1.0,0.47357263131338845
2,8,0.5,5,2.0,0.44601218136510806
3,2,0.5,2,1.0,0.42185952848435454
3,2,0.0,2,1.0,0.3778354633929132
2,6,0.8333333333333334,2,0.6500224216483541,0.44254569837683116
2,5,0.2,5,2.321928094887362,0.5818502378190039
2,5,0.6,3,1.3709505944546687,0.382638628533712
3,1,1.0,1,-0.0,0.4520368918976233
2,10,0.4,7,2.5219280948873624,0.39333348831132897
3,1,0.0,1,-0.0,0.48910213673305447
3,3,0.3333333333333333,3,1.584962500721156,0.5142902168188465
3,1,1.0,1,-0.0,0.5336637648263232
2,3,0.6666666666666666,2,0.9182958340544896,0.46392989741479707
3,1,0.0,1,-0.0,0.5214752834303832
3,1,0.0,1,-0.0,0.4200205707464997
2,10,0.6,5,1.7709505944546688,0.47363807066444
2,6,0.3333333333333333,4,1.9182958340544893,0.2906214201967548
2,9,0.5555555555555556,5,1.879964948727111,0.47484849967095116
3,2,0.0,2,1.0,0.4333647720130674
2,9,0.5555555555555556,5,1.8799649487271108,0.4987572554551855
2,3,0.6666666666666666,2,0.9182958340544896,0.46887798135327985
3,1,0.0,1,-0.0,0.39254127147305923
2,8,0.25,6,2.5,0.49375270976279817
3,1,0.0,1,-0.0,0.4130219485908239
3,1,0.0,1,-0.0,0.37944228260679524
2,8,0.375,6,2.4056390622295662,0.42507320592037656
2,2,0.0,2,1.0,0.533679460884678
3,3,0.6666666666666666,2,0.9182958340544896,0.522946972901901
2,5,0.6,3,1.3709505944546687,0.37566092246908817
2,3,0.0,3,1.584962500721156,0.41196923876454833
3,1,1.0,1,-0.0,0.41422141239856664
4,1,0.0,1,-0.0,0.45197375804915824
2,8,0.625,4,1.5487949406953985,0.4284702896487409
2,9,0.3333333333333333,7,2.6416041678685933,0.4959529237361882
3,2,0.5,2,1.0,0.528111534957849
3,1,0.0,1,-0.0,0.34606555350596746
3,1,0.0,1,-0.0,0.5816433931579866
2,4,0.5,3,1.5,0.46710836857244264
2,3,0.0,3,1.584962500721156,0.4051588435378977
2,6,0.6666666666666666,3,1.2516291673878228,0.4813485896723619
2,4,0.75,2,0.8112781244591328,0.5315455070792292
3,2,0.5,2,1.0,0.5280419254262549
3,2,0.5,2,1.0,0.454065893769537
4,1,1.0,1,-0.0,0.4102125240619856
2,2,0.5,2,1.0,0.38807170285837
2,5,0.8,2,0.7219280948873623,0.5588529729285096
3,1,1.0,1,-0.0,0.43757184125697896
2,2,1.0,1,-0.0,0.4540072867781528
3,1,0.0,1,-0.0,0.42680971391523215
3,1,0.0,1,-0.0,0.5045848455140906
2,6,0.5,4,1.7924812503605778,0.4598557402175853
2,5,0.6,3,1.3709505944546687,0.3987220569798541
2,10,0.4,7,2.5219280948873624,0.5250809362330904
2,8,0.5,5,2.0,0.4447821184406988
3,3,0.0,3,1.584962500721156,0.38783879906370233
2,8,0.375,6,2.4056390622295662,0.44634753442115693
3,1,0.0,1,-0.0,0.4395928965677185
3,1,1.0,1,-0.0,0.40768538223137735
2,6,0.5,4,1.7924812503605778,0.41467647570261057
2,8,0.125,8,3.0,0.48065912858476306
2,9,0.3333333333333333,7,2.6416041678685933,0.4116747240219025
2,6,0.8333333333333334,2,0.6500224216483541,0.4623232945165033
3,1,0.0,1,-0.0,0.4686120311790399
3,2,0.5,2,1.0,0.4361737800099522
2,5,0.6,3,1.3709505944546687,0.4137135067458474
3,2,0.5,2,1.0,0.5667742423247953
2,4,0.5,3,1.5,0.4934728542486465
2,5,0.8,2,0.7219280948873623,0.3722261096533516
3,2,0.5,2,1.0,0.46078894633623113
3,1,1.0,1,-0.0,0.45311615990078935
3,1,0.0,1,-0.0,0.4302243014076797
2,8,0.125,8,3.0,0.3868772991242695
2,6,0.3333333333333333,5,2.2516291673878226,0.5202055719049674
2,7,0.5714285714285714,4,1.6644977792004614,0.520961958855492
3,1,0.0,1,-0.0,0.4803599001245445
3,1,0.0,1,-0.0,0.4531657832228584
2,3,0.6666666666666666,2,0.9182958340544896,0.41590248069035357
3,2,0.5,2,1.0,0.44978348734354406
2,3,0.3333333333333333,3,1.584962500721156,0.36962890818809685
3,1,0.0,1,-0.0,0.44480013428832427
2,10,0.4,7,2.5219280948873624,0.3646653617602588
4,1,0.0,1,-0.0,0.47007190916065356
3,3,0.3333333333333333,3,1.584962500721156,0.3566155724213057
3,1,1.0,1,-0.0,0.40244928558324516
2,10,0.4,7,2.5219280948873624,0.4722294138719674
2,10,0.8,3,0.9219280948873623,0.607189220389141
2,4,0.5,3,1.5,0.4755210192885626
3,1,0.0,1,-0.0,0.40377775022329315
3,2,1.0,1,-0.0,0.4713509022394427
2,9,0.3333333333333333,6,2.4193819456463714,0.4794959411243231
3,3,0.3333333333333333,3,1.584962500721156,0.44291576993249865
2,8,0.5,5,2.0,0.5066864367605618
3,2,0.0,2,1.0,0.37017071334591933
3,1,0.0,1,-0.0,0.46281866801365035
3,1,1.0,1,-0.0,0.47490121461377366
2,5,0.4,3,1.5219280948873621,0.47613435754891714
2,5,0.6,3,1.3709505944546687,0.30040619983454564
3,1,0.0,1,-0.0,0.45782841870904195
3,2,0.5,2,1.0,0.4371508595709562
3,1,1.0,1,-0.0,0.4184308913641385
2,4,0.5,3,1.5,0.4384740079953868
2,8,0.375,6,2.4056390622295662,0.5029086156069412
2,6,0.6666666666666666,3,1.2516291673878228,0.5115547329301188
2,4,0.25,4,2.0,0.4375426310796072
3,2,0.5,2,1.0,0.47665177001316356
3,1,0.0,1,-0.0,0.5082931247226086
3,1,0.0,1,-0.0,0.45158928971300305
3,1,1.0,1,-0.0,0.4373464282560849
3,1,0.0,1,-0.0,0.41639611479414934
2,3,0.6666666666666666,2,0.9182958340544896,0.4181075699551402
3,1,1.0,1,-0.0,0.4336821168397398
3,2,1.0,1,-0.0,0.3913804261536124
3,1,0.0,1,-0.0,0.4800031013808547
3,3,0.0,3,1.584962500721156,0.4994624596813468
4,1,1.0,1,-0.0,0.3811754422556793
3,2,0.0,2,1.0,0.44357039220740063
2,7,0.2857142857142857,6,2.5216406363433186,0.4193792740327564
2,5,0.2,5,2.321928094887362,0.4903601899812037
4,1,1.0,1,-0.0,0.4101871754307279
2,3,0.6666666666666666,2,0.9182958340544896,0.4259799302480665
3,1,1.0,1,-0.0,0.39833164139318517
2,6,0.5,4,1.7924812503605778,0.4567081516812772
3,1,1.0,1,-0.0,0.48584144439637533
3,1,0.0,1,-0.0,0.45212338320479695
4,1,0.0,1,-0.0,0.3983316413931852
2,5,0.2,5,2.321928094887362,0.4120394415516371
2,7,0.42857142857142855,5,2.1280852788913944,0.42488762769468796
2,8,0.5,5,2.0,0.3995968936429869
2,3,0.6666666666666666,2,0.9182958340544896,0.38117544225567923
3,2,0.5,2,1.0,0.4796166579083048
3,1,0.0,1,-0.0,0.39393645228858865
3,3,0.6666666666666666,2,0.9182958340544896,0.4538157423848695
3,1,0.0,1,-0.0,0.4138540860708061
3,5,0.4,4,1.9219280948873623,0.46620775253144514
3,1,1.0,1,-0.0,0.45158928971300316
3,1,0.0,1,-0.0,0.4442895203733239
3,2,0.0,2,1.0,0.5138285558626376
3,1,1.0,1,-0.0,0.49854789270499045
2,3,0.6666666666666666,2,0.9182958340544896,0.42843719182456974
2,12,0.5,7,2.292481250360578,0.39344370883641305
3,1,1.0,1,-0.0,0.4533364084454834
3,1,0.0,1,-0.0,0.4636401098303012
3,1,1.0,1,-0.0,0.39354908062795435
3,1,1.0,1,-0.0,0.4249486776249556
3,2,0.5,2,1.0,0.39806631527700115
2,7,0.14285714285714285,7,2.807354922057604,0.44439393650702963
3,1,1.0,1,-0.0,0.3930696136041569
3,1,0.0,1,-0.0,0.41973074588302983
3,1,1.0,1,-0.0,0.5617346579456927
2,5,0.2,5,2.321928094887362,0.45910402702727376
3,2,0.0,2,1.0,0.5097501239715606
3,1,0.0,1,-0.0,0.43635041356257326
2,5,0.2,5,2.321928094887362,0.4305560189112289
2,4,0.5,3,1.5,0.4853564050630366
2,6,0.16666666666666666,6,2.584962500721156,0.37120137319294694
3,1,1.0,1,-0.0,0.4566540239302693
3,1,0.0,1,-0.0,0.43039137985931364
2,11,0.7272727272727273,4,1.2776134368191154,0.40221391133799894
3,1,1.0,1,-0.0,0.34061750995810547
3,1,1.0,1,-0.0,0.44261111208189385
2,8,0.5,5,2.0,0.5532479851781605
3,1,0.0,1,-0.0,0.4096334483160195
3,2,0.5,2,1.0,0.4525330889152875
2,5,0.4,3,1.5219280948873621,0.43534059238997774
2,3,1.0,1,-0.0,0.3828561886293224
2,7,0.42857142857142855,5,2.1280852788913944,0.4312024690025488
2,7,0.5714285714285714,4,1.6644977792004614,0.4611164580893148
3,1,0.0,1,-0.0,0.449159745308896
3,1,1.0,1,-0.0,0.47646453911958414
2,5,0.4,4,1.9219280948873623,0.3854294924595742
3,1,1.0,1,-0.0,0.45286868914053907
3,1,0.0,1,-0.0,0.3479959181677807
2,5,0.6,3,1.3709505944546687,0.4590394036076449
2,8,0.5,5,2.0,0.4760629515928437
2,3,0.6666666666666666,2,0.9182958340544896,0.4296038047930501
3,2,1.0,1,-0.0,0.42227399878111693
1,36,0.4722222222222222,17,3.073067548629652,0.5261079736804603
2,9,0.6666666666666666,4,1.4466166676282082,0.4691010289269742
3,1,1.0,1,-0.0,0.38915932198043135
2,5,0.0,5,2.321928094887362,0.4752233727843996
2,11,0.6363636363636364,5,1.6729330318733675,0.41414498672192096
3,1,1.0,1,-0.0,0.47377369648137246
2,7,0.7142857142857143,3,1.1488348542809166,0.45004688352332134
2,12,0.4166666666666667,8,2.617492461184755,0.44317997117668423
2,9,0.4444444444444444,6,2.2810361125534233,0.37991712755039314
2,14,0.21428571428571427,12,3.4677201004744997,0.4050889817439983
2,8,0.25,7,2.75,0.4555504566517784
2,11,0.5454545454545454,6,2.049452072789394,0.44191172051151606
3,2,0.5,2,1.0,0.4528160158591809
4,1,0.0,1,-0.0,0.4736874468574949
3,1,0.0,1,-0.0,0.36176828412953677
2,5,0.4,4,1.9219280948873623,0.46421878639045
2,5,0.4,4,1.9219280948873623,0.45440038934754057
3,1,0.0,1,-0.0,0.4261970318755548
2,9,0.5555555555555556,4,1.6577427265048887,0.4602260541924475
4,1,0.0,1,-0.0,0.42948680120461324
2,3,0.3333333333333333,3,1.584962500721156,0.4317587842299952
3,2,0.0,2,1.0,0.43343116393568026
2,7,0.42857142857142855,5,2.1280852788913944,0.47007190916065356
2,5,0.4,4,1.9219280948873623,0.5344316192111991
2,4,0.5,3,1.5,0.5378337485292596
3,2,0.0,2,1.0,0.46448876720800886
3,1,1.0,1,-0.0,0.41262571505340145
2,8,0.375,6,2.4056390622295662,0.404481464035384
2,13,0.5384615384615384,7,2.1887870678023824,0.4129012239778076
2,8,0.625,4,1.5487949406953985,0.4400213320303637
3,1,1.0,1,-0.0,0.48251071849032023
2,12,0.5833333333333334,6,1.9473387961875537,0.4821533491026557
2,5,0.2,4,1.9219280948873623,0.45221597478988584
2,9,0.4444444444444444,6,2.2810361125534233,0.43415400701636486
2,7,0.7142857142857143,3,1.1488348542809166,0.39630841190853194
3,3,0.3333333333333333,3,1.584962500721156,0.4609139554392512
3,3,0.3333333333333333,3,1.584962500721156,0.44967820879040865
2,4,0.25,4,2.0,0.39347994339524
2,6,0.3333333333333333,5,2.2516291673878226,0.4656841115806736
3,1,1.0,1,-0.0,0.40787433829432257
2,7,0.7142857142857143,3,1.1488348542809166,0.44942803384972596
3,3,0.3333333333333333,3,1.584962500721156,0.4715893928936137
2,4,0.75,2,0.8112781244591328,0.35441031849688975
3,1,0.0,1,-0.0,0.46458283046842064
3,2,1.0,1,-0.0,0.5078849452661376
2,4,0.25,4,2.0,0.4556009004854835
3,2,0.5,2,1.0,0.4307246627191623
3,1,0.0,1,-0.0,0.4198587693924248
3,2,0.5,2,1.0,0.4383730719453491
3,1,1.0,1,-0.0,0.4889575335476802
3,1,0.0,1,-0.0,0.42161555988223925
3,1,0.0,1,-0.0,0.4433282585286992
2,8,0.25,7,2.75,0.446615876356285
3,3,0.3333333333333333,3,1.584962500721156,0.4170407257641914
2,5,0.4,4,1.9219280948873623,0.392097438451555
2,8,0.625,4,1.5487949406953985,0.4499946091119887
2,8,0.5,5,2.0,0.42319144089783206
2,6,0.5,4,1.7924812503605778,0.4553527241170259
3,2,0.5,2,1.0,0.4459936032365416
3,1,1.0,1,-0.0,0.40621263156291887
2,4,0.5,3,1.5,0.3964000062447278
3,1,1.0,1,-0.0,0.46181928968761576
2,3,0.0,3,1.584962500721156,0.4241974773073503
2,4,0.5,3,1.5,0.4665550270353581
3,1,0.0,1,-0.0,0.46695908968606586
2,5,0.4,4,1.9219280948873623,0.47511063115947744
3,1,1.0,1,-0.0,0.3493516837085193
3,1,0.0,1,-0.0,0.3414476366028326
2,6,0.3333333333333333,5,2.2516291673878226,0.4536400625952952
2,3,0.6666666666666666,2,0.9182958340544896,0.3193768020198144
2,10,0.3,7,2.6464393446710153,0.38793713346946956
2,6,0.3333333333333333,5,2.2516291673878226,0.4811834589477023
4,2,0.5,2,1.0,0.42802046828152956
3,1,1.0,1,-0.0,0.48163723780090234
2,6,0.3333333333333333,5,2.2516291673878226,0.4381455639152965
2,8,0.25,7,2.75,0.487018923830096
3,2,0.5,2,1.0,0.4436290270427848
2,3,0.6666666666666666,2,0.9182958340544896,0.43858928810714787
3,2,0.5,2,1.0,0.4733671438909369
2,4,0.5,3,1.5,0.39263453546855814
3,2,0.5,2,1.0,0.42209859108152914
3,1,0.0,1,-0.0,0.5368749665757749
2,5,0.4,4,1.9219280948873623,0.4486640841055066
3,1,1.0,1,-0.0,0.47694209399259513
2,4,1.0,1,-0.0,0.43443522268620305
3,1,0.0,1,-0.0,0.44408754888859886
3,2,1.0,1,-0.0,0.49551380436384457
2,8,0.625,4,1.5487949406953985,0.4296914118849486
3,1,1.0,1,-0.0,0.4125508280523879
2,4,0.25,4,2.0,0.4025193504207469
2,7,0.5714285714285714,4,1.6644977792004614,0.41240290161964044
3,2,0.5,2,1.0,0.4274102721623717
5,1,1.0,1,-0.0,0.4660756876615613
3,1,1.0,1,-0.0,0.38940034795141965
2,4,0.5,3,1.5,0.5024919184432087
3,3,0.0,3,1.584962500721156,0.48661427282471065
2,13,0.46153846153846156,8,2.5073801024236357,0.5182553554221333
3,1,0.0,1,-0.0,0.47473133863933986
3,1,0.0,1,-0.0,0.48733787213151714
3,1,0.0,1,-0.0,0.4354263158133808
4,1,0.0,1,-0.0,0.45431662827431013
2,7,0.2857142857142857,6,2.5216406363433186,0.44999460911198874
2,9,0.4444444444444444,6,2.2810361125534233,0.3887756061600332
3,1,0.0,1,-0.0,0.4973512871910995
3,1,1.0,1,-0.0,0.4121494626993451
4,1,1.0,1,-0.0,0.5186024688029419
3,1,1.0,1,-0.0,0.4191343146779931
3,1,1.0,1,-0.0,0.43887144903172326
2,9,0.4444444444444444,6,2.2810361125534233,0.44867929255418
3,1,0.0,1,-0.0,0.5461145170739443
3,1,1.0,1,-0.0,0.48028187896014857
3,1,1.0,1,-0.0,0.44079269216066064
3,1,0.0,1,-0.0,0.44854293833255154
2,9,0.4444444444444444,5,2.058813890331201,0.49337890982658517
3,2,0.5,2,1.0,0.5111872710363113
4,1,1.0,1,-0.0,0.5572308361867623
3,1,0.0,1,-0.0,0.4771636709899528
2,4,0.75,2,0.8112781244591328,0.3854180618052124
2,3,0.3333333333333333,3,1.584962500721156,0.4317721994029454
3,1,0.0,1,-0.0,0.527759910792101
2,4,0.75,2,0.8112781244591328,0.4690401597880696
3,1,1.0,1,-0.0,0.46554537314172184
2,5,0.4,4,1.9219280948873623,0.4082641331927816
2,5,0.4,4,1.9219280948873623,0.5273874150038637
2,5,0.8,2,0.7219280948873623,0.37955073967698655
3,1,0.0,1,-0.0,0.44943843527044014
2,4,0.5,3,1.5,0.46145728195220226
2,1,0.0,1,-0.0,0.41511254173712836
2,2,0.5,2,1.0,0.42420990868569725
3,3,0.3333333333333333,3,1.584962500721156,0.41730089197733544
3,1,1.0,1,-0.0,0.4415630380626839
3,2,0.0,2,1.0,0.4494901220802108
3,1,1.0,1,-0.0,0.38176770977804797
2,6,0.5,3,1.4591479170272448,0.4669102540402824
3,1,0.0,1,-0.0,0.3915232116251761
3,1,0.0,1,-0.0,0.4924344457241823
3,2,0.5,2,1.0,0.3780177768463084
3,2,0.5,2,1.0,0.48755732806150637
2,4,0.75,2,0.8112781244591328,0.48615005535783523
2,7,0.5714285714285714,4,1.6644977792004614,0.47777881205175937
3,1,1.0,1,-0.0,0.36835181776358034
2,8,0.125,8,3.0,0.4455061517336347
3,1,0.0,1,-0.0,0.44726013233633505
3,1,0.0,1,-0.0,0.4476039530088485
3,3,0.0,3,1.584962500721156,0.4716066119437143
2,3,0.3333333333333333,3,1.584962500721156,0.45195807606399585
3,3,1.0,1,-0.0,0.35905503596793525
3,1,0.0,1,-0.0,0.49613162337140093
2,6,0.3333333333333333,5,2.2516291673878226,0.44547731936299867
3,2,0.0,2,1.0,0.3773295232830798
3,2,0.5,2,1.0,0.4309928989308025
3,2,1.0,1,-0.0,0.44984433536579643
2,3,1.0,1,-0.0,0.4657875631570631
2,7,0.2857142857142857,6,2.5216406363433186,0.33644619245226787
3,2,0.0,2,1.0,0.39325114237848463
2,10,0.5,6,2.1609640474436813,0.38314917910974633
3,1,0.0,1,-0.0,0.4438481093140944
3,2,0.5,2,1.0,0.4667713257428355
3,1,1.0,1,-0.0,0.4695334650351003
2,11,0.5454545454545454,5,1.8676338909712125,0.4446645985329726
2,11,0.36363636363636365,8,2.7321588913645702,0.47407649898467713
2,4,0.25,4,2.0,0.4118162983200135
2,4,0.5,3,1.5,0.48024848097164463
2,8,0.25,7,2.75,0.4081125099743984
2,3,0.3333333333333333,3,1.584962500721156,0.5436319064120052
2,8,0.5,5,2.0,0.45649590235633536
3,1,1.0,1,-0.0,0.4274863134212716
2,8,0.75,3,1.061278124459133,0.4444444444444445
3,1,1.0,1,-0.0,0.48197720153771445
2,2,1.0,1,-0.0,0.4791897581578703
2,12,0.5,7,2.292481250360578,0.3934028866427693
2,3,0.3333333333333333,3,1.584962500721156,0.4287014262561982
2,14,0.7142857142857143,5,1.4345491399952024,0.4791897581578704
2,13,0.6153846153846154,6,1.8542858719872461,0.456753231185847
3,1,0.0,1,-0.0,0.4555504566517784
2,5,0.0,5,2.321928094887362,0.37971771200131116
3,1,0.0,1,-0.0,0.4606006396439815
2,10,0.3,8,2.8464393446710154,0.3763418825990221
3,4,0.75,2,0.8112781244591328,0.5065787382215686
3,2,0.5,2,1.0,0.41173401282002164
3,1,1.0,1,-0.0,0.4102125240619856
2,6,0.6666666666666666,3,1.2516291673878228,0.4375832661480331
3,1,0.0,1,-0.0,0.4731415974101075
2,4,0.75,2,0.8112781244591328,0.40463147695064244
2,6,0.3333333333333333,5,2.2516291673878226,0.40055777379221874
3,1,0.0,1,-0.0,0.4092573628195405
3,1,0.0,1,-0.0,0.48035764533474856
2,5,0.4,4,1.9219280948873623,0.41883268346626706
4,1,1.0,1,-0.0,0.4584865300022208
2,7,1.0,1,-0.0,0.46114202221520817
3,1,0.0,1,-0.0,0.4511013034086676
3,2,0.0,2,1.0,0.38553806626588116
3,1,0.0,1,-0.0,0.34633144978856584
2,7,0.5714285714285714,4,1.6644977792004614,0.45573690242448933
2,6,0.5,4,1.7924812503605778,0.4882860189743103
2,8,0.625,4,1.5487949406953985,0.45385736259406684
3,1,1.0,1,-0.0,0.42235121320251134
2,6,0.3333333333333333,5,2.251629167387823,0.4210758919679144
2,4,0.75,2,0.8112781244591328,0.31151922139659843
2,10,0.3,7,2.6464393446710153,0.541538592205641
2,8,0.625,4,1.5487949406953985,0.4656403360198274
2,11,0.18181818181818182,9,3.095795255000934,0.4726657626702386
3,1,1.0,1,-0.0,0.39809043865000643
2,3,0.6666666666666666,2,0.9182958340544896,0.44826876249297176
3,2,0.5,2,1.0,0.39347953534796853
2,8,0.25,7,2.75,0.4662758609858159
2,6,0.3333333333333333,5,2.2516291673878226,0.44925891942193236
2,3,0.3333333333333333,3,1.584962500721156,0.42901534999954477
2,14,0.5,8,2.403677461028802,0.46468785098899507
2,5,0.2,5,2.321928094887362,0.4486640841055067
2,8,0.75,3,1.061278124459133,0.46111645808931484
2,14,0.5714285714285714,7,2.0930692077718898,0.40863088531738734
2,8,0.5,5,2.0,0.40003956267987256
3,1,1.0,1,-0.0,0.4560550841310682
3,1,0.0,1,-0.0,0.3789482412655153
3,1,1.0,1,-0.0,0.40210422352844377
3,1,1.0,1,-0.0,0.43230569313546713
3,1,1.0,1,-0.0,0.4757873034203134
2,4,0.25,4,2.0,0.37343365458087713
3,1,1.0,1,-0.0,0.3838193010614455
3,1,0.0,1,-0.0,0.4642871211784062
2,5,0.6,3,1.3709505944546687,0.39771409548003933
3,2,1.0,1,-0.0,0.44502905736125953
3,1,0.0,1,-0.0,0.41421430592195935
2,14,0.35714285714285715,10,2.9780948881692604,0.4809751874272058
3,1,1.0,1,-0.0,0.4303723052447516
2,7,0.7142857142857143,3,1.1488348542809166,0.3313414474371065
2,4,0.75,2,0.8112781244591328,0.4416618841150776
3,1,1.0,1,-0.0,0.4621783060098014
2,6,0.16666666666666666,6,2.584962500721156,0.5062341389642833
2,10,0.3,8,2.8464393446710154,0.4249855400692027
2,6,0.16666666666666666,6,2.584962500721156,0.433831254878087
3,1,1.0,1,-0.0,0.4198402606774964
2,2,0.0,2,1.0,0.4720430033580238
3,2,1.0,1,-0.0,0.4241151662520165
3,1,0.0,1,-0.0,0.4542715734777836
3,1,0.0,1,-0.0,0.4040319192781551
2,3,0.6666666666666666,2,0.9182958340544896,0.4827962524980896
3,1,1.0,1,-0.0,0.4678443316640196
2,9,0.5555555555555556,5,1.8799649487271108,0.44560953588047975
2,4,0.0,4,2.0,0.43469845569625576
3,1,0.0,1,-0.0,0.4310333134833252
3,2,0.5,2,1.0,0.4052773703716232
3,1,0.0,1,-0.0,0.4437296745876685
2,6,0.16666666666666666,6,2.584962500721156,0.47998869849246495
3,1,1.0,1,-0.0,0.4896188100899004
3,1,0.0,1,-0.0,0.40640357469878574
4,1,0.0,1,-0.0,0.3989546995272089
3,2,0.5,2,1.0,0.40767059021380503
2,1,1.0,1,-0.0,0.43461588782855476
3,1,0.0,1,-0.0,0.36544833253921355
3,2,0.5,2,1.0,0.43649610706382586
3,1,0.0,1,-0.0,0.34543694092698507
2,13,0.5384615384615384,6,2.0349409139562287,0.44918847769623466
3,1,1.0,1,-0.0,0.45458299900870314
2,6,0.6666666666666666,3,1.2516291673878228,0.47749529679371255
2,1,1.0,1,-0.0,0.4133950163406849
2,10,0.4,7,2.5219280948873624,0.5282415762846672
3,3,0.3333333333333333,3,1.584962500721156,0.5088223025209888
2,10,0.5,6,2.1609640474436813,0.38144548520344973
3,1,1.0,1,-0.0,0.3669743939360977
3,3,0.0,3,1.584962500721156,0.46525662407420476
3,1,0.0,1,-0.0,0.37315924173497117
3,3,0.3333333333333333,3,1.584962500721156,0.44323883311271245
3,2,0.5,2,1.0,0.46545572271522556
3,1,0.0,1,-0.0,0.5210804187707702
2,7,0.2857142857142857,6,2.5216406363433186,0.39458335906853625
3,2,0.5,2,1.0,0.4083875614984676
3,2,1.0,1,-0.0,0.4568738060970637
3,1,0.0,1,-0.0,0.36093036622415986
2,6,0.6666666666666666,3,1.2516291673878228,0.5486715491220469
3,1,1.0,1,-0.0,0.48334325440776466
2,9,0.6666666666666666,4,1.4466166676282082,0.4404692568186772
2,6,0.3333333333333333,5,2.251629167387823,0.4681592338241512
4,1,0.0,1,-0.0,0.39546940918042556
2,3,0.3333333333333333,3,1.584962500721156,0.4259075595456329
3,1,0.0,1,-0.0,0.4229717157493531
4,1,0.0,1,-0.0,0.48043137058125734
3,1,1.0,1,-0.0,0.43652265880636115
3,2,1.0,1,-0.0,0.5242254894749658
3,2,0.5,2,1.0,0.4884188406392625
2,12,0.5,7,2.292481250360578,0.45665402393026927
3,1,1.0,1,-0.0,0.41895246586695967
2,8,0.375,6,2.4056390622295662,0.41645697014891114
3,3,0.0,3,1.584962500721156,0.47144489118956545
2,4,0.25,4,2.0,0.44222953371346346
2,2,0.0,2,1.0,0.5097267513324057
2,6,0.3333333333333333,4,1.9182958340544893,0.5438699406323398
3,1,0.0,1,-0.0,0.4185069142904751
2,4,0.25,4,2.0,0.43806203780294756
3,1,1.0,1,-0.0,0.4339693664407328
2,6,0.5,4,1.7924812503605778,0.46788311542548977
3,2,0.5,2,1.0,0.49142064040944644
2,2,0.5,2,1.0,0.38128761281762497
3,1,1.0,1,-0.0,0.4946859175671542
3,1,0.0,1,-0.0,0.42198305205302494
3,2,0.5,2,1.0,0.43089204064496583
2,6,0.16666666666666666,6,2.584962500721156,0.39516700637003754
2,6,0.6666666666666666,3,1.2516291673878228,0.47186805681564714
2,12,0.5833333333333334,6,1.9473387961875537,0.45362493033279633
2,10,0.4,6,2.321928094887362,0.4329989377043099
2,6,0.8333333333333334,2,0.6500224216483541,0.4016243319980982
3,2,0.0,2,1.0,0.43814371956249515
4,1,0.0,1,-0.0,0.48258726096921295
2,6,0.6666666666666666,3,1.2516291673878228,0.5221159359416928
3,1,0.0,1,-0.0,0.5045069004203215
2,5,0.2,5,2.321928094887362,0.3706760337521975
2,2,0.5,2,1.0,0.5025941522607419
3,1,0.0,1,-0.0,0.4090904325145583
2,2,1.0,1,-0.0,0.4101049765562699
2,4,0.75,2,0.8112781244591328,0.42080801036720444
2,5,0.4,4,1.9219280948873623,0.3362942515699372
2,5,0.2,5,2.321928094887362,0.4346992930602184
2,12,0.25,9,3.0220552088742,0.4602260541924475
3,1,0.0,1,-0.0,0.5329847597203977
3,3,0.0,3,1.584962500721156,0.573718452048779
4,1,0.0,1,-0.0,0.4747871020705531
3,1,0.0,1,-0.0,0.4098566729268715
3,1,1.0,1,-0.0,0.435005389498797
2,4,0.75,2,0.8112781244591328,0.510547391579841
2,4,0.75,2,0.8112781244591328,0.4281048958680255
2,10,0.4,7,2.5219280948873624,0.43067024614472993
3,2,0.5,2,1.0,0.41579609299145587
2,4,0.25,4,2.0,0.4355431090312062
2,9,0.8888888888888888,2,0.5032583347756457,0.4318006724127143
2,7,0.42857142857142855,5,2.128085278891394,0.5005010369687372
2,8,0.5,5,2.0,0.439883896198485
2,3,0.6666666666666666,2,0.9182958340544896,0.4057067727555551
2,5,0.2,5,2.321928094887362,0.5445870623682264
2,5,0.6,3,1.3709505944546687,0.45622651808659087
3,1,0.0,1,-0.0,0.41881307217064806
3,2,0.0,2,1.0,0.30821677905836353
2,2,0.0,2,1.0,0.46971722090679513
2,7,0.42857142857142855,5,2.1280852788913944,0.4088129709433286
3,2,0.5,2,1.0,0.42050316111329117
3,1,0.0,1,-0.0,0.39678136175577755
3,1,1.0,1,-0.0,0.553704349091931
3,1,1.0,1,-0.0,0.4505733577946043
2,8,0.5,5,2.0,0.4263281485281347
3,2,1.0,1,-0.0,0.48927088544855557
2,5,0.6,3,1.3709505944546687,0.34970626580680453
2,5,0.6,3,1.3709505944546687,0.4705826853094021
3,1,1.0,1,-0.0,0.3763137173229412
3,1,1.0,1,-0.0,0.41374877993937
3,1,0.0,1,-0.0,0.47282958950512316
2,11,0.36363636363636365,7,2.5503407095463886,0.46860794227985214
2,5,0.2,5,2.321928094887362,0.4491054461099178
2,6,0.6666666666666666,3,1.2516291673878228,0.34264817844147766
2,3,0.6666666666666666,2,0.9182958340544896,0.38121614272906074
2,6,0.3333333333333333,5,2.2516291673878226,0.4521830138149819
3,1,1.0,1,-0.0,0.46549543755279177
2,9,0.7777777777777778,3,0.9864267287308424,0.5004504555568399
3,1,1.0,1,-0.0,0.3908249661589638
3,2,0.5,2,1.0,0.5156347236691049
3,3,0.6666666666666666,2,0.9182958340544896,0.46280481030657317
3,2,0.5,2,1.0,0.3688589659211335
3,2,1.0,1,-0.0,0.46678486034190986
2,6,0.5,4,1.792481250360578,0.41243627796604887
2,12,0.4166666666666667,8,2.617492461184755,0.4222053787897889
3,1,1.0,1,-0.0,0.3927991978700368
2,8,0.375,6,2.4056390622295662,0.5015525965876626
3,2,0.5,2,1.0,0.3927991978700368
3,1,1.0,1,-0.0,0.4155986638033762
3,1,1.0,1,-0.0,0.4239505828003491
2,8,0.25,7,2.75,0.5616753900204182
2,7,0.2857142857142857,6,2.5216406363433186,0.4005540516515486
3,2,0.5,2,1.0,0.43600753831676303
2,7,0.42857142857142855,5,2.1280852788913944,0.3681947631628661
2,11,0.2727272727272727,9,3.0271691184406184,0.4508768073551408
2,8,0.5,5,2.0,0.39325114237848463
3,1,0.0,1,-0.0,0.4083545848678284
2,6,0.5,4,1.7924812503605778,0.433738810669606
2,6,0.8333333333333334,2,0.6500224216483541,0.47055918332802804
2,6,0.3333333333333333,5,2.2516291673878226,0.4220880690207062
3,1,1.0,1,-0.0,0.5014265313058458
2,8,0.625,4,1.5487949406953985,0.4652315021290529
2,12,0.4166666666666667,8,2.617492461184755,0.4042099017665111
2,7,0.42857142857142855,5,2.1280852788913944,0.36156436375403683
2,7,0.7142857142857143,3,1.1488348542809166,0.34829443764509305
2,8,0.375,6,2.4056390622295662,0.4374584142946448
2,3,0.3333333333333333,3,1.584962500721156,0.43002631214074843
2,2,0.5,2,1.0,0.47957652935073053
2,1,0.0,1,-0.0,0.48961141684845544
2,6,0.3333333333333333,5,2.2516291673878226,0.4710686529517682
2,5,0.4,3,1.5219280948873621,0.43682761679066434
3,3,1.0,1,-0.0,0.44725712307150944
2,7,0.42857142857142855,5,2.128085278891394,0.4519094338256661
3,2,0.5,2,1.0,0.42044727891930683
2,3,0.0,3,1.584962500721156,0.43936838361705316
3,2,0.5,2,1.0,0.39919867381984786
2,5,0.2,5,2.321928094887362,0.36949264460621967
2,6,0.3333333333333333,5,2.2516291673878226,0.47013479287938403
2,7,0.42857142857142855,5,2.1280852788913944,0.45775451846137116
3,1,0.0,1,-0.0,0.39971107342476647
2,4,0.75,2,0.8112781244591328,0.4240627018056526
3,1,0.0,1,-0.0,0.4678831154254899
2,7,0.5714285714285714,4,1.6644977792004614,0.402426933696242
2,3,1.0,1,-0.0,0.4735305378434512
2,3,0.0,3,1.584962500721156,0.48995825784959807
2,3,1.0,1,-0.0,0.4485116999183921
2,4,0.5,3,1.5,0.44889243286260877
2,7,0.5714285714285714,4,1.6644977792004614,0.4627224632896363
3,2,0.5,2,1.0,0.40635164109883937
2,7,0.42857142857142855,5,2.1280852788913944,0.4083995252705431
3,1,0.0,1,-0.0,0.40139175099359825
2,4,0.5,3,1.5,0.4273442919136287
2,6,0.6666666666666666,3,1.2516291673878228,0.4180458001200901
2,4,0.75,2,0.8112781244591328,0.4056466627378163
4,1,0.0,1,-0.0,0.4471870380772455
2,9,0.4444444444444444,6,2.2810361125534233,0.440202314078985
2,7,0.42857142857142855,5,2.1280852788913944,0.44883163154199385
2,5,0.6,3,1.3709505944546687,0.4271465186699143
2,9,0.4444444444444444,6,2.2810361125534233,0.4907147165035441
2,1,0.0,1,-0.0,0.5145152982715506
3,1,0.0,1,-0.0,0.3963489594490704
2,6,0.6666666666666666,3,1.2516291673878228,0.46781983146026235
2,6,0.5,4,1.7924812503605778,0.3651895378619661
3,2,0.0,2,1.0,0.4211127274344175
2,5,0.6,3,1.3709505944546687,0.42399995162702986
2,5,0.4,4,1.9219280948873623,0.4312574428843264
3,1,1.0,1,-0.0,0.478644749506076
3,1,0.0,1,-0.0,0.432467501005256
2,9,0.4444444444444444,6,2.2810361125534233,0.4125209557657938
3,2,1.0,1,-0.0,0.4869504515376691
2,2,0.0,2,1.0,0.516575026499018
2,6,0.3333333333333333,5,2.2516291673878226,0.30498721418935326
3,1,1.0,1,-0.0,0.4384706377985106
3,1,1.0,1,-0.0,0.5026233675999662
2,5,0.6,3,1.3709505944546687,0.3917837993419138
2,4,0.5,3,1.5,0.4889246262713302
2,4,0.5,3,1.5,0.4693926703154727
2,8,0.375,6,2.4056390622295662,0.5107552142106868
4,1,1.0,1,-0.0,0.4738820615759201
3,1,0.0,1,-0.0,0.3883330186298332
2,4,0.75,2,0.8112781244591328,0.39665445505463287
3,1,0.0,1,-0.0,0.4413076381745374
3,1,1.0,1,-0.0,0.4565581755416791
3,1,1.0,1,-0.0,0.3780626365621122
2,6,0.16666666666666666,6,2.584962500721156,0.3971729047627897
2,3,1.0,1,-0.0,0.5007434124453712
2,6,0.3333333333333333,4,1.9182958340544893,0.4475145833615804
2,8,0.625,3,1.2987949406953985,0.43328396244954615
3,1,1.0,1,-0.0,0.4916010588266006
2,6,0.6666666666666666,3,1.2516291673878228,0.5207964212810572
3,3,0.3333333333333333,3,1.584962500721156,0.466345106713247
2,6,0.5,4,1.7924812503605778,0.46218298332316343
3,1,1.0,1,-0.0,0.38129064174427085
3,1,0.0,1,-0.0,0.41422357945715904
2,8,0.375,6,2.4056390622295662,0.45817980571070926
2,6,0.16666666666666666,6,2.584962500721156,0.4232073293360607
2,3,0.3333333333333333,3,1.584962500721156,0.457312865312964
4,1,0.0,1,-0.0,0.41524337381688425
2,1,0.0,1,-0.0,0.5017541998035316
2,6,0.3333333333333333,5,2.251629167387823,0.4058595288096488
2,6,0.3333333333333333,5,2.2516291673878226,0.45425142574768596
3,1,0.0,1,-0.0,0.3963085953529083
2,7,0.42857142857142855,5,2.1280852788913944,0.47427554644870135
3,1,1.0,1,-0.0,0.4134540660541015
2,8,0.625,4,1.5487949406953985,0.4453583296852963
3,1,0.0,1,-0.0,0.44337220896095314
3,2,0.0,2,1.0,0.48419167650295203
2,7,0.5714285714285714,3,1.3787834934861753,0.39655632848438044
3,2,0.5,2,1.0,0.4880112833048415
3,1,0.0,1,-0.0,0.5288349622028835
2,4,0.5,3,1.5,0.36545249697257387
3,1,0.0,1,-0.0,0.4201846306058884
3,2,0.0,2,1.0,0.40769133406066543
2,4,0.75,2,0.8112781244591328,0.38200337873409435
2,7,0.7142857142857143,3,1.1488348542809166,0.4435685111806677
3,1,1.0,1,-0.0,0.40476884798338
2,8,0.625,4,1.5487949406953985,0.4978576031712691
4,1,0.0,1,-0.0,0.5761759969167473
3,1,1.0,1,-0.0,0.46445842604010124
3,2,0.0,2,1.0,0.40925736281954056
3,1,1.0,1,-0.0,0.4613803338978623
3,1,0.0,1,-0.0,0.48334325440776477
3,2,0.5,2,1.0,0.4280148268614343
2,2,0.5,2,1.0,0.3551667595081977
3,1,0.0,1,-0.0,0.3366989773951009
2,10,0.2,9,3.121928094887362,0.4309302874684994
2,6,0.16666666666666666,6,2.584962500721156,0.42189713660010275
2,5,0.4,4,1.9219280948873623,0.4553252385092154
3,1,0.0,1,-0.0,0.4415599202325437
3,2,0.5,2,1.0,0.4845567866407035
2,5,0.2,5,2.321928094887362,0.4062570577391666
2,6,0.8333333333333334,2,0.6500224216483541,0.32169808879230266
2,3,0.6666666666666666,2,0.9182958340544896,0.4813859328107329
3,3,0.6666666666666666,2,0.9182958340544896,0.42185772553771
3,2,0.0,2,1.0,0.46357305014666994
3,3,0.6666666666666666,2,0.9182958340544896,0.48219542410093624
2,9,0.2222222222222222,8,2.94770277922009,0.4568961223026246
3,1,0.0,1,-0.0,0.4392668238894979
2,6,0.3333333333333333,5,2.2516291673878226,0.42605832295790663
3,1,1.0,1,-0.0,0.48872728062890797
2,7,0.42857142857142855,5,2.1280852788913944,0.46918520620257037
3,1,0.0,1,-0.0,0.4640760367802832
2,8,0.25,7,2.75,0.48002410620657787
2,10,0.4,7,2.5219280948873624,0.39421075132631467
3,1,0.0,1,-0.0,0.5640419004912021
2,5,0.8,2,0.7219280948873623,0.24377642957625842
3,1,0.0,1,-0.0,0.4842483625658947
2,6,0.3333333333333333,5,2.251629167387823,0.39782255457735016
2,7,0.42857142857142855,5,2.1280852788913944,0.36648397882934314
3,3,0.6666666666666666,2,0.9182958340544896,0.3796682764193523
2,5,0.4,4,1.9219280948873623,0.4731389015734348
3,1,1.0,1,-0.0,0.47269322665966135
3,1,1.0,1,-0.0,0.41862807009221414
3,1,0.0,1,-0.0,0.5685716629123057
3,1,0.0,1,-0.0,0.46517706153540134
3,1,0.0,1,-0.0,0.4055725243055889
3,1,0.0,1,-0.0,0.5086369597805919
2,9,0.5555555555555556,5,1.8799649487271108,0.4241602056511976
2,6,0.3333333333333333,4,1.9182958340544893,0.4173279404171808
3,1,0.0,1,-0.0,0.45690520013626224
2,6,0.3333333333333333,5,2.251629167387823,0.3638162585926011
2,6,0.6666666666666666,3,1.2516291673878228,0.4065593313673223
4,1,0.0,1,-0.0,0.4129285914037213
3,2,1.0,1,-0.0,0.3613479284358506
2,3,0.6666666666666666,2,0.9182958340544896,0.45732587657632023
3,2,0.0,2,1.0,0.40831783644649045
3,1,0.0,1,-0.0,0.4142924698636232
2,8,0.5,5,2.0,0.4277471153650008
4,1,0.0,1,-0.0,0.43973615415730577
2,5,0.6,3,1.3709505944546687,0.44722498054598236
3,1,1.0,1,-0.0,0.5007248528479428
2,6,0.6666666666666666,3,1.2516291673878228,0.393663900827149
3,1,0.0,1,-0.0,0.39745017243287745
3,1,1.0,1,-0.0,0.47620317330909256
3,1,0.0,1,-0.0,0.4603211775924176
3,3,0.6666666666666666,2,0.9182958340544896,0.43787213810178566
2,8,0.75,3,1.061278124459133,0.47295741149864867
2,7,0.2857142857142857,6,2.521640636343318,0.3877035842246368
3,1,1.0,1,-0.0,0.4738770305347617
4,1,0.0,1,-0.0,0.4825523433154811
2,10,0.3,7,2.6464393446710153,0.3688018432692423
2,4,0.75,2,0.8112781244591328,0.48355380388684394
3,1,0.0,1,-0.0,0.47879441066801925
3,1,0.0,1,-0.0,0.3945037909458678
3,2,0.5,2,1.0,0.4828014256672817
2,8,0.625,4,1.5487949406953985,0.48225602023849523
2,8,0.25,7,2.75,0.3628998905428154
2,4,0.0,4,2.0,0.4333493392180344
3,1,0.0,1,-0.0,0.4611382878828646
4,1,1.0,1,-0.0,0.4053083382920935
3,1,1.0,1,-0.0,0.48198823037332317
3,1,1.0,1,-0.0,0.4198400726432654
2,6,0.5,4,1.7924812503605778,0.3683876491923845
4,1,0.0,1,-0.0,0.4106361062996119
2,3,0.0,3,1.584962500721156,0.3653813941394728
2,5,0.6,3,1.3709505944546687,0.3942454813449644
4,2,0.5,2,1.0,0.4810610365202385
2,7,0.2857142857142857,6,2.5216406363433186,0.37209355832721597
2,6,0.5,3,1.4591479170272448,0.4197307458830298
3,1,0.0,1,-0.0,0.44896929995703655
3,1,0.0,1,-0.0,0.3964000062447279
3,1,0.0,1,-0.0,0.41678167396800814
3,1,0.0,1,-0.0,0.39452240570319785
2,5,0.8,2,0.7219280948873623,0.3569485145382103
2,7,0.2857142857142857,6,2.5216406363433186,0.48114530329648675
2,7,0.7142857142857143,3,1.1488348542809166,0.49081044270248775
3,3,0.3333333333333333,3,1.584962500721156,0.5322449818444126
3,1,0.0,1,-0.0,0.4222146626377105
3,3,0.3333333333333333,3,1.584962500721156,0.49804881712277693
2,3,0.3333333333333333,3,1.584962500721156,0.46167975092689684
3,1,0.0,1,-0.0,0.46035953230871585
2,11,0.45454545454545453,7,2.4040097573248604,0.35345528268117743
2,4,0.75,2,0.8112781244591328,0.47438314425815536
3,1,0.0,1,-0.0,0.41554586015679623
3,3,0.6666666666666666,2,0.9182958340544896,0.39101668065852413
3,1,1.0,1,-0.0,0.40603403316892034
3,1,0.0,1,-0.0,0.500791205159597
2,5,0.4,4,1.9219280948873623,0.42830432644911215
4,1,1.0,1,-0.0,0.49778674636344206
2,5,0.6,3,1.3709505944546687,0.40970424756996826
3,1,0.0,1,-0.0,0.4233406948183605
2,8,0.375,6,2.4056390622295662,0.43052723487334166
3,1,0.0,1,-0.0,0.39239531646404596
2,5,0.4,4,1.9219280948873623,0.45470460989222555
2,2,0.5,2,1.0,0.5090888452824194
2,1,0.0,1,-0.0,0.41244259555488405
3,1,1.0,1,-0.0,0.4494050315591621
3,2,0.0,2,1.0,0.4770868503693609
3,1,1.0,1,-0.0,0.4813346868854517
2,4,0.75,2,0.8112781244591328,0.4320560199970153
2,3,0.3333333333333333,3,1.584962500721156,0.41072613730177093
3,2,0.5,2,1.0,0.45057971704162814
3,1,0.0,1,-0.0,0.5199468936908795
2,2,0.5,2,1.0,0.45773861274708677
3,1,0.0,1,-0.0,0.39919867381984786
2,9,0.4444444444444444,6,2.2810361125534233,0.4914011652383025
3,2,0.5,2,1.0,0.4084813666659308
3,2,0.5,2,1.0,0.41613676739040684
2,4,0.0,4,2.0,0.38586170197306396
2,8,0.5,5,2.0,0.49778674636344195
3,2,0.0,2,1.0,0.5084326328069949
3,1,0.0,1,-0.0,0.4306792721455632
3,2,0.5,2,1.0,0.44746037726996724
3,1,0.0,1,-0.0,0.3736360640819212
2,3,0.0,3,1.584962500721156,0.3122596597868342
2,5,0.4,4,1.9219280948873623,0.462132122561491
2,2,0.0,2,1.0,0.4925024592971358
2,9,0.4444444444444444,6,2.2810361125534233,0.43572945664661755
2,4,0.75,2,0.8112781244591328,0.39409483481564994
4,1,1.0,1,-0.0,0.39102110633192766
2,5,0.4,4,1.9219280948873623,0.4281326428184842
2,4,0.5,3,1.5,0.46007191127156394
2,13,0.38461538461538464,9,2.8073904508767225,0.4307782240796592
4,1,1.0,1,-0.0,0.36858119839033715
4,1,0.0,1,-0.0,0.44935358164673184
3,1,0.0,1,-0.0,0.4682347745624942
3,1,1.0,1,-0.0,0.5137213990283118
2,5,0.2,5,2.321928094887362,0.34991125599419703
3,1,1.0,1,-0.0,0.4809392695822236
2,9,0.3333333333333333,7,2.6416041678685933,0.47887646469396306
3,1,1.0,1,-0.0,0.45285705332188214
2,7,0.2857142857142857,6,2.5216406363433186,0.4564673487780174
2,8,0.75,3,1.061278124459133,0.48862671905899585
3,1,0.0,1,-0.0,0.5625907549543505
2,10,0.6,5,1.7709505944546688,0.44948061205271406
2,5,0.4,4,1.9219280948873623,0.5594465857474341
2,9,0.5555555555555556,5,1.8799649487271108,0.41130820574454385
2,7,0.5714285714285714,4,1.6644977792004614,0.4070122495273189
3,1,0.0,1,-0.0,0.4488194588947412
3,1,0.0,1,-0.0,0.46372511563419055
2,2,0.5,2,1.0,0.46101302740282263
2,4,0.0,4,2.0,0.42278331267194175
2,2,0.5,2,1.0,0.4515226793181812
3,1,0.0,1,-0.0,0.48574810675153424
3,1,0.0,1,-0.0,0.47048785658054343
3,1,0.0,1,-0.0,0.3317585433508577
2,8,0.5,5,2.0,0.4590030866363325
2,7,0.14285714285714285,6,2.5216406363433186,0.47001858423881954
2,1,1.0,1,-0.0,0.4498443353657965
2,6,0.6666666666666666,3,1.2516291673878228,0.4696091163941587
3,1,1.0,1,-0.0,0.4723810066732567
2,5,0.2,5,2.321928094887362,0.4440474033928866
3,1,0.0,1,-0.0,0.5234529322112924
3,2,0.0,2,1.0,0.3986678039484326
2,8,0.375,6,2.4056390622295662,0.4257167227174846
3,2,0.5,2,1.0,0.46230172413751974
3,1,0.0,1,-0.0,0.40536164968069854
2,8,0.625,4,1.5487949406953985,0.4376230726884078
2,9,0.3333333333333333,6,2.4193819456463714,0.3763767922496696
2,9,0.5555555555555556,5,1.879964948727111,0.4880599924710028
2,6,0.8333333333333334,2,0.6500224216483541,0.4548951347027884
2,7,0.42857142857142855,5,2.1280852788913944,0.4718536901638336
2,8,0.375,6,2.4056390622295662,0.47456492570257736
2,5,0.2,5,2.321928094887362,0.45658668631559285
2,3,0.3333333333333333,3,1.584962500721156,0.4464731785173601
2,6,0.6666666666666666,3,1.2516291673878228,0.4078893910348919
3,1,1.0,1,-0.0,0.43195468507107176
4,1,0.0,1,-0.0,0.44608615233198634
3,2,0.5,2,1.0,0.30791634282404673
2,7,0.5714285714285714,4,1.6644977792004614,0.4435012633808559
3,2,0.0,2,1.0,0.5497090250314548
2,9,0.1111111111111111,9,3.169925001442312,0.41531224274217504
2,9,0.4444444444444444,6,2.2810361125534233,0.45506901908345837
3,3,0.0,3,1.584962500721156,0.49773899081586076
3,1,0.0,1,-0.0,0.4326163814159644
2,1,0.0,1,-0.0,0.3967253775015905
3,1,0.0,1,-0.0,0.4946594456932054
2,9,0.4444444444444444,6,2.2810361125534233,0.4393331318066987
3,1,0.0,1,-0.0,0.5137213990283116
2,2,0.0,2,1.0,0.5435678993797738
3,1,1.0,1,-0.0,0.41998894553607163
2,9,0.4444444444444444,6,2.2810361125534233,0.3507504089732076
2,3,0.3333333333333333,3,1.584962500721156,0.429972827035957
3,1,1.0,1,-0.0,0.4035260921711687
2,7,0.5714285714285714,4,1.6644977792004614,0.414455028230494
3,2,0.5,2,1.0,0.4033680147793428
