"BehaviorSpace results (NetLogo 7.0.4)","Table version 2.0"
"C:\Program Files\NetLogo 7.0.4\models\Sample Models\Networks\Virus on a Network.nlogox"
"p7-002-screen-degree-10"
"08/29/2026 20:59:48:189 -0700"
"min-pxcor","max-pxcor","min-pycor","max-pycor"
"-20","20","-20","20"
"[run number]","number-of-nodes","average-node-degree","initial-outbreak-size","virus-spread-chance","virus-check-frequency","recovery-chance","gain-resistance-chance","[step]","ticks","count turtles with [infected?]","count turtles with [resistant?]"
"1","150","6","3","1.5","1","5","5","35","35","0","15"
"2","150","6","3","1.5","1","5","5","100","100","11","15"
"3","150","6","3","1.5","1","5","5","100","100","1","15"
"4","150","6","3","1.5","1","5","5","100","100","6","17"
"5","150","6","3","1.5","1","5","5","7","7","0","0"
"6","150","6","3","1.5","1","5","5","100","100","1","16"
"7","150","6","3","1.5","1","5","5","68","68","0","15"
"8","150","6","3","1.5","1","5","5","100","100","8","15"
"9","150","6","3","1.5","1","8","5","55","55","0","16"
"10","150","6","3","1.5","1","8","5","15","15","0","0"
"11","150","6","3","1.5","1","8","5","41","41","0","17"
"12","150","6","3","1.5","1","8","5","18","18","0","1"
"13","150","6","3","1.5","1","8","5","28","28","0","16"
"14","150","6","3","1.5","1","8","5","44","44","0","15"
"15","150","6","3","1.5","1","8","5","77","77","0","17"
"16","150","6","3","1.5","1","8","5","19","19","0","0"
"17","150","6","3","2","1","5","5","100","100","7","17"
"18","150","6","3","2","1","5","5","100","100","3","17"
"19","150","6","3","2","1","5","5","100","100","12","17"
"20","150","6","3","2","1","5","5","100","100","18","15"
"21","150","6","3","2","1","5","5","56","56","0","15"
"22","150","6","3","2","1","5","5","45","45","0","16"
"23","150","6","3","2","1","5","5","100","100","3","18"
"24","150","6","3","2","1","5","5","100","100","9","16"
"25","150","6","3","2","1","8","5","100","100","7","15"
"26","150","6","3","2","1","8","5","24","24","0","15"
"27","150","6","3","2","1","8","5","100","100","1","15"
"28","150","6","3","2","1","8","5","100","100","1","16"
"29","150","6","3","2","1","8","5","5","5","0","0"
"30","150","6","3","2","1","8","5","27","27","0","15"
"31","150","6","3","2","1","8","5","58","58","0","15"
"32","150","6","3","2","1","8","5","12","12","0","0"
