run_id,batch,seed,n_cells,activation_schedule,branch_tick,branch_time_norm,freeze_mode,freeze_count,freeze_count_norm,intervention_seed,pre_sorted,reached_goal,time_to_goal,time_to_goal_per_cell,final_tick,final_boundary_norm,ended_quiescent,values_json,freeze_modes_json,algotypes_json,intervention_system_size,intervention_schedule_shuffled,intervention_branch_time_norm,intervention_freeze_fraction,intervention_moveable,intervention_immovable,value_boundary_norm,value_inversions_norm,value_ascending_run_norm,value_sorted_prefix_norm,cap_active_fraction,cap_moveable_fraction,cap_immovable_fraction,cap_barrier_groups_norm,cap_resolvable_inversion_fraction,history_boundary_rate,history_inversion_rate,history_boundary_volatility,micro_value_00,micro_value_01,micro_value_02,micro_value_03,micro_value_04,micro_value_05,micro_value_06,micro_value_07,micro_value_08,micro_value_09,micro_value_10,micro_value_11,micro_moveable_00,micro_moveable_01,micro_moveable_02,micro_moveable_03,micro_moveable_04,micro_moveable_05,micro_moveable_06,micro_moveable_07,micro_moveable_08,micro_moveable_09,micro_moveable_10,micro_moveable_11,micro_immovable_00,micro_immovable_01,micro_immovable_02,micro_immovable_03,micro_immovable_04,micro_immovable_05,micro_immovable_06,micro_immovable_07,micro_immovable_08,micro_immovable_09,micro_immovable_10,micro_immovable_11,rel_frozen_displacement_mean,rel_frozen_displacement_max,rel_largest_frozen_block_fraction,rel_active_frozen_interface_fraction,rel_immovable_crossing_inversion_fraction
discovery:n12:seed201:index:t4:moveable:k2,discovery,201,12,index,4,0.3333333333333333,moveable,2,0.1666666666666666,10639,False,False,,,12,0.0909090909090909,True,"[2, 4, 6, 1, 9, 10, 5, 7, 0, 3, 8, 11]","[""none"", ""none"", ""moveable"", ""moveable"", ""none"", ""none"", ""none"", ""none"", ""none"", ""none"", ""none"", ""none""]","[""bubble"", ""bubble"", ""bubble"", ""bubble"", ""bubble"", ""bubble"", ""bubble"", ""bubble"", ""bubble"", ""bubble"", ""bubble"", ""bubble""]",12.0,0.0,0.3333333333333333,0.1666666666666666,1.0,0.0,0.2727272727272727,0.3636363636363636,0.3333333333333333,0.0,0.8333333333333334,0.1666666666666666,0.0,0.0,0.6666666666666666,-0.0454545454545454,-0.0568181818181818,0.0909090909090909,0.1818181818181818,0.3636363636363636,0.5454545454545454,0.0909090909090909,0.8181818181818182,0.9090909090909092,0.4545454545454545,0.6363636363636364,0.0,0.2727272727272727,0.7272727272727273,1.0,0.0,0.0,1.0,1.0,0.0,0.0,0.0,0.0,0.0,0.0,0.0,0.0,0.0,0.0,0.0,0.0,0.0,0.0,0.0,0.0,0.0,0.0,0.0,0.0,0.2727272727272727,0.36363636363636365,0.16666666666666666,0.18181818181818182,0.0
discovery:n12:seed201:index:t4:moveable:k3,discovery,201,12,index,4,0.3333333333333333,moveable,3,0.25,10656,False,False,,,11,0.0909090909090909,True,"[2, 4, 6, 1, 9, 10, 5, 7, 0, 3, 8, 11]","[""none"", ""moveable"", ""none"", ""none"", ""none"", ""none"", ""moveable"", ""none"", ""moveable"", ""none"", ""none"", ""none""]","[""bubble"", ""bubble"", ""bubble"", ""bubble"", ""bubble"", ""bubble"", ""bubble"", ""bubble"", ""bubble"", ""bubble"", ""bubble"", ""bubble""]",12.0,0.0,0.3333333333333333,0.25,1.0,0.0,0.2727272727272727,0.3636363636363636,0.3333333333333333,0.0,0.75,0.25,0.0,0.0,1.0,-0.0454545454545454,-0.0568181818181818,0.0909090909090909,0.1818181818181818,0.3636363636363636,0.5454545454545454,0.0909090909090909,0.8181818181818182,0.9090909090909092,0.4545454545454545,0.6363636363636364,0.0,0.2727272727272727,0.7272727272727273,1.0,0.0,1.0,0.0,0.0,0.0,0.0,1.0,0.0,1.0,0.0,0.0,0.0,0.0,0.0,0.0,0.0,0.0,0.0,0.0,0.0,0.0,0.0,0.0,0.0,0.3636363636363636,0.7272727272727273,0.08333333333333333,0.5454545454545454,0.0
discovery:n12:seed201:index:t4:immovable:k1,discovery,201,12,index,4,0.3333333333333333,immovable,1,0.0833333333333333,10622,False,True,8.0,0.6666666666666666,12,0.0,True,"[2, 4, 6, 1, 9, 10, 5, 7, 0, 3, 8, 11]","[""none"", ""none"", ""none"", ""none"", ""none"", ""none"", ""none"", ""none"", ""none"", ""none"", ""none"", ""immovable""]","[""bubble"", ""bubble"", ""bubble"", ""bubble"", ""bubble"", ""bubble"", ""bubble"", ""bubble"", ""bubble"", ""bubble"", ""bubble"", ""bubble""]",12.0,0.0,0.3333333333333333,0.0833333333333333,0.0,1.0,0.2727272727272727,0.3636363636363636,0.3333333333333333,0.0,0.9166666666666666,0.0,0.0833333333333333,0.0833333333333333,1.0,-0.0454545454545454,-0.0568181818181818,0.0909090909090909,0.1818181818181818,0.3636363636363636,0.5454545454545454,0.0909090909090909,0.8181818181818182,0.9090909090909092,0.4545454545454545,0.6363636363636364,0.0,0.2727272727272727,0.7272727272727273,1.0,0.0,0.0,0.0,0.0,0.0,0.0,0.0,0.0,0.0,0.0,0.0,0.0,0.0,0.0,0.0,0.0,0.0,0.0,0.0,0.0,0.0,0.0,0.0,1.0,0.0,0.0,0.08333333333333333,0.09090909090909091,0.0
discovery:n12:seed201:shuffled:t4:moveable:k2,discovery,201,12,shuffled,4,0.3333333333333333,moveable,2,0.1666666666666666,10639,False,True,8.0,0.6666666666666666,12,0.0,True,"[2, 4, 1, 6, 0, 9, 10, 5, 7, 3, 11, 8]","[""none"", ""none"", ""moveable"", ""moveable"", ""none"", ""none"", ""none"", ""none"", ""none"", ""none"", ""none"", ""none""]","[""bubble"", ""bubble"", ""bubble"", ""bubble"", ""bubble"", ""bubble"", ""bubble"", ""bubble"", ""bubble"", ""bubble"", ""bubble"", ""bubble""]",12.0,1.0,0.3333333333333333,0.1666666666666666,1.0,0.0,0.4545454545454545,0.303030303030303,0.25,0.0,0.8333333333333334,0.1666666666666666,0.0,0.0,1.0,0.0,-0.0719696969696969,0.0393647910811108,0.1818181818181818,0.3636363636363636,0.0909090909090909,0.5454545454545454,0.0,0.8181818181818182,0.9090909090909092,0.4545454545454545,0.6363636363636364,0.2727272727272727,1.0,0.7272727272727273,0.0,0.0,1.0,1.0,0.0,0.0,0.0,0.0,0.0,0.0,0.0,0.0,0.0,0.0,0.0,0.0,0.0,0.0,0.0,0.0,0.0,0.0,0.0,0.0,0.18181818181818182,0.2727272727272727,0.16666666666666666,0.18181818181818182,0.0
discovery:n12:seed201:shuffled:t4:moveable:k3,discovery,201,12,shuffled,4,0.3333333333333333,moveable,3,0.25,10656,False,False,,,13,0.0909090909090909,True,"[2, 4, 1, 6, 0, 9, 10, 5, 7, 3, 11, 8]","[""none"", ""moveable"", ""none"", ""none"", ""none"", ""none"", ""moveable"", ""none"", ""moveable"", ""none"", ""none"", ""none""]","[""bubble"", ""bubble"", ""bubble"", ""bubble"", ""bubble"", ""bubble"", ""bubble"", ""bubble"", ""bubble"", ""bubble"", ""bubble"", ""bubble""]",12.0,1.0,0.3333333333333333,0.25,1.0,0.0,0.4545454545454545,0.303030303030303,0.25,0.0,0.75,0.25,0.0,0.0,1.0,0.0,-0.0719696969696969,0.0393647910811108,0.1818181818181818,0.3636363636363636,0.0909090909090909,0.5454545454545454,0.0,0.8181818181818182,0.9090909090909092,0.4545454545454545,0.6363636363636364,0.2727272727272727,1.0,0.7272727272727273,0.0,1.0,0.0,0.0,0.0,0.0,1.0,0.0,1.0,0.0,0.0,0.0,0.0,0.0,0.0,0.0,0.0,0.0,0.0,0.0,0.0,0.0,0.0,0.0,0.24242424242424243,0.36363636363636365,0.08333333333333333,0.5454545454545454,0.0
discovery:n12:seed201:shuffled:t4:immovable:k1,discovery,201,12,shuffled,4,0.3333333333333333,immovable,1,0.0833333333333333,10622,False,False,,,9,0.0909090909090909,True,"[2, 4, 1, 6, 0, 9, 10, 5, 7, 3, 11, 8]","[""none"", ""none"", ""none"", ""none"", ""none"", ""none"", ""none"", ""none"", ""none"", ""none"", ""none"", ""immovable""]","[""bubble"", ""bubble"", ""bubble"", ""bubble"", ""bubble"", ""bubble"", ""bubble"", ""bubble"", ""bubble"", ""bubble"", ""bubble"", ""bubble""]",12.0,1.0,0.3333333333333333,0.0833333333333333,0.0,1.0,0.4545454545454545,0.303030303030303,0.25,0.0,0.9166666666666666,0.0,0.0833333333333333,0.0833333333333333,0.8,0.0,-0.0719696969696969,0.0393647910811108,0.1818181818181818,0.3636363636363636,0.0909090909090909,0.5454545454545454,0.0,0.8181818181818182,0.9090909090909092,0.4545454545454545,0.6363636363636364,0.2727272727272727,1.0,0.7272727272727273,0.0,0.0,0.0,0.0,0.0,0.0,0.0,0.0,0.0,0.0,0.0,0.0,0.0,0.0,0.0,0.0,0.0,0.0,0.0,0.0,0.0,0.0,0.0,1.0,0.2727272727272727,0.2727272727272727,0.08333333333333333,0.09090909090909091,0.15
discovery:n12:seed202:index:t4:moveable:k2,discovery,202,12,index,4,0.3333333333333333,moveable,2,0.1666666666666666,10640,False,True,10.0,0.8333333333333334,14,0.0,True,"[1, 2, 4, 5, 6, 7, 8, 0, 3, 9, 11, 10]","[""none"", ""none"", ""moveable"", ""none"", ""none"", ""none"", ""moveable"", ""none"", ""none"", ""none"", ""none"", ""none""]","[""bubble"", ""bubble"", ""bubble"", ""bubble"", ""bubble"", ""bubble"", ""bubble"", ""bubble"", ""bubble"", ""bubble"", ""bubble"", ""bubble""]",12.0,0.0,0.3333333333333333,0.1666666666666666,1.0,0.0,0.1818181818181818,0.1969696969696969,0.5833333333333334,0.0,0.8333333333333334,0.1666666666666666,0.0,0.0,1.0,-0.0909090909090909,-0.0568181818181818,0.1180943732433325,0.0909090909090909,0.1818181818181818,0.3636363636363636,0.4545454545454545,0.5454545454545454,0.6363636363636364,0.7272727272727273,0.0,0.2727272727272727,0.8181818181818182,1.0,0.9090909090909092,0.0,0.0,1.0,0.0,0.0,0.0,1.0,0.0,0.0,0.0,0.0,0.0,0.0,0.0,0.0,0.0,0.0,0.0,0.0,0.0,0.0,0.0,0.0,0.0,0.18181818181818182,0.18181818181818182,0.08333333333333333,0.36363636363636365,0.0
discovery:n12:seed202:index:t4:moveable:k3,discovery,202,12,index,4,0.3333333333333333,moveable,3,0.25,10657,False,True,7.0,0.5833333333333334,11,0.0,True,"[1, 2, 4, 5, 6, 7, 8, 0, 3, 9, 11, 10]","[""moveable"", ""none"", ""none"", ""none"", ""moveable"", ""moveable"", ""none"", ""none"", ""none"", ""none"", ""none"", ""none""]","[""bubble"", ""bubble"", ""bubble"", ""bubble"", ""bubble"", ""bubble"", ""bubble"", ""bubble"", ""bubble"", ""bubble"", ""bubble"", ""bubble""]",12.0,0.0,0.3333333333333333,0.25,1.0,0.0,0.1818181818181818,0.1969696969696969,0.5833333333333334,0.0,0.75,0.25,0.0,0.0,1.0,-0.0909090909090909,-0.0568181818181818,0.1180943732433325,0.0909090909090909,0.1818181818181818,0.3636363636363636,0.4545454545454545,0.5454545454545454,0.6363636363636364,0.7272727272727273,0.0,0.2727272727272727,0.8181818181818182,1.0,0.9090909090909092,1.0,0.0,0.0,0.0,1.0,1.0,0.0,0.0,0.0,0.0,0.0,0.0,0.0,0.0,0.0,0.0,0.0,0.0,0.0,0.0,0.0,0.0,0.0,0.0,0.15151515151515152,0.18181818181818182,0.16666666666666666,0.2727272727272727,0.0
discovery:n12:seed202:index:t4:immovable:k1,discovery,202,12,index,4,0.3333333333333333,immovable,1,0.0833333333333333,10623,False,False,,,10,0.0909090909090909,True,"[1, 2, 4, 5, 6, 7, 8, 0, 3, 9, 11, 10]","[""immovable"", ""none"", ""none"", ""none"", ""none"", ""none"", ""none"", ""none"", ""none"", ""none"", ""none"", ""none""]","[""bubble"", ""bubble"", ""bubble"", ""bubble"", ""bubble"", ""bubble"", ""bubble"", ""bubble"", ""bubble"", ""bubble"", ""bubble"", ""bubble""]",12.0,0.0,0.3333333333333333,0.0833333333333333,0.0,1.0,0.1818181818181818,0.1969696969696969,0.5833333333333334,0.0,0.9166666666666666,0.0,0.0833333333333333,0.0833333333333333,1.0,-0.0909090909090909,-0.0568181818181818,0.1180943732433325,0.0909090909090909,0.1818181818181818,0.3636363636363636,0.4545454545454545,0.5454545454545454,0.6363636363636364,0.7272727272727273,0.0,0.2727272727272727,0.8181818181818182,1.0,0.9090909090909092,0.0,0.0,0.0,0.0,0.0,0.0,0.0,0.0,0.0,0.0,0.0,0.0,1.0,0.0,0.0,0.0,0.0,0.0,0.0,0.0,0.0,0.0,0.0,0.0,0.09090909090909091,0.09090909090909091,0.08333333333333333,0.09090909090909091,0.07692307692307693
discovery:n12:seed202:shuffled:t4:moveable:k2,discovery,202,12,shuffled,4,0.3333333333333333,moveable,2,0.1666666666666666,10640,False,True,5.0,0.4166666666666667,9,0.0,True,"[1, 2, 4, 0, 5, 8, 6, 11, 3, 7, 9, 10]","[""none"", ""none"", ""moveable"", ""none"", ""none"", ""none"", ""moveable"", ""none"", ""none"", ""none"", ""none"", ""none""]","[""bubble"", ""bubble"", ""bubble"", ""bubble"", ""bubble"", ""bubble"", ""bubble"", ""bubble"", ""bubble"", ""bubble"", ""bubble"", ""bubble""]",12.0,1.0,0.3333333333333333,0.1666666666666666,1.0,0.0,0.2727272727272727,0.1969696969696969,0.3333333333333333,0.0,0.8333333333333334,0.1666666666666666,0.0,0.0,1.0,-0.0681818181818181,-0.0568181818181818,0.0454545454545454,0.0909090909090909,0.1818181818181818,0.3636363636363636,0.0,0.4545454545454545,0.7272727272727273,0.5454545454545454,1.0,0.2727272727272727,0.6363636363636364,0.8181818181818182,0.9090909090909092,0.0,0.0,1.0,0.0,0.0,0.0,1.0,0.0,0.0,0.0,0.0,0.0,0.0,0.0,0.0,0.0,0.0,0.0,0.0,0.0,0.0,0.0,0.0,0.0,0.09090909090909091,0.18181818181818182,0.08333333333333333,0.36363636363636365,0.0
discovery:n12:seed202:shuffled:t4:moveable:k3,discovery,202,12,shuffled,4,0.3333333333333333,moveable,3,0.25,10657,False,True,8.0,0.6666666666666666,12,0.0,True,"[1, 2, 4, 0, 5, 8, 6, 11, 3, 7, 9, 10]","[""moveable"", ""none"", ""none"", ""none"", ""moveable"", ""moveable"", ""none"", ""none"", ""none"", ""none"", ""none"", ""none""]","[""bubble"", ""bubble"", ""bubble"", ""bubble"", ""bubble"", ""bubble"", ""bubble"", ""bubble"", ""bubble"", ""bubble"", ""bubble"", ""bubble""]",12.0,1.0,0.3333333333333333,0.25,1.0,0.0,0.2727272727272727,0.1969696969696969,0.3333333333333333,0.0,0.75,0.25,0.0,0.0,1.0,-0.0681818181818181,-0.0568181818181818,0.0454545454545454,0.0909090909090909,0.1818181818181818,0.3636363636363636,0.0,0.4545454545454545,0.7272727272727273,0.5454545454545454,1.0,0.2727272727272727,0.6363636363636364,0.8181818181818182,0.9090909090909092,1.0,0.0,0.0,0.0,1.0,1.0,0.0,0.0,0.0,0.0,0.0,0.0,0.0,0.0,0.0,0.0,0.0,0.0,0.0,0.0,0.0,0.0,0.0,0.0,0.15151515151515152,0.2727272727272727,0.16666666666666666,0.2727272727272727,0.0
discovery:n12:seed202:shuffled:t4:immovable:k1,discovery,202,12,shuffled,4,0.3333333333333333,immovable,1,0.0833333333333333,10623,False,False,,,9,0.0909090909090909,True,"[1, 2, 4, 0, 5, 8, 6, 11, 3, 7, 9, 10]","[""immovable"", ""none"", ""none"", ""none"", ""none"", ""none"", ""none"", ""none"", ""none"", ""none"", ""none"", ""none""]","[""bubble"", ""bubble"", ""bubble"", ""bubble"", ""bubble"", ""bubble"", ""bubble"", ""bubble"", ""bubble"", ""bubble"", ""bubble"", ""bubble""]",12.0,1.0,0.3333333333333333,0.0833333333333333,0.0,1.0,0.2727272727272727,0.1969696969696969,0.3333333333333333,0.0,0.9166666666666666,0.0,0.0833333333333333,0.0833333333333333,1.0,-0.0681818181818181,-0.0568181818181818,0.0454545454545454,0.0909090909090909,0.1818181818181818,0.3636363636363636,0.0,0.4545454545454545,0.7272727272727273,0.5454545454545454,1.0,0.2727272727272727,0.6363636363636364,0.8181818181818182,0.9090909090909092,0.0,0.0,0.0,0.0,0.0,0.0,0.0,0.0,0.0,0.0,0.0,0.0,1.0,0.0,0.0,0.0,0.0,0.0,0.0,0.0,0.0,0.0,0.0,0.0,0.09090909090909091,0.09090909090909091,0.08333333333333333,0.09090909090909091,0.07692307692307693
discovery:n12:seed203:index:t4:moveable:k2,discovery,203,12,index,4,0.3333333333333333,moveable,2,0.1666666666666666,10641,False,True,3.0,0.25,7,0.0,True,"[0, 1, 4, 8, 2, 3, 5, 6, 7, 9, 10, 11]","[""none"", ""none"", ""none"", ""moveable"", ""none"", ""none"", ""none"", ""none"", ""none"", ""none"", ""none"", ""moveable""]","[""bubble"", ""bubble"", ""bubble"", ""bubble"", ""bubble"", ""bubble"", ""bubble"", ""bubble"", ""bubble"", ""bubble"", ""bubble"", ""bubble""]",12.0,0.0,0.3333333333333333,0.1666666666666666,1.0,0.0,0.0909090909090909,0.106060606060606,0.6666666666666666,0.1666666666666666,0.8333333333333334,0.1666666666666666,0.0,0.0,1.0,-0.0454545454545454,-0.0416666666666666,0.0393647910811108,0.0,0.0909090909090909,0.3636363636363636,0.7272727272727273,0.1818181818181818,0.2727272727272727,0.4545454545454545,0.5454545454545454,0.6363636363636364,0.8181818181818182,0.9090909090909092,1.0,0.0,0.0,0.0,1.0,0.0,0.0,0.0,0.0,0.0,0.0,0.0,1.0,0.0,0.0,0.0,0.0,0.0,0.0,0.0,0.0,0.0,0.0,0.0,0.0,0.22727272727272727,0.45454545454545453,0.08333333333333333,0.2727272727272727,0.0
discovery:n12:seed203:index:t4:moveable:k3,discovery,203,12,index,4,0.3333333333333333,moveable,3,0.25,10658,False,False,,,12,0.0909090909090909,True,"[0, 1, 4, 8, 2, 3, 5, 6, 7, 9, 10, 11]","[""none"", ""none"", ""moveable"", ""none"", ""none"", ""moveable"", ""none"", ""none"", ""moveable"", ""none"", ""none"", ""none""]","[""bubble"", ""bubble"", ""bubble"", ""bubble"", ""bubble"", ""bubble"", ""bubble"", ""bubble"", ""bubble"", ""bubble"", ""bubble"", ""bubble""]",12.0,0.0,0.3333333333333333,0.25,1.0,0.0,0.0909090909090909,0.106060606060606,0.6666666666666666,0.1666666666666666,0.75,0.25,0.0,0.0,1.0,-0.0454545454545454,-0.0416666666666666,0.0393647910811108,0.0,0.0909090909090909,0.3636363636363636,0.7272727272727273,0.1818181818181818,0.2727272727272727,0.4545454545454545,0.5454545454545454,0.6363636363636364,0.8181818181818182,0.9090909090909092,1.0,0.0,0.0,1.0,0.0,0.0,1.0,0.0,0.0,1.0,0.0,0.0,0.0,0.0,0.0,0.0,0.0,0.0,0.0,0.0,0.0,0.0,0.0,0.0,0.0,0.15151515151515152,0.18181818181818182,0.08333333333333333,0.5454545454545454,0.0
discovery:n12:seed203:index:t4:immovable:k1,discovery,203,12,index,4,0.3333333333333333,immovable,1,0.0833333333333333,10624,False,True,3.0,0.25,7,0.0,True,"[0, 1, 4, 8, 2, 3, 5, 6, 7, 9, 10, 11]","[""none"", ""immovable"", ""none"", ""none"", ""none"", ""none"", ""none"", ""none"", ""none"", ""none"", ""none"", ""none""]","[""bubble"", ""bubble"", ""bubble"", ""bubble"", ""bubble"", ""bubble"", ""bubble"", ""bubble"", ""bubble"", ""bubble"", ""bubble"", ""bubble""]",12.0,0.0,0.3333333333333333,0.0833333333333333,0.0,1.0,0.0909090909090909,0.106060606060606,0.6666666666666666,0.1666666666666666,0.9166666666666666,0.0,0.0833333333333333,0.0833333333333333,1.0,-0.0454545454545454,-0.0416666666666666,0.0393647910811108,0.0,0.0909090909090909,0.3636363636363636,0.7272727272727273,0.1818181818181818,0.2727272727272727,0.4545454545454545,0.5454545454545454,0.6363636363636364,0.8181818181818182,0.9090909090909092,1.0,0.0,0.0,0.0,0.0,0.0,0.0,0.0,0.0,0.0,0.0,0.0,0.0,0.0,1.0,0.0,0.0,0.0,0.0,0.0,0.0,0.0,0.0,0.0,0.0,0.0,0.0,0.08333333333333333,0.18181818181818182,0.0
discovery:n12:seed203:shuffled:t4:moveable:k2,discovery,203,12,shuffled,4,0.3333333333333333,moveable,2,0.1666666666666666,10641,False,True,12.0,1.0,16,0.0,True,"[0, 1, 4, 8, 2, 3, 5, 9, 6, 7, 10, 11]","[""none"", ""none"", ""none"", ""moveable"", ""none"", ""none"", ""none"", ""none"", ""none"", ""none"", ""none"", ""moveable""]","[""bubble"", ""bubble"", ""bubble"", ""bubble"", ""bubble"", ""bubble"", ""bubble"", ""bubble"", ""bubble"", ""bubble"", ""bubble"", ""bubble""]",12.0,1.0,0.3333333333333333,0.1666666666666666,1.0,0.0,0.1818181818181818,0.1363636363636363,0.3333333333333333,0.1666666666666666,0.8333333333333334,0.1666666666666666,0.0,0.0,1.0,-0.0227272727272727,-0.034090909090909,0.0454545454545454,0.0,0.0909090909090909,0.3636363636363636,0.7272727272727273,0.1818181818181818,0.2727272727272727,0.4545454545454545,0.8181818181818182,0.5454545454545454,0.6363636363636364,0.9090909090909092,1.0,0.0,0.0,0.0,1.0,0.0,0.0,0.0,0.0,0.0,0.0,0.0,1.0,0.0,0.0,0.0,0.0,0.0,0.0,0.0,0.0,0.0,0.0,0.0,0.0,0.22727272727272727,0.45454545454545453,0.08333333333333333,0.2727272727272727,0.0
discovery:n12:seed203:shuffled:t4:moveable:k3,discovery,203,12,shuffled,4,0.3333333333333333,moveable,3,0.25,10658,False,False,,,10,0.0909090909090909,True,"[0, 1, 4, 8, 2, 3, 5, 9, 6, 7, 10, 11]","[""none"", ""none"", ""moveable"", ""none"", ""none"", ""moveable"", ""none"", ""none"", ""moveable"", ""none"", ""none"", ""none""]","[""bubble"", ""bubble"", ""bubble"", ""bubble"", ""bubble"", ""bubble"", ""bubble"", ""bubble"", ""bubble"", ""bubble"", ""bubble"", ""bubble""]",12.0,1.0,0.3333333333333333,0.25,1.0,0.0,0.1818181818181818,0.1363636363636363,0.3333333333333333,0.1666666666666666,0.75,0.25,0.0,0.0,1.0,-0.0227272727272727,-0.034090909090909,0.0454545454545454,0.0,0.0909090909090909,0.3636363636363636,0.7272727272727273,0.1818181818181818,0.2727272727272727,0.4545454545454545,0.8181818181818182,0.5454545454545454,0.6363636363636364,0.9090909090909092,1.0,0.0,0.0,1.0,0.0,0.0,1.0,0.0,0.0,1.0,0.0,0.0,0.0,0.0,0.0,0.0,0.0,0.0,0.0,0.0,0.0,0.0,0.0,0.0,0.0,0.1818181818181818,0.18181818181818182,0.08333333333333333,0.5454545454545454,0.0
discovery:n12:seed203:shuffled:t4:immovable:k1,discovery,203,12,shuffled,4,0.3333333333333333,immovable,1,0.0833333333333333,10624,False,True,8.0,0.6666666666666666,12,0.0,True,"[0, 1, 4, 8, 2, 3, 5, 9, 6, 7, 10, 11]","[""none"", ""immovable"", ""none"", ""none"", ""none"", ""none"", ""none"", ""none"", ""none"", ""none"", ""none"", ""none""]","[""bubble"", ""bubble"", ""bubble"", ""bubble"", ""bubble"", ""bubble"", ""bubble"", ""bubble"", ""bubble"", ""bubble"", ""bubble"", ""bubble""]",12.0,1.0,0.3333333333333333,0.0833333333333333,0.0,1.0,0.1818181818181818,0.1363636363636363,0.3333333333333333,0.1666666666666666,0.9166666666666666,0.0,0.0833333333333333,0.0833333333333333,1.0,-0.0227272727272727,-0.034090909090909,0.0454545454545454,0.0,0.0909090909090909,0.3636363636363636,0.7272727272727273,0.1818181818181818,0.2727272727272727,0.4545454545454545,0.8181818181818182,0.5454545454545454,0.6363636363636364,0.9090909090909092,1.0,0.0,0.0,0.0,0.0,0.0,0.0,0.0,0.0,0.0,0.0,0.0,0.0,0.0,1.0,0.0,0.0,0.0,0.0,0.0,0.0,0.0,0.0,0.0,0.0,0.0,0.0,0.08333333333333333,0.18181818181818182,0.0
discovery:n12:seed204:index:t4:moveable:k2,discovery,204,12,index,4,0.3333333333333333,moveable,2,0.1666666666666666,10642,False,True,8.0,0.6666666666666666,12,0.0,True,"[0, 1, 6, 4, 3, 7, 8, 2, 5, 9, 10, 11]","[""none"", ""none"", ""none"", ""none"", ""none"", ""none"", ""none"", ""none"", ""moveable"", ""moveable"", ""none"", ""none""]","[""bubble"", ""bubble"", ""bubble"", ""bubble"", ""bubble"", ""bubble"", ""bubble"", ""bubble"", ""bubble"", ""bubble"", ""bubble"", ""bubble""]",12.0,0.0,0.3333333333333333,0.1666666666666666,1.0,0.0,0.2727272727272727,0.1666666666666666,0.4166666666666667,0.1666666666666666,0.8333333333333334,0.1666666666666666,0.0,0.0,1.0,-0.0227272727272727,-0.0606060606060606,0.0753778361444409,0.0,0.0909090909090909,0.5454545454545454,0.3636363636363636,0.2727272727272727,0.6363636363636364,0.7272727272727273,0.1818181818181818,0.4545454545454545,0.8181818181818182,0.9090909090909092,1.0,0.0,0.0,0.0,0.0,0.0,0.0,0.0,0.0,1.0,1.0,0.0,0.0,0.0,0.0,0.0,0.0,0.0,0.0,0.0,0.0,0.0,0.0,0.0,0.0,0.13636363636363635,0.2727272727272727,0.16666666666666666,0.18181818181818182,0.0
discovery:n12:seed204:index:t4:moveable:k3,discovery,204,12,index,4,0.3333333333333333,moveable,3,0.25,10659,False,False,,,11,0.0909090909090909,True,"[0, 1, 6, 4, 3, 7, 8, 2, 5, 9, 10, 11]","[""none"", ""none"", ""none"", ""none"", ""none"", ""moveable"", ""none"", ""none"", ""moveable"", ""none"", ""none"", ""moveable""]","[""bubble"", ""bubble"", ""bubble"", ""bubble"", ""bubble"", ""bubble"", ""bubble"", ""bubble"", ""bubble"", ""bubble"", ""bubble"", ""bubble""]",12.0,0.0,0.3333333333333333,0.25,1.0,0.0,0.2727272727272727,0.1666666666666666,0.4166666666666667,0.1666666666666666,0.75,0.25,0.0,0.0,1.0,-0.0227272727272727,-0.0606060606060606,0.0753778361444409,0.0,0.0909090909090909,0.5454545454545454,0.3636363636363636,0.2727272727272727,0.6363636363636364,0.7272727272727273,0.1818181818181818,0.4545454545454545,0.8181818181818182,0.9090909090909092,1.0,0.0,0.0,0.0,0.0,0.0,1.0,0.0,0.0,1.0,0.0,0.0,1.0,0.0,0.0,0.0,0.0,0.0,0.0,0.0,0.0,0.0,0.0,0.0,0.0,0.15151515151515152,0.2727272727272727,0.08333333333333333,0.45454545454545453,0.0
discovery:n12:seed204:index:t4:immovable:k1,discovery,204,12,index,4,0.3333333333333333,immovable,1,0.0833333333333333,10625,False,False,,,10,0.0909090909090909,True,"[0, 1, 6, 4, 3, 7, 8, 2, 5, 9, 10, 11]","[""none"", ""none"", ""immovable"", ""none"", ""none"", ""none"", ""none"", ""none"", ""none"", ""none"", ""none"", ""none""]","[""bubble"", ""bubble"", ""bubble"", ""bubble"", ""bubble"", ""bubble"", ""bubble"", ""bubble"", ""bubble"", ""bubble"", ""bubble"", ""bubble""]",12.0,0.0,0.3333333333333333,0.0833333333333333,0.0,1.0,0.2727272727272727,0.1666666666666666,0.4166666666666667,0.1666666666666666,0.9166666666666666,0.0,0.0833333333333333,0.0833333333333333,0.6666666666666666,-0.0227272727272727,-0.0606060606060606,0.0753778361444409,0.0,0.0909090909090909,0.5454545454545454,0.3636363636363636,0.2727272727272727,0.6363636363636364,0.7272727272727273,0.1818181818181818,0.4545454545454545,0.8181818181818182,0.9090909090909092,1.0,0.0,0.0,0.0,0.0,0.0,0.0,0.0,0.0,0.0,0.0,0.0,0.0,0.0,0.0,1.0,0.0,0.0,0.0,0.0,0.0,0.0,0.0,0.0,0.0,0.36363636363636365,0.36363636363636365,0.08333333333333333,0.18181818181818182,0.36363636363636365
discovery:n12:seed204:shuffled:t4:moveable:k2,discovery,204,12,shuffled,4,0.3333333333333333,moveable,2,0.1666666666666666,10642,False,True,4.0,0.3333333333333333,8,0.0,True,"[0, 1, 3, 4, 6, 2, 5, 8, 7, 9, 11, 10]","[""none"", ""none"", ""none"", ""none"", ""none"", ""none"", ""none"", ""none"", ""moveable"", ""moveable"", ""none"", ""none""]","[""bubble"", ""bubble"", ""bubble"", ""bubble"", ""bubble"", ""bubble"", ""bubble"", ""bubble"", ""bubble"", ""bubble"", ""bubble"", ""bubble""]",12.0,1.0,0.3333333333333333,0.1666666666666666,1.0,0.0,0.2727272727272727,0.0909090909090909,0.4166666666666667,0.1666666666666666,0.8333333333333334,0.1666666666666666,0.0,0.0,1.0,-0.0227272727272727,-0.0795454545454545,0.0393647910811108,0.0,0.0909090909090909,0.2727272727272727,0.3636363636363636,0.5454545454545454,0.1818181818181818,0.4545454545454545,0.7272727272727273,0.6363636363636364,0.8181818181818182,1.0,0.9090909090909092,0.0,0.0,0.0,0.0,0.0,0.0,0.0,0.0,1.0,1.0,0.0,0.0,0.0,0.0,0.0,0.0,0.0,0.0,0.0,0.0,0.0,0.0,0.0,0.0,0.045454545454545456,0.09090909090909091,0.16666666666666666,0.18181818181818182,0.0
discovery:n12:seed204:shuffled:t4:moveable:k3,discovery,204,12,shuffled,4,0.3333333333333333,moveable,3,0.25,10659,False,True,3.0,0.25,7,0.0,True,"[0, 1, 3, 4, 6, 2, 5, 8, 7, 9, 11, 10]","[""none"", ""none"", ""none"", ""none"", ""none"", ""moveable"", ""none"", ""none"", ""moveable"", ""none"", ""none"", ""moveable""]","[""bubble"", ""bubble"", ""bubble"", ""bubble"", ""bubble"", ""bubble"", ""bubble"", ""bubble"", ""bubble"", ""bubble"", ""bubble"", ""bubble""]",12.0,1.0,0.3333333333333333,0.25,1.0,0.0,0.2727272727272727,0.0909090909090909,0.4166666666666667,0.1666666666666666,0.75,0.25,0.0,0.0,1.0,-0.0227272727272727,-0.0795454545454545,0.0393647910811108,0.0,0.0909090909090909,0.2727272727272727,0.3636363636363636,0.5454545454545454,0.1818181818181818,0.4545454545454545,0.7272727272727273,0.6363636363636364,0.8181818181818182,1.0,0.9090909090909092,0.0,0.0,0.0,0.0,0.0,1.0,0.0,0.0,1.0,0.0,0.0,1.0,0.0,0.0,0.0,0.0,0.0,0.0,0.0,0.0,0.0,0.0,0.0,0.0,0.15151515151515152,0.2727272727272727,0.08333333333333333,0.45454545454545453,0.0
discovery:n12:seed204:shuffled:t4:immovable:k1,discovery,204,12,shuffled,4,0.3333333333333333,immovable,1,0.0833333333333333,10625,False,False,,,8,0.0909090909090909,True,"[0, 1, 3, 4, 6, 2, 5, 8, 7, 9, 11, 10]","[""none"", ""none"", ""immovable"", ""none"", ""none"", ""none"", ""none"", ""none"", ""none"", ""none"", ""none"", ""none""]","[""bubble"", ""bubble"", ""bubble"", ""bubble"", ""bubble"", ""bubble"", ""bubble"", ""bubble"", ""bubble"", ""bubble"", ""bubble"", ""bubble""]",12.0,1.0,0.3333333333333333,0.0833333333333333,0.0,1.0,0.2727272727272727,0.0909090909090909,0.4166666666666667,0.1666666666666666,0.9166666666666666,0.0,0.0833333333333333,0.0833333333333333,1.0,-0.0227272727272727,-0.0795454545454545,0.0393647910811108,0.0,0.0909090909090909,0.2727272727272727,0.3636363636363636,0.5454545454545454,0.1818181818181818,0.4545454545454545,0.7272727272727273,0.6363636363636364,0.8181818181818182,1.0,0.9090909090909092,0.0,0.0,0.0,0.0,0.0,0.0,0.0,0.0,0.0,0.0,0.0,0.0,0.0,0.0,1.0,0.0,0.0,0.0,0.0,0.0,0.0,0.0,0.0,0.0,0.09090909090909091,0.09090909090909091,0.08333333333333333,0.18181818181818182,0.16666666666666666
discovery:n12:seed205:index:t4:moveable:k2,discovery,205,12,index,4,0.3333333333333333,moveable,2,0.1666666666666666,10643,False,True,7.0,0.5833333333333334,11,0.0,True,"[1, 3, 2, 6, 7, 5, 0, 4, 10, 8, 9, 11]","[""moveable"", ""none"", ""none"", ""moveable"", ""none"", ""none"", ""none"", ""none"", ""none"", ""none"", ""none"", ""none""]","[""bubble"", ""bubble"", ""bubble"", ""bubble"", ""bubble"", ""bubble"", ""bubble"", ""bubble"", ""bubble"", ""bubble"", ""bubble"", ""bubble""]",12.0,0.0,0.3333333333333333,0.1666666666666666,1.0,0.0,0.3636363636363636,0.2121212121212121,0.25,0.0,0.8333333333333334,0.1666666666666666,0.0,0.0,1.0,-0.0227272727272727,-0.0606060606060606,0.1016394535227177,0.0909090909090909,0.2727272727272727,0.1818181818181818,0.5454545454545454,0.6363636363636364,0.4545454545454545,0.0,0.3636363636363636,0.9090909090909092,0.7272727272727273,0.8181818181818182,1.0,1.0,0.0,0.0,1.0,0.0,0.0,0.0,0.0,0.0,0.0,0.0,0.0,0.0,0.0,0.0,0.0,0.0,0.0,0.0,0.0,0.0,0.0,0.0,0.0,0.18181818181818182,0.2727272727272727,0.08333333333333333,0.2727272727272727,0.0
discovery:n12:seed205:index:t4:moveable:k3,discovery,205,12,index,4,0.3333333333333333,moveable,3,0.25,10660,False,False,,,17,0.0909090909090909,True,"[1, 3, 2, 6, 7, 5, 0, 4, 10, 8, 9, 11]","[""moveable"", ""none"", ""none"", ""none"", ""none"", ""none"", ""moveable"", ""none"", ""moveable"", ""none"", ""none"", ""none""]","[""bubble"", ""bubble"", ""bubble"", ""bubble"", ""bubble"", ""bubble"", ""bubble"", ""bubble"", ""bubble"", ""bubble"", ""bubble"", ""bubble""]",12.0,0.0,0.3333333333333333,0.25,1.0,0.0,0.3636363636363636,0.2121212121212121,0.25,0.0,0.75,0.25,0.0,0.0,1.0,-0.0227272727272727,-0.0606060606060606,0.1016394535227177,0.0909090909090909,0.2727272727272727,0.1818181818181818,0.5454545454545454,0.6363636363636364,0.4545454545454545,0.0,0.3636363636363636,0.9090909090909092,0.7272727272727273,0.8181818181818182,1.0,1.0,0.0,0.0,0.0,0.0,0.0,1.0,0.0,1.0,0.0,0.0,0.0,0.0,0.0,0.0,0.0,0.0,0.0,0.0,0.0,0.0,0.0,0.0,0.0,0.2727272727272727,0.5454545454545454,0.08333333333333333,0.45454545454545453,0.0
discovery:n12:seed205:index:t4:immovable:k1,discovery,205,12,index,4,0.3333333333333333,immovable,1,0.0833333333333333,10626,False,False,,,11,0.0909090909090909,True,"[1, 3, 2, 6, 7, 5, 0, 4, 10, 8, 9, 11]","[""none"", ""none"", ""none"", ""none"", ""none"", ""none"", ""none"", ""none"", ""none"", ""none"", ""immovable"", ""none""]","[""bubble"", ""bubble"", ""bubble"", ""bubble"", ""bubble"", ""bubble"", ""bubble"", ""bubble"", ""bubble"", ""bubble"", ""bubble"", ""bubble""]",12.0,0.0,0.3333333333333333,0.0833333333333333,0.0,1.0,0.3636363636363636,0.2121212121212121,0.25,0.0,0.9166666666666666,0.0,0.0833333333333333,0.0833333333333333,1.0,-0.0227272727272727,-0.0606060606060606,0.1016394535227177,0.0909090909090909,0.2727272727272727,0.1818181818181818,0.5454545454545454,0.6363636363636364,0.4545454545454545,0.0,0.3636363636363636,0.9090909090909092,0.7272727272727273,0.8181818181818182,1.0,0.0,0.0,0.0,0.0,0.0,0.0,0.0,0.0,0.0,0.0,0.0,0.0,0.0,0.0,0.0,0.0,0.0,0.0,0.0,0.0,0.0,0.0,1.0,0.0,0.09090909090909091,0.09090909090909091,0.08333333333333333,0.18181818181818182,0.07142857142857142
discovery:n12:seed205:shuffled:t4:moveable:k2,discovery,205,12,shuffled,4,0.3333333333333333,moveable,2,0.1666666666666666,10643,False,True,11.0,0.9166666666666666,15,0.0,True,"[1, 3, 5, 6, 0, 7, 2, 4, 8, 9, 10, 11]","[""moveable"", ""none"", ""none"", ""moveable"", ""none"", ""none"", ""none"", ""none"", ""none"", ""none"", ""none"", ""none""]","[""bubble"", ""bubble"", ""bubble"", ""bubble"", ""bubble"", ""bubble"", ""bubble"", ""bubble"", ""bubble"", ""bubble"", ""bubble"", ""bubble""]",12.0,1.0,0.3333333333333333,0.1666666666666666,1.0,0.0,0.1818181818181818,0.1666666666666666,0.5,0.0,0.8333333333333334,0.1666666666666666,0.0,0.0,1.0,-0.0681818181818181,-0.0719696969696969,0.1180943732433325,0.0909090909090909,0.2727272727272727,0.4545454545454545,0.5454545454545454,0.0,0.6363636363636364,0.1818181818181818,0.3636363636363636,0.7272727272727273,0.8181818181818182,0.9090909090909092,1.0,1.0,0.0,0.0,1.0,0.0,0.0,0.0,0.0,0.0,0.0,0.0,0.0,0.0,0.0,0.0,0.0,0.0,0.0,0.0,0.0,0.0,0.0,0.0,0.0,0.18181818181818182,0.2727272727272727,0.08333333333333333,0.2727272727272727,0.0
discovery:n12:seed205:shuffled:t4:moveable:k3,discovery,205,12,shuffled,4,0.3333333333333333,moveable,3,0.25,10660,False,True,6.0,0.5,10,0.0,True,"[1, 3, 5, 6, 0, 7, 2, 4, 8, 9, 10, 11]","[""moveable"", ""none"", ""none"", ""none"", ""none"", ""none"", ""moveable"", ""none"", ""moveable"", ""none"", ""none"", ""none""]","[""bubble"", ""bubble"", ""bubble"", ""bubble"", ""bubble"", ""bubble"", ""bubble"", ""bubble"", ""bubble"", ""bubble"", ""bubble"", ""bubble""]",12.0,1.0,0.3333333333333333,0.25,1.0,0.0,0.1818181818181818,0.1666666666666666,0.5,0.0,0.75,0.25,0.0,0.0,1.0,-0.0681818181818181,-0.0719696969696969,0.1180943732433325,0.0909090909090909,0.2727272727272727,0.4545454545454545,0.5454545454545454,0.0,0.6363636363636364,0.1818181818181818,0.3636363636363636,0.7272727272727273,0.8181818181818182,0.9090909090909092,1.0,1.0,0.0,0.0,0.0,0.0,0.0,1.0,0.0,1.0,0.0,0.0,0.0,0.0,0.0,0.0,0.0,0.0,0.0,0.0,0.0,0.0,0.0,0.0,0.0,0.15151515151515152,0.36363636363636365,0.08333333333333333,0.45454545454545453,0.0
discovery:n12:seed205:shuffled:t4:immovable:k1,discovery,205,12,shuffled,4,0.3333333333333333,immovable,1,0.0833333333333333,10626,False,True,4.0,0.3333333333333333,8,0.0,True,"[1, 3, 5, 6, 0, 7, 2, 4, 8, 9, 10, 11]","[""none"", ""none"", ""none"", ""none"", ""none"", ""none"", ""none"", ""none"", ""none"", ""none"", ""immovable"", ""none""]","[""bubble"", ""bubble"", ""bubble"", ""bubble"", ""bubble"", ""bubble"", ""bubble"", ""bubble"", ""bubble"", ""bubble"", ""bubble"", ""bubble""]",12.0,1.0,0.3333333333333333,0.0833333333333333,0.0,1.0,0.1818181818181818,0.1666666666666666,0.5,0.0,0.9166666666666666,0.0,0.0833333333333333,0.0833333333333333,1.0,-0.0681818181818181,-0.0719696969696969,0.1180943732433325,0.0909090909090909,0.2727272727272727,0.4545454545454545,0.5454545454545454,0.0,0.6363636363636364,0.1818181818181818,0.3636363636363636,0.7272727272727273,0.8181818181818182,0.9090909090909092,1.0,0.0,0.0,0.0,0.0,0.0,0.0,0.0,0.0,0.0,0.0,0.0,0.0,0.0,0.0,0.0,0.0,0.0,0.0,0.0,0.0,0.0,0.0,1.0,0.0,0.0,0.0,0.08333333333333333,0.18181818181818182,0.0
discovery:n12:seed206:index:t4:moveable:k2,discovery,206,12,index,4,0.3333333333333333,moveable,2,0.1666666666666666,10644,False,True,7.0,0.5833333333333334,11,0.0,True,"[0, 2, 6, 8, 4, 5, 7, 9, 1, 11, 3, 10]","[""none"", ""none"", ""moveable"", ""none"", ""none"", ""none"", ""moveable"", ""none"", ""none"", ""none"", ""none"", ""none""]","[""bubble"", ""bubble"", ""bubble"", ""bubble"", ""bubble"", ""bubble"", ""bubble"", ""bubble"", ""bubble"", ""bubble"", ""bubble"", ""bubble""]",12.0,0.0,0.3333333333333333,0.1666666666666666,1.0,0.0,0.2727272727272727,0.303030303030303,0.3333333333333333,0.0833333333333333,0.8333333333333334,0.1666666666666666,0.0,0.0,1.0,-0.0681818181818181,-0.053030303030303,0.0393647910811108,0.0,0.1818181818181818,0.5454545454545454,0.7272727272727273,0.3636363636363636,0.4545454545454545,0.6363636363636364,0.8181818181818182,0.0909090909090909,1.0,0.2727272727272727,0.9090909090909092,0.0,0.0,1.0,0.0,0.0,0.0,1.0,0.0,0.0,0.0,0.0,0.0,0.0,0.0,0.0,0.0,0.0,0.0,0.0,0.0,0.0,0.0,0.0,0.0,0.2272727272727273,0.36363636363636365,0.08333333333333333,0.36363636363636365,0.0
discovery:n12:seed206:index:t4:moveable:k3,discovery,206,12,index,4,0.3333333333333333,moveable,3,0.25,10661,False,True,11.0,0.9166666666666666,15,0.0,True,"[0, 2, 6, 8, 4, 5, 7, 9, 1, 11, 3, 10]","[""moveable"", ""none"", ""none"", ""none"", ""none"", ""moveable"", ""none"", ""moveable"", ""none"", ""none"", ""none"", ""none""]","[""bubble"", ""bubble"", ""bubble"", ""bubble"", ""bubble"", ""bubble"", ""bubble"", ""bubble"", ""bubble"", ""bubble"", ""bubble"", ""bubble""]",12.0,0.0,0.3333333333333333,0.25,1.0,0.0,0.2727272727272727,0.303030303030303,0.3333333333333333,0.0833333333333333,0.75,0.25,0.0,0.0,1.0,-0.0681818181818181,-0.053030303030303,0.0393647910811108,0.0,0.1818181818181818,0.5454545454545454,0.7272727272727273,0.3636363636363636,0.4545454545454545,0.6363636363636364,0.8181818181818182,0.0909090909090909,1.0,0.2727272727272727,0.9090909090909092,1.0,0.0,0.0,0.0,0.0,1.0,0.0,1.0,0.0,0.0,0.0,0.0,0.0,0.0,0.0,0.0,0.0,0.0,0.0,0.0,0.0,0.0,0.0,0.0,0.06060606060606061,0.18181818181818182,0.08333333333333333,0.45454545454545453,0.0
discovery:n12:seed206:index:t4:immovable:k1,discovery,206,12,index,4,0.3333333333333333,immovable,1,0.0833333333333333,10627,False,False,,,6,0.0909090909090909,True,"[0, 2, 6, 8, 4, 5, 7, 9, 1, 11, 3, 10]","[""none"", ""none"", ""none"", ""none"", ""none"", ""none"", ""none"", ""immovable"", ""none"", ""none"", ""none"", ""none""]","[""bubble"", ""bubble"", ""bubble"", ""bubble"", ""bubble"", ""bubble"", ""bubble"", ""bubble"", ""bubble"", ""bubble"", ""bubble"", ""bubble""]",12.0,0.0,0.3333333333333333,0.0833333333333333,0.0,1.0,0.2727272727272727,0.303030303030303,0.3333333333333333,0.0833333333333333,0.9166666666666666,0.0,0.0833333333333333,0.0833333333333333,0.6666666666666666,-0.0681818181818181,-0.053030303030303,0.0393647910811108,0.0,0.1818181818181818,0.5454545454545454,0.7272727272727273,0.3636363636363636,0.4545454545454545,0.6363636363636364,0.8181818181818182,0.0909090909090909,1.0,0.2727272727272727,0.9090909090909092,0.0,0.0,0.0,0.0,0.0,0.0,0.0,0.0,0.0,0.0,0.0,0.0,0.0,0.0,0.0,0.0,0.0,0.0,0.0,1.0,0.0,0.0,0.0,0.0,0.18181818181818182,0.18181818181818182,0.08333333333333333,0.18181818181818182,0.65
discovery:n12:seed206:shuffled:t4:moveable:k2,discovery,206,12,shuffled,4,0.3333333333333333,moveable,2,0.1666666666666666,10644,False,True,10.0,0.8333333333333334,14,0.0,True,"[0, 2, 6, 4, 5, 8, 7, 9, 1, 11, 3, 10]","[""none"", ""none"", ""moveable"", ""none"", ""none"", ""none"", ""moveable"", ""none"", ""none"", ""none"", ""none"", ""none""]","[""bubble"", ""bubble"", ""bubble"", ""bubble"", ""bubble"", ""bubble"", ""bubble"", ""bubble"", ""bubble"", ""bubble"", ""bubble"", ""bubble""]",12.0,1.0,0.3333333333333333,0.1666666666666666,1.0,0.0,0.3636363636363636,0.2727272727272727,0.25,0.0833333333333333,0.8333333333333334,0.1666666666666666,0.0,0.0,1.0,-0.0454545454545454,-0.0606060606060606,0.0393647910811108,0.0,0.1818181818181818,0.5454545454545454,0.3636363636363636,0.4545454545454545,0.7272727272727273,0.6363636363636364,0.8181818181818182,0.0909090909090909,1.0,0.2727272727272727,0.9090909090909092,0.0,0.0,1.0,0.0,0.0,0.0,1.0,0.0,0.0,0.0,0.0,0.0,0.0,0.0,0.0,0.0,0.0,0.0,0.0,0.0,0.0,0.0,0.0,0.0,0.2272727272727273,0.36363636363636365,0.08333333333333333,0.36363636363636365,0.0
discovery:n12:seed206:shuffled:t4:moveable:k3,discovery,206,12,shuffled,4,0.3333333333333333,moveable,3,0.25,10661,False,True,9.0,0.75,13,0.0,True,"[0, 2, 6, 4, 5, 8, 7, 9, 1, 11, 3, 10]","[""moveable"", ""none"", ""none"", ""none"", ""none"", ""moveable"", ""none"", ""moveable"", ""none"", ""none"", ""none"", ""none""]","[""bubble"", ""bubble"", ""bubble"", ""bubble"", ""bubble"", ""bubble"", ""bubble"", ""bubble"", ""bubble"", ""bubble"", ""bubble"", ""bubble""]",12.0,1.0,0.3333333333333333,0.25,1.0,0.0,0.3636363636363636,0.2727272727272727,0.25,0.0833333333333333,0.75,0.25,0.0,0.0,1.0,-0.0454545454545454,-0.0606060606060606,0.0393647910811108,0.0,0.1818181818181818,0.5454545454545454,0.3636363636363636,0.4545454545454545,0.7272727272727273,0.6363636363636364,0.8181818181818182,0.0909090909090909,1.0,0.2727272727272727,0.9090909090909092,1.0,0.0,0.0,0.0,0.0,1.0,0.0,1.0,0.0,0.0,0.0,0.0,0.0,0.0,0.0,0.0,0.0,0.0,0.0,0.0,0.0,0.0,0.0,0.0,0.15151515151515152,0.2727272727272727,0.08333333333333333,0.45454545454545453,0.0
discovery:n12:seed206:shuffled:t4:immovable:k1,discovery,206,12,shuffled,4,0.3333333333333333,immovable,1,0.0833333333333333,10627,False,False,,,8,0.0909090909090909,True,"[0, 2, 6, 4, 5, 8, 7, 9, 1, 11, 3, 10]","[""none"", ""none"", ""none"", ""none"", ""none"", ""none"", ""none"", ""immovable"", ""none"", ""none"", ""none"", ""none""]","[""bubble"", ""bubble"", ""bubble"", ""bubble"", ""bubble"", ""bubble"", ""bubble"", ""bubble"", ""bubble"", ""bubble"", ""bubble"", ""bubble""]",12.0,1.0,0.3333333333333333,0.0833333333333333,0.0,1.0,0.3636363636363636,0.2727272727272727,0.25,0.0833333333333333,0.9166666666666666,0.0,0.0833333333333333,0.0833333333333333,0.75,-0.0454545454545454,-0.0606060606060606,0.0393647910811108,0.0,0.1818181818181818,0.5454545454545454,0.3636363636363636,0.4545454545454545,0.7272727272727273,0.6363636363636364,0.8181818181818182,0.0909090909090909,1.0,0.2727272727272727,0.9090909090909092,0.0,0.0,0.0,0.0,0.0,0.0,0.0,0.0,0.0,0.0,0.0,0.0,0.0,0.0,0.0,0.0,0.0,0.0,0.0,1.0,0.0,0.0,0.0,0.0,0.18181818181818182,0.18181818181818182,0.08333333333333333,0.18181818181818182,0.7222222222222222
discovery:n12:seed207:index:t4:moveable:k2,discovery,207,12,index,4,0.3333333333333333,moveable,2,0.1666666666666666,10645,False,True,14.0,1.1666666666666667,18,0.0,True,"[1, 3, 4, 5, 7, 8, 9, 10, 0, 2, 6, 11]","[""none"", ""none"", ""moveable"", ""none"", ""none"", ""none"", ""moveable"", ""none"", ""none"", ""none"", ""none"", ""none""]","[""bubble"", ""bubble"", ""bubble"", ""bubble"", ""bubble"", ""bubble"", ""bubble"", ""bubble"", ""bubble"", ""bubble"", ""bubble"", ""bubble""]",12.0,0.0,0.3333333333333333,0.1666666666666666,1.0,0.0,0.0909090909090909,0.2878787878787879,0.6666666666666666,0.0,0.8333333333333334,0.1666666666666666,0.0,0.0,1.0,-0.0681818181818181,-0.0265151515151515,0.0393647910811108,0.0909090909090909,0.2727272727272727,0.3636363636363636,0.4545454545454545,0.6363636363636364,0.7272727272727273,0.8181818181818182,0.9090909090909092,0.0,0.1818181818181818,0.5454545454545454,1.0,0.0,0.0,1.0,0.0,0.0,0.0,1.0,0.0,0.0,0.0,0.0,0.0,0.0,0.0,0.0,0.0,0.0,0.0,0.0,0.0,0.0,0.0,0.0,0.0,0.22727272727272727,0.2727272727272727,0.08333333333333333,0.36363636363636365,0.0
discovery:n12:seed207:index:t4:moveable:k3,discovery,207,12,index,4,0.3333333333333333,moveable,3,0.25,10662,False,True,13.0,1.0833333333333333,17,0.0,True,"[1, 3, 4, 5, 7, 8, 9, 10, 0, 2, 6, 11]","[""none"", ""none"", ""none"", ""none"", ""none"", ""none"", ""none"", ""none"", ""moveable"", ""none"", ""moveable"", ""moveable""]","[""bubble"", ""bubble"", ""bubble"", ""bubble"", ""bubble"", ""bubble"", ""bubble"", ""bubble"", ""bubble"", ""bubble"", ""bubble"", ""bubble""]",12.0,0.0,0.3333333333333333,0.25,1.0,0.0,0.0909090909090909,0.2878787878787879,0.6666666666666666,0.0,0.75,0.25,0.0,0.0,1.0,-0.0681818181818181,-0.0265151515151515,0.0393647910811108,0.0909090909090909,0.2727272727272727,0.3636363636363636,0.4545454545454545,0.6363636363636364,0.7272727272727273,0.8181818181818182,0.9090909090909092,0.0,0.1818181818181818,0.5454545454545454,1.0,0.0,0.0,0.0,0.0,0.0,0.0,0.0,0.0,1.0,0.0,1.0,1.0,0.0,0.0,0.0,0.0,0.0,0.0,0.0,0.0,0.0,0.0,0.0,0.0,0.3636363636363636,0.7272727272727273,0.16666666666666666,0.2727272727272727,0.0
discovery:n12:seed207:index:t4:immovable:k1,discovery,207,12,index,4,0.3333333333333333,immovable,1,0.0833333333333333,10628,False,False,,,4,0.0909090909090909,True,"[1, 3, 4, 5, 7, 8, 9, 10, 0, 2, 6, 11]","[""none"", ""none"", ""none"", ""none"", ""none"", ""none"", ""none"", ""immovable"", ""none"", ""none"", ""none"", ""none""]","[""bubble"", ""bubble"", ""bubble"", ""bubble"", ""bubble"", ""bubble"", ""bubble"", ""bubble"", ""bubble"", ""bubble"", ""bubble"", ""bubble""]",12.0,0.0,0.3333333333333333,0.0833333333333333,0.0,1.0,0.0909090909090909,0.2878787878787879,0.6666666666666666,0.0,0.9166666666666666,0.0,0.0833333333333333,0.0833333333333333,0.0,-0.0681818181818181,-0.0265151515151515,0.0393647910811108,0.0909090909090909,0.2727272727272727,0.3636363636363636,0.4545454545454545,0.6363636363636364,0.7272727272727273,0.8181818181818182,0.9090909090909092,0.0,0.1818181818181818,0.5454545454545454,1.0,0.0,0.0,0.0,0.0,0.0,0.0,0.0,0.0,0.0,0.0,0.0,0.0,0.0,0.0,0.0,0.0,0.0,0.0,0.0,1.0,0.0,0.0,0.0,0.0,0.2727272727272727,0.2727272727272727,0.08333333333333333,0.18181818181818182,1.0
discovery:n12:seed207:shuffled:t4:moveable:k2,discovery,207,12,shuffled,4,0.3333333333333333,moveable,2,0.1666666666666666,10645,False,True,4.0,0.3333333333333333,8,0.0,True,"[1, 3, 4, 5, 0, 2, 7, 8, 9, 10, 6, 11]","[""none"", ""none"", ""moveable"", ""none"", ""none"", ""none"", ""moveable"", ""none"", ""none"", ""none"", ""none"", ""none""]","[""bubble"", ""bubble"", ""bubble"", ""bubble"", ""bubble"", ""bubble"", ""bubble"", ""bubble"", ""bubble"", ""bubble"", ""bubble"", ""bubble""]",12.0,1.0,0.3333333333333333,0.1666666666666666,1.0,0.0,0.1818181818181818,0.1666666666666666,0.5,0.0,0.8333333333333334,0.1666666666666666,0.0,0.0,1.0,-0.0454545454545454,-0.0568181818181818,0.0393647910811108,0.0909090909090909,0.2727272727272727,0.3636363636363636,0.4545454545454545,0.0,0.1818181818181818,0.6363636363636364,0.7272727272727273,0.8181818181818182,0.9090909090909092,0.5454545454545454,1.0,0.0,0.0,1.0,0.0,0.0,0.0,1.0,0.0,0.0,0.0,0.0,0.0,0.0,0.0,0.0,0.0,0.0,0.0,0.0,0.0,0.0,0.0,0.0,0.0,0.13636363636363635,0.18181818181818182,0.08333333333333333,0.36363636363636365,0.0
discovery:n12:seed207:shuffled:t4:moveable:k3,discovery,207,12,shuffled,4,0.3333333333333333,moveable,3,0.25,10662,False,False,,,7,0.0909090909090909,True,"[1, 3, 4, 5, 0, 2, 7, 8, 9, 10, 6, 11]","[""none"", ""none"", ""none"", ""none"", ""none"", ""none"", ""none"", ""none"", ""moveable"", ""none"", ""moveable"", ""moveable""]","[""bubble"", ""bubble"", ""bubble"", ""bubble"", ""bubble"", ""bubble"", ""bubble"", ""bubble"", ""bubble"", ""bubble"", ""bubble"", ""bubble""]",12.0,1.0,0.3333333333333333,0.25,1.0,0.0,0.1818181818181818,0.1666666666666666,0.5,0.0,0.75,0.25,0.0,0.0,1.0,-0.0454545454545454,-0.0568181818181818,0.0393647910811108,0.0909090909090909,0.2727272727272727,0.3636363636363636,0.4545454545454545,0.0,0.1818181818181818,0.6363636363636364,0.7272727272727273,0.8181818181818182,0.9090909090909092,0.5454545454545454,1.0,0.0,0.0,0.0,0.0,0.0,0.0,0.0,0.0,1.0,0.0,1.0,1.0,0.0,0.0,0.0,0.0,0.0,0.0,0.0,0.0,0.0,0.0,0.0,0.0,0.15151515151515152,0.36363636363636365,0.16666666666666666,0.2727272727272727,0.0
discovery:n12:seed207:shuffled:t4:immovable:k1,discovery,207,12,shuffled,4,0.3333333333333333,immovable,1,0.0833333333333333,10628,False,False,,,11,0.0909090909090909,True,"[1, 3, 4, 5, 0, 2, 7, 8, 9, 10, 6, 11]","[""none"", ""none"", ""none"", ""none"", ""none"", ""none"", ""none"", ""immovable"", ""none"", ""none"", ""none"", ""none""]","[""bubble"", ""bubble"", ""bubble"", ""bubble"", ""bubble"", ""bubble"", ""bubble"", ""bubble"", ""bubble"", ""bubble"", ""bubble"", ""bubble""]",12.0,1.0,0.3333333333333333,0.0833333333333333,0.0,1.0,0.1818181818181818,0.1666666666666666,0.5,0.0,0.9166666666666666,0.0,0.0833333333333333,0.0833333333333333,1.0,-0.0454545454545454,-0.0568181818181818,0.0393647910811108,0.0909090909090909,0.2727272727272727,0.3636363636363636,0.4545454545454545,0.0,0.1818181818181818,0.6363636363636364,0.7272727272727273,0.8181818181818182,0.9090909090909092,0.5454545454545454,1.0,0.0,0.0,0.0,0.0,0.0,0.0,0.0,0.0,0.0,0.0,0.0,0.0,0.0,0.0,0.0,0.0,0.0,0.0,0.0,1.0,0.0,0.0,0.0,0.0,0.09090909090909091,0.09090909090909091,0.08333333333333333,0.18181818181818182,0.18181818181818182
discovery:n12:seed208:index:t4:moveable:k2,discovery,208,12,index,4,0.3333333333333333,moveable,2,0.1666666666666666,10646,False,False,,,10,0.0909090909090909,True,"[2, 4, 9, 0, 10, 3, 5, 6, 11, 1, 7, 8]","[""none"", ""moveable"", ""none"", ""none"", ""none"", ""none"", ""none"", ""none"", ""none"", ""moveable"", ""none"", ""none""]","[""bubble"", ""bubble"", ""bubble"", ""bubble"", ""bubble"", ""bubble"", ""bubble"", ""bubble"", ""bubble"", ""bubble"", ""bubble"", ""bubble""]",12.0,0.0,0.3333333333333333,0.1666666666666666,1.0,0.0,0.2727272727272727,0.3636363636363636,0.3333333333333333,0.0,0.8333333333333334,0.1666666666666666,0.0,0.0,1.0,-0.0681818181818181,-0.0757575757575757,0.0393647910811108,0.1818181818181818,0.3636363636363636,0.8181818181818182,0.0,0.9090909090909092,0.2727272727272727,0.4545454545454545,0.5454545454545454,1.0,0.0909090909090909,0.6363636363636364,0.7272727272727273,0.0,1.0,0.0,0.0,0.0,0.0,0.0,0.0,0.0,1.0,0.0,0.0,0.0,0.0,0.0,0.0,0.0,0.0,0.0,0.0,0.0,0.0,0.0,0.0,0.5,0.7272727272727273,0.08333333333333333,0.36363636363636365,0.0
discovery:n12:seed208:index:t4:moveable:k3,discovery,208,12,index,4,0.3333333333333333,moveable,3,0.25,10663,False,False,,,8,0.1818181818181818,True,"[2, 4, 9, 0, 10, 3, 5, 6, 11, 1, 7, 8]","[""none"", ""none"", ""none"", ""none"", ""moveable"", ""none"", ""none"", ""moveable"", ""none"", ""moveable"", ""none"", ""none""]","[""bubble"", ""bubble"", ""bubble"", ""bubble"", ""bubble"", ""bubble"", ""bubble"", ""bubble"", ""bubble"", ""bubble"", ""bubble"", ""bubble""]",12.0,0.0,0.3333333333333333,0.25,1.0,0.0,0.2727272727272727,0.3636363636363636,0.3333333333333333,0.0,0.75,0.25,0.0,0.0,1.0,-0.0681818181818181,-0.0757575757575757,0.0393647910811108,0.1818181818181818,0.3636363636363636,0.8181818181818182,0.0,0.9090909090909092,0.2727272727272727,0.4545454545454545,0.5454545454545454,1.0,0.0909090909090909,0.6363636363636364,0.7272727272727273,0.0,0.0,0.0,0.0,1.0,0.0,0.0,1.0,0.0,1.0,0.0,0.0,0.0,0.0,0.0,0.0,0.0,0.0,0.0,0.0,0.0,0.0,0.0,0.0,0.4545454545454546,0.7272727272727273,0.08333333333333333,0.5454545454545454,0.0
discovery:n12:seed208:index:t4:immovable:k1,discovery,208,12,index,4,0.3333333333333333,immovable,1,0.0833333333333333,10629,False,False,,,10,0.0909090909090909,True,"[2, 4, 9, 0, 10, 3, 5, 6, 11, 1, 7, 8]","[""immovable"", ""none"", ""none"", ""none"", ""none"", ""none"", ""none"", ""none"", ""none"", ""none"", ""none"", ""none""]","[""bubble"", ""bubble"", ""bubble"", ""bubble"", ""bubble"", ""bubble"", ""bubble"", ""bubble"", ""bubble"", ""bubble"", ""bubble"", ""bubble""]",12.0,0.0,0.3333333333333333,0.0833333333333333,0.0,1.0,0.2727272727272727,0.3636363636363636,0.3333333333333333,0.0,0.9166666666666666,0.0,0.0833333333333333,0.0833333333333333,1.0,-0.0681818181818181,-0.0757575757575757,0.0393647910811108,0.1818181818181818,0.3636363636363636,0.8181818181818182,0.0,0.9090909090909092,0.2727272727272727,0.4545454545454545,0.5454545454545454,1.0,0.0909090909090909,0.6363636363636364,0.7272727272727273,0.0,0.0,0.0,0.0,0.0,0.0,0.0,0.0,0.0,0.0,0.0,0.0,1.0,0.0,0.0,0.0,0.0,0.0,0.0,0.0,0.0,0.0,0.0,0.0,0.18181818181818182,0.18181818181818182,0.08333333333333333,0.09090909090909091,0.08333333333333333
discovery:n12:seed208:shuffled:t4:moveable:k2,discovery,208,12,shuffled,4,0.3333333333333333,moveable,2,0.1666666666666666,10646,False,True,7.0,0.5833333333333334,11,0.0,True,"[2, 4, 0, 1, 9, 11, 5, 3, 6, 10, 7, 8]","[""none"", ""moveable"", ""none"", ""none"", ""none"", ""none"", ""none"", ""none"", ""none"", ""moveable"", ""none"", ""none""]","[""bubble"", ""bubble"", ""bubble"", ""bubble"", ""bubble"", ""bubble"", ""bubble"", ""bubble"", ""bubble"", ""bubble"", ""bubble"", ""bubble""]",12.0,1.0,0.3333333333333333,0.1666666666666666,1.0,0.0,0.3636363636363636,0.2878787878787879,0.3333333333333333,0.0,0.8333333333333334,0.1666666666666666,0.0,0.0,1.0,-0.0454545454545454,-0.0946969696969696,0.0393647910811108,0.1818181818181818,0.3636363636363636,0.0,0.0909090909090909,0.8181818181818182,1.0,0.4545454545454545,0.2727272727272727,0.5454545454545454,0.9090909090909092,0.6363636363636364,0.7272727272727273,0.0,1.0,0.0,0.0,0.0,0.0,0.0,0.0,0.0,1.0,0.0,0.0,0.0,0.0,0.0,0.0,0.0,0.0,0.0,0.0,0.0,0.0,0.0,0.0,0.18181818181818182,0.2727272727272727,0.08333333333333333,0.36363636363636365,0.0
discovery:n12:seed208:shuffled:t4:moveable:k3,discovery,208,12,shuffled,4,0.3333333333333333,moveable,3,0.25,10663,False,False,,,11,0.0909090909090909,True,"[2, 4, 0, 1, 9, 11, 5, 3, 6, 10, 7, 8]","[""none"", ""none"", ""none"", ""none"", ""moveable"", ""none"", ""none"", ""moveable"", ""none"", ""moveable"", ""none"", ""none""]","[""bubble"", ""bubble"", ""bubble"", ""bubble"", ""bubble"", ""bubble"", ""bubble"", ""bubble"", ""bubble"", ""bubble"", ""bubble"", ""bubble""]",12.0,1.0,0.3333333333333333,0.25,1.0,0.0,0.3636363636363636,0.2878787878787879,0.3333333333333333,0.0,0.75,0.25,0.0,0.0,1.0,-0.0454545454545454,-0.0946969696969696,0.0393647910811108,0.1818181818181818,0.3636363636363636,0.0,0.0909090909090909,0.8181818181818182,1.0,0.4545454545454545,0.2727272727272727,0.5454545454545454,0.9090909090909092,0.6363636363636364,0.7272727272727273,0.0,0.0,0.0,0.0,1.0,0.0,0.0,1.0,0.0,1.0,0.0,0.0,0.0,0.0,0.0,0.0,0.0,0.0,0.0,0.0,0.0,0.0,0.0,0.0,0.30303030303030304,0.45454545454545453,0.08333333333333333,0.5454545454545454,0.0
discovery:n12:seed208:shuffled:t4:immovable:k1,discovery,208,12,shuffled,4,0.3333333333333333,immovable,1,0.0833333333333333,10629,False,False,,,11,0.0909090909090909,True,"[2, 4, 0, 1, 9, 11, 5, 3, 6, 10, 7, 8]","[""immovable"", ""none"", ""none"", ""none"", ""none"", ""none"", ""none"", ""none"", ""none"", ""none"", ""none"", ""none""]","[""bubble"", ""bubble"", ""bubble"", ""bubble"", ""bubble"", ""bubble"", ""bubble"", ""bubble"", ""bubble"", ""bubble"", ""bubble"", ""bubble""]",12.0,1.0,0.3333333333333333,0.0833333333333333,0.0,1.0,0.3636363636363636,0.2878787878787879,0.3333333333333333,0.0,0.9166666666666666,0.0,0.0833333333333333,0.0833333333333333,1.0,-0.0454545454545454,-0.0946969696969696,0.0393647910811108,0.1818181818181818,0.3636363636363636,0.0,0.0909090909090909,0.8181818181818182,1.0,0.4545454545454545,0.2727272727272727,0.5454545454545454,0.9090909090909092,0.6363636363636364,0.7272727272727273,0.0,0.0,0.0,0.0,0.0,0.0,0.0,0.0,0.0,0.0,0.0,0.0,1.0,0.0,0.0,0.0,0.0,0.0,0.0,0.0,0.0,0.0,0.0,0.0,0.18181818181818182,0.18181818181818182,0.08333333333333333,0.09090909090909091,0.10526315789473684
discovery:n12:seed209:index:t4:moveable:k2,discovery,209,12,index,4,0.3333333333333333,moveable,2,0.1666666666666666,10647,False,True,4.0,0.3333333333333333,8,0.0,True,"[0, 3, 5, 1, 6, 2, 8, 4, 9, 7, 11, 10]","[""none"", ""none"", ""none"", ""moveable"", ""none"", ""none"", ""none"", ""none"", ""none"", ""none"", ""moveable"", ""none""]","[""bubble"", ""bubble"", ""bubble"", ""bubble"", ""bubble"", ""bubble"", ""bubble"", ""bubble"", ""bubble"", ""bubble"", ""bubble"", ""bubble""]",12.0,0.0,0.3333333333333333,0.1666666666666666,1.0,0.0,0.4545454545454545,0.1666666666666666,0.25,0.0833333333333333,0.8333333333333334,0.1666666666666666,0.0,0.0,1.0,0.0,-0.0719696969696969,0.1016394535227177,0.0,0.2727272727272727,0.4545454545454545,0.0909090909090909,0.5454545454545454,0.1818181818181818,0.7272727272727273,0.3636363636363636,0.8181818181818182,0.6363636363636364,1.0,0.9090909090909092,0.0,0.0,0.0,1.0,0.0,0.0,0.0,0.0,0.0,0.0,1.0,0.0,0.0,0.0,0.0,0.0,0.0,0.0,0.0,0.0,0.0,0.0,0.0,0.0,0.13636363636363635,0.18181818181818182,0.08333333333333333,0.36363636363636365,0.0
discovery:n12:seed209:index:t4:moveable:k3,discovery,209,12,index,4,0.3333333333333333,moveable,3,0.25,10664,False,True,6.0,0.5,10,0.0,True,"[0, 3, 5, 1, 6, 2, 8, 4, 9, 7, 11, 10]","[""none"", ""none"", ""none"", ""moveable"", ""none"", ""none"", ""none"", ""none"", ""none"", ""moveable"", ""moveable"", ""none""]","[""bubble"", ""bubble"", ""bubble"", ""bubble"", ""bubble"", ""bubble"", ""bubble"", ""bubble"", ""bubble"", ""bubble"", ""bubble"", ""bubble""]",12.0,0.0,0.3333333333333333,0.25,1.0,0.0,0.4545454545454545,0.1666666666666666,0.25,0.0833333333333333,0.75,0.25,0.0,0.0,1.0,0.0,-0.0719696969696969,0.1016394535227177,0.0,0.2727272727272727,0.4545454545454545,0.0909090909090909,0.5454545454545454,0.1818181818181818,0.7272727272727273,0.3636363636363636,0.8181818181818182,0.6363636363636364,1.0,0.9090909090909092,0.0,0.0,0.0,1.0,0.0,0.0,0.0,0.0,0.0,1.0,1.0,0.0,0.0,0.0,0.0,0.0,0.0,0.0,0.0,0.0,0.0,0.0,0.0,0.0,0.15151515151515152,0.18181818181818182,0.16666666666666666,0.36363636363636365,0.0
discovery:n12:seed209:index:t4:immovable:k1,discovery,209,12,index,4,0.3333333333333333,immovable,1,0.0833333333333333,10630,False,False,,,8,0.0909090909090909,True,"[0, 3, 5, 1, 6, 2, 8, 4, 9, 7, 11, 10]","[""none"", ""immovable"", ""none"", ""none"", ""none"", ""none"", ""none"", ""none"", ""none"", ""none"", ""none"", ""none""]","[""bubble"", ""bubble"", ""bubble"", ""bubble"", ""bubble"", ""bubble"", ""bubble"", ""bubble"", ""bubble"", ""bubble"", ""bubble"", ""bubble""]",12.0,0.0,0.3333333333333333,0.0833333333333333,0.0,1.0,0.4545454545454545,0.1666666666666666,0.25,0.0833333333333333,0.9166666666666666,0.0,0.0833333333333333,0.0833333333333333,1.0,0.0,-0.0719696969696969,0.1016394535227177,0.0,0.2727272727272727,0.4545454545454545,0.0909090909090909,0.5454545454545454,0.1818181818181818,0.7272727272727273,0.3636363636363636,0.8181818181818182,0.6363636363636364,1.0,0.9090909090909092,0.0,0.0,0.0,0.0,0.0,0.0,0.0,0.0,0.0,0.0,0.0,0.0,0.0,1.0,0.0,0.0,0.0,0.0,0.0,0.0,0.0,0.0,0.0,0.0,0.18181818181818182,0.18181818181818182,0.08333333333333333,0.18181818181818182,0.18181818181818182
discovery:n12:seed209:shuffled:t4:moveable:k2,discovery,209,12,shuffled,4,0.3333333333333333,moveable,2,0.1666666666666666,10647,False,True,9.0,0.75,13,0.0,True,"[0, 1, 5, 6, 3, 8, 2, 9, 11, 4, 7, 10]","[""none"", ""none"", ""none"", ""moveable"", ""none"", ""none"", ""none"", ""none"", ""none"", ""none"", ""moveable"", ""none""]","[""bubble"", ""bubble"", ""bubble"", ""bubble"", ""bubble"", ""bubble"", ""bubble"", ""bubble"", ""bubble"", ""bubble"", ""bubble"", ""bubble""]",12.0,1.0,0.3333333333333333,0.1666666666666666,1.0,0.0,0.2727272727272727,0.2272727272727272,0.3333333333333333,0.1666666666666666,0.8333333333333334,0.1666666666666666,0.0,0.0,1.0,-0.0454545454545454,-0.0568181818181818,0.1113404428537808,0.0,0.0909090909090909,0.4545454545454545,0.5454545454545454,0.2727272727272727,0.7272727272727273,0.1818181818181818,0.8181818181818182,1.0,0.3636363636363636,0.6363636363636364,0.9090909090909092,0.0,0.0,0.0,1.0,0.0,0.0,0.0,0.0,0.0,0.0,1.0,0.0,0.0,0.0,0.0,0.0,0.0,0.0,0.0,0.0,0.0,0.0,0.0,0.0,0.2727272727272727,0.2727272727272727,0.08333333333333333,0.36363636363636365,0.0
discovery:n12:seed209:shuffled:t4:moveable:k3,discovery,209,12,shuffled,4,0.3333333333333333,moveable,3,0.25,10664,False,False,,,11,0.0909090909090909,True,"[0, 1, 5, 6, 3, 8, 2, 9, 11, 4, 7, 10]","[""none"", ""none"", ""none"", ""moveable"", ""none"", ""none"", ""none"", ""none"", ""none"", ""moveable"", ""moveable"", ""none""]","[""bubble"", ""bubble"", ""bubble"", ""bubble"", ""bubble"", ""bubble"", ""bubble"", ""bubble"", ""bubble"", ""bubble"", ""bubble"", ""bubble""]",12.0,1.0,0.3333333333333333,0.25,1.0,0.0,0.2727272727272727,0.2272727272727272,0.3333333333333333,0.1666666666666666,0.75,0.25,0.0,0.0,1.0,-0.0454545454545454,-0.0568181818181818,0.1113404428537808,0.0,0.0909090909090909,0.4545454545454545,0.5454545454545454,0.2727272727272727,0.7272727272727273,0.1818181818181818,0.8181818181818182,1.0,0.3636363636363636,0.6363636363636364,0.9090909090909092,0.0,0.0,0.0,1.0,0.0,0.0,0.0,0.0,0.0,1.0,1.0,0.0,0.0,0.0,0.0,0.0,0.0,0.0,0.0,0.0,0.0,0.0,0.0,0.0,0.3333333333333333,0.45454545454545453,0.16666666666666666,0.36363636363636365,0.0
discovery:n12:seed209:shuffled:t4:immovable:k1,discovery,209,12,shuffled,4,0.3333333333333333,immovable,1,0.0833333333333333,10630,False,True,4.0,0.3333333333333333,8,0.0,True,"[0, 1, 5, 6, 3, 8, 2, 9, 11, 4, 7, 10]","[""none"", ""immovable"", ""none"", ""none"", ""none"", ""none"", ""none"", ""none"", ""none"", ""none"", ""none"", ""none""]","[""bubble"", ""bubble"", ""bubble"", ""bubble"", ""bubble"", ""bubble"", ""bubble"", ""bubble"", ""bubble"", ""bubble"", ""bubble"", ""bubble""]",12.0,1.0,0.3333333333333333,0.0833333333333333,0.0,1.0,0.2727272727272727,0.2272727272727272,0.3333333333333333,0.1666666666666666,0.9166666666666666,0.0,0.0833333333333333,0.0833333333333333,1.0,-0.0454545454545454,-0.0568181818181818,0.1113404428537808,0.0,0.0909090909090909,0.4545454545454545,0.5454545454545454,0.2727272727272727,0.7272727272727273,0.1818181818181818,0.8181818181818182,1.0,0.3636363636363636,0.6363636363636364,0.9090909090909092,0.0,0.0,0.0,0.0,0.0,0.0,0.0,0.0,0.0,0.0,0.0,0.0,0.0,1.0,0.0,0.0,0.0,0.0,0.0,0.0,0.0,0.0,0.0,0.0,0.0,0.0,0.08333333333333333,0.18181818181818182,0.0
discovery:n12:seed210:index:t4:moveable:k2,discovery,210,12,index,4,0.3333333333333333,moveable,2,0.1666666666666666,10648,False,True,8.0,0.6666666666666666,12,0.0,True,"[0, 6, 2, 4, 1, 8, 3, 7, 9, 5, 11, 10]","[""none"", ""none"", ""none"", ""none"", ""none"", ""none"", ""moveable"", ""none"", ""none"", ""none"", ""none"", ""moveable""]","[""bubble"", ""bubble"", ""bubble"", ""bubble"", ""bubble"", ""bubble"", ""bubble"", ""bubble"", ""bubble"", ""bubble"", ""bubble"", ""bubble""]",12.0,0.0,0.3333333333333333,0.1666666666666666,1.0,0.0,0.4545454545454545,0.2121212121212121,0.25,0.0833333333333333,0.8333333333333334,0.1666666666666666,0.0,0.0,1.0,-0.0227272727272727,-0.0984848484848484,0.0393647910811108,0.0,0.5454545454545454,0.1818181818181818,0.3636363636363636,0.0909090909090909,0.7272727272727273,0.2727272727272727,0.6363636363636364,0.8181818181818182,0.4545454545454545,1.0,0.9090909090909092,0.0,0.0,0.0,0.0,0.0,0.0,1.0,0.0,0.0,0.0,0.0,1.0,0.0,0.0,0.0,0.0,0.0,0.0,0.0,0.0,0.0,0.0,0.0,0.0,0.18181818181818182,0.2727272727272727,0.08333333333333333,0.2727272727272727,0.0
discovery:n12:seed210:index:t4:moveable:k3,discovery,210,12,index,4,0.3333333333333333,moveable,3,0.25,10665,False,True,11.0,0.9166666666666666,15,0.0,True,"[0, 6, 2, 4, 1, 8, 3, 7, 9, 5, 11, 10]","[""none"", ""none"", ""moveable"", ""moveable"", ""none"", ""moveable"", ""none"", ""none"", ""none"", ""none"", ""none"", ""none""]","[""bubble"", ""bubble"", ""bubble"", ""bubble"", ""bubble"", ""bubble"", ""bubble"", ""bubble"", ""bubble"", ""bubble"", ""bubble"", ""bubble""]",12.0,0.0,0.3333333333333333,0.25,1.0,0.0,0.4545454545454545,0.2121212121212121,0.25,0.0833333333333333,0.75,0.25,0.0,0.0,1.0,-0.0227272727272727,-0.0984848484848484,0.0393647910811108,0.0,0.5454545454545454,0.1818181818181818,0.3636363636363636,0.0909090909090909,0.7272727272727273,0.2727272727272727,0.6363636363636364,0.8181818181818182,0.4545454545454545,1.0,0.9090909090909092,0.0,0.0,1.0,1.0,0.0,1.0,0.0,0.0,0.0,0.0,0.0,0.0,0.0,0.0,0.0,0.0,0.0,0.0,0.0,0.0,0.0,0.0,0.0,0.0,0.12121212121212122,0.2727272727272727,0.16666666666666666,0.36363636363636365,0.0
discovery:n12:seed210:index:t4:immovable:k1,discovery,210,12,index,4,0.3333333333333333,immovable,1,0.0833333333333333,10631,False,False,,,7,0.1818181818181818,True,"[0, 6, 2, 4, 1, 8, 3, 7, 9, 5, 11, 10]","[""none"", ""none"", ""none"", ""none"", ""none"", ""none"", ""none"", ""immovable"", ""none"", ""none"", ""none"", ""none""]","[""bubble"", ""bubble"", ""bubble"", ""bubble"", ""bubble"", ""bubble"", ""bubble"", ""bubble"", ""bubble"", ""bubble"", ""bubble"", ""bubble""]",12.0,0.0,0.3333333333333333,0.0833333333333333,0.0,1.0,0.4545454545454545,0.2121212121212121,0.25,0.0833333333333333,0.9166666666666666,0.0,0.0833333333333333,0.0833333333333333,1.0,-0.0227272727272727,-0.0984848484848484,0.0393647910811108,0.0,0.5454545454545454,0.1818181818181818,0.3636363636363636,0.0909090909090909,0.7272727272727273,0.2727272727272727,0.6363636363636364,0.8181818181818182,0.4545454545454545,1.0,0.9090909090909092,0.0,0.0,0.0,0.0,0.0,0.0,0.0,0.0,0.0,0.0,0.0,0.0,0.0,0.0,0.0,0.0,0.0,0.0,0.0,1.0,0.0,0.0,0.0,0.0,0.0,0.0,0.08333333333333333,0.18181818181818182,0.2857142857142857
discovery:n12:seed210:shuffled:t4:moveable:k2,discovery,210,12,shuffled,4,0.3333333333333333,moveable,2,0.1666666666666666,10648,False,True,6.0,0.5,10,0.0,True,"[0, 1, 6, 2, 4, 11, 3, 8, 5, 9, 7, 10]","[""none"", ""none"", ""none"", ""none"", ""none"", ""none"", ""moveable"", ""none"", ""none"", ""none"", ""none"", ""moveable""]","[""bubble"", ""bubble"", ""bubble"", ""bubble"", ""bubble"", ""bubble"", ""bubble"", ""bubble"", ""bubble"", ""bubble"", ""bubble"", ""bubble""]",12.0,1.0,0.3333333333333333,0.1666666666666666,1.0,0.0,0.3636363636363636,0.2121212121212121,0.25,0.1666666666666666,0.8333333333333334,0.1666666666666666,0.0,0.0,1.0,-0.0454545454545454,-0.0984848484848484,0.0787295821622216,0.0,0.0909090909090909,0.5454545454545454,0.1818181818181818,0.3636363636363636,1.0,0.2727272727272727,0.7272727272727273,0.4545454545454545,0.8181818181818182,0.6363636363636364,0.9090909090909092,0.0,0.0,0.0,0.0,0.0,0.0,1.0,0.0,0.0,0.0,0.0,1.0,0.0,0.0,0.0,0.0,0.0,0.0,0.0,0.0,0.0,0.0,0.0,0.0,0.18181818181818182,0.2727272727272727,0.08333333333333333,0.2727272727272727,0.0
discovery:n12:seed210:shuffled:t4:moveable:k3,discovery,210,12,shuffled,4,0.3333333333333333,moveable,3,0.25,10665,False,False,,,13,0.0909090909090909,True,"[0, 1, 6, 2, 4, 11, 3, 8, 5, 9, 7, 10]","[""none"", ""none"", ""moveable"", ""moveable"", ""none"", ""moveable"", ""none"", ""none"", ""none"", ""none"", ""none"", ""none""]","[""bubble"", ""bubble"", ""bubble"", ""bubble"", ""bubble"", ""bubble"", ""bubble"", ""bubble"", ""bubble"", ""bubble"", ""bubble"", ""bubble""]",12.0,1.0,0.3333333333333333,0.25,1.0,0.0,0.3636363636363636,0.2121212121212121,0.25,0.1666666666666666,0.75,0.25,0.0,0.0,0.75,-0.0454545454545454,-0.0984848484848484,0.0787295821622216,0.0,0.0909090909090909,0.5454545454545454,0.1818181818181818,0.3636363636363636,1.0,0.2727272727272727,0.7272727272727273,0.4545454545454545,0.8181818181818182,0.6363636363636364,0.9090909090909092,0.0,0.0,1.0,1.0,0.0,1.0,0.0,0.0,0.0,0.0,0.0,0.0,0.0,0.0,0.0,0.0,0.0,0.0,0.0,0.0,0.0,0.0,0.0,0.0,0.3333333333333333,0.5454545454545454,0.16666666666666666,0.36363636363636365,0.0
discovery:n12:seed210:shuffled:t4:immovable:k1,discovery,210,12,shuffled,4,0.3333333333333333,immovable,1,0.0833333333333333,10631,False,False,,,9,0.1818181818181818,True,"[0, 1, 6, 2, 4, 11, 3, 8, 5, 9, 7, 10]","[""none"", ""none"", ""none"", ""none"", ""none"", ""none"", ""none"", ""immovable"", ""none"", ""none"", ""none"", ""none""]","[""bubble"", ""bubble"", ""bubble"", ""bubble"", ""bubble"", ""bubble"", ""bubble"", ""bubble"", ""bubble"", ""bubble"", ""bubble"", ""bubble""]",12.0,1.0,0.3333333333333333,0.0833333333333333,0.0,1.0,0.3636363636363636,0.2121212121212121,0.25,0.1666666666666666,0.9166666666666666,0.0,0.0833333333333333,0.0833333333333333,0.75,-0.0454545454545454,-0.0984848484848484,0.0787295821622216,0.0,0.0909090909090909,0.5454545454545454,0.1818181818181818,0.3636363636363636,1.0,0.2727272727272727,0.7272727272727273,0.4545454545454545,0.8181818181818182,0.6363636363636364,0.9090909090909092,0.0,0.0,0.0,0.0,0.0,0.0,0.0,0.0,0.0,0.0,0.0,0.0,0.0,0.0,0.0,0.0,0.0,0.0,0.0,1.0,0.0,0.0,0.0,0.0,0.09090909090909091,0.09090909090909091,0.08333333333333333,0.18181818181818182,0.5714285714285714
discovery:n12:seed211:index:t4:moveable:k2,discovery,211,12,index,4,0.3333333333333333,moveable,2,0.1666666666666666,10649,False,False,,,13,0.0909090909090909,True,"[0, 4, 5, 2, 6, 8, 1, 3, 7, 9, 10, 11]","[""none"", ""moveable"", ""none"", ""moveable"", ""none"", ""none"", ""none"", ""none"", ""none"", ""none"", ""none"", ""none""]","[""bubble"", ""bubble"", ""bubble"", ""bubble"", ""bubble"", ""bubble"", ""bubble"", ""bubble"", ""bubble"", ""bubble"", ""bubble"", ""bubble""]",12.0,0.0,0.3333333333333333,0.1666666666666666,1.0,0.0,0.1818181818181818,0.1818181818181818,0.5,0.0833333333333333,0.8333333333333334,0.1666666666666666,0.0,0.0,1.0,-0.0909090909090909,-0.0909090909090909,0.0642824346533225,0.0,0.3636363636363636,0.4545454545454545,0.1818181818181818,0.5454545454545454,0.7272727272727273,0.0909090909090909,0.2727272727272727,0.6363636363636364,0.8181818181818182,0.9090909090909092,1.0,0.0,1.0,0.0,1.0,0.0,0.0,0.0,0.0,0.0,0.0,0.0,0.0,0.0,0.0,0.0,0.0,0.0,0.0,0.0,0.0,0.0,0.0,0.0,0.0,0.18181818181818182,0.2727272727272727,0.08333333333333333,0.36363636363636365,0.0
discovery:n12:seed211:index:t4:moveable:k3,discovery,211,12,index,4,0.3333333333333333,moveable,3,0.25,10666,False,True,6.0,0.5,10,0.0,True,"[0, 4, 5, 2, 6, 8, 1, 3, 7, 9, 10, 11]","[""none"", ""moveable"", ""none"", ""none"", ""moveable"", ""none"", ""none"", ""none"", ""moveable"", ""none"", ""none"", ""none""]","[""bubble"", ""bubble"", ""bubble"", ""bubble"", ""bubble"", ""bubble"", ""bubble"", ""bubble"", ""bubble"", ""bubble"", ""bubble"", ""bubble""]",12.0,0.0,0.3333333333333333,0.25,1.0,0.0,0.1818181818181818,0.1818181818181818,0.5,0.0833333333333333,0.75,0.25,0.0,0.0,1.0,-0.0909090909090909,-0.0909090909090909,0.0642824346533225,0.0,0.3636363636363636,0.4545454545454545,0.1818181818181818,0.5454545454545454,0.7272727272727273,0.0909090909090909,0.2727272727272727,0.6363636363636364,0.8181818181818182,0.9090909090909092,1.0,0.0,1.0,0.0,0.0,1.0,0.0,0.0,0.0,1.0,0.0,0.0,0.0,0.0,0.0,0.0,0.0,0.0,0.0,0.0,0.0,0.0,0.0,0.0,0.0,0.1818181818181818,0.2727272727272727,0.08333333333333333,0.5454545454545454,0.0
discovery:n12:seed211:index:t4:immovable:k1,discovery,211,12,index,4,0.3333333333333333,immovable,1,0.0833333333333333,10632,False,False,,,6,0.0909090909090909,True,"[0, 4, 5, 2, 6, 8, 1, 3, 7, 9, 10, 11]","[""none"", ""none"", ""none"", ""none"", ""immovable"", ""none"", ""none"", ""none"", ""none"", ""none"", ""none"", ""none""]","[""bubble"", ""bubble"", ""bubble"", ""bubble"", ""bubble"", ""bubble"", ""bubble"", ""bubble"", ""bubble"", ""bubble"", ""bubble"", ""bubble""]",12.0,0.0,0.3333333333333333,0.0833333333333333,0.0,1.0,0.1818181818181818,0.1818181818181818,0.5,0.0833333333333333,0.9166666666666666,0.0,0.0833333333333333,0.0833333333333333,1.0,-0.0909090909090909,-0.0909090909090909,0.0642824346533225,0.0,0.3636363636363636,0.4545454545454545,0.1818181818181818,0.5454545454545454,0.7272727272727273,0.0909090909090909,0.2727272727272727,0.6363636363636364,0.8181818181818182,0.9090909090909092,1.0,0.0,0.0,0.0,0.0,0.0,0.0,0.0,0.0,0.0,0.0,0.0,0.0,0.0,0.0,0.0,0.0,1.0,0.0,0.0,0.0,0.0,0.0,0.0,0.0,0.18181818181818182,0.18181818181818182,0.08333333333333333,0.18181818181818182,0.5833333333333334
discovery:n12:seed211:shuffled:t4:moveable:k2,discovery,211,12,shuffled,4,0.3333333333333333,moveable,2,0.1666666666666666,10649,False,False,,,10,0.0909090909090909,True,"[0, 4, 5, 2, 6, 3, 1, 11, 7, 8, 9, 10]","[""none"", ""moveable"", ""none"", ""moveable"", ""none"", ""none"", ""none"", ""none"", ""none"", ""none"", ""none"", ""none""]","[""bubble"", ""bubble"", ""bubble"", ""bubble"", ""bubble"", ""bubble"", ""bubble"", ""bubble"", ""bubble"", ""bubble"", ""bubble"", ""bubble""]",12.0,1.0,0.3333333333333333,0.1666666666666666,1.0,0.0,0.3636363636363636,0.2121212121212121,0.3333333333333333,0.0833333333333333,0.8333333333333334,0.1666666666666666,0.0,0.0,1.0,-0.0454545454545454,-0.0833333333333333,0.0642824346533225,0.0,0.3636363636363636,0.4545454545454545,0.1818181818181818,0.5454545454545454,0.2727272727272727,0.0909090909090909,1.0,0.6363636363636364,0.7272727272727273,0.8181818181818182,0.9090909090909092,0.0,1.0,0.0,1.0,0.0,0.0,0.0,0.0,0.0,0.0,0.0,0.0,0.0,0.0,0.0,0.0,0.0,0.0,0.0,0.0,0.0,0.0,0.0,0.0,0.18181818181818182,0.2727272727272727,0.08333333333333333,0.36363636363636365,0.0
discovery:n12:seed211:shuffled:t4:moveable:k3,discovery,211,12,shuffled,4,0.3333333333333333,moveable,3,0.25,10666,False,True,12.0,1.0,16,0.0,True,"[0, 4, 5, 2, 6, 3, 1, 11, 7, 8, 9, 10]","[""none"", ""moveable"", ""none"", ""none"", ""moveable"", ""none"", ""none"", ""none"", ""moveable"", ""none"", ""none"", ""none""]","[""bubble"", ""bubble"", ""bubble"", ""bubble"", ""bubble"", ""bubble"", ""bubble"", ""bubble"", ""bubble"", ""bubble"", ""bubble"", ""bubble""]",12.0,1.0,0.3333333333333333,0.25,1.0,0.0,0.3636363636363636,0.2121212121212121,0.3333333333333333,0.0833333333333333,0.75,0.25,0.0,0.0,1.0,-0.0454545454545454,-0.0833333333333333,0.0642824346533225,0.0,0.3636363636363636,0.4545454545454545,0.1818181818181818,0.5454545454545454,0.2727272727272727,0.0909090909090909,1.0,0.6363636363636364,0.7272727272727273,0.8181818181818182,0.9090909090909092,0.0,1.0,0.0,0.0,1.0,0.0,0.0,0.0,1.0,0.0,0.0,0.0,0.0,0.0,0.0,0.0,0.0,0.0,0.0,0.0,0.0,0.0,0.0,0.0,0.1818181818181818,0.2727272727272727,0.08333333333333333,0.5454545454545454,0.0
discovery:n12:seed211:shuffled:t4:immovable:k1,discovery,211,12,shuffled,4,0.3333333333333333,immovable,1,0.0833333333333333,10632,False,False,,,8,0.0909090909090909,True,"[0, 4, 5, 2, 6, 3, 1, 11, 7, 8, 9, 10]","[""none"", ""none"", ""none"", ""none"", ""immovable"", ""none"", ""none"", ""none"", ""none"", ""none"", ""none"", ""none""]","[""bubble"", ""bubble"", ""bubble"", ""bubble"", ""bubble"", ""bubble"", ""bubble"", ""bubble"", ""bubble"", ""bubble"", ""bubble"", ""bubble""]",12.0,1.0,0.3333333333333333,0.0833333333333333,0.0,1.0,0.3636363636363636,0.2121212121212121,0.3333333333333333,0.0833333333333333,0.9166666666666666,0.0,0.0833333333333333,0.0833333333333333,0.75,-0.0454545454545454,-0.0833333333333333,0.0642824346533225,0.0,0.3636363636363636,0.4545454545454545,0.1818181818181818,0.5454545454545454,0.2727272727272727,0.0909090909090909,1.0,0.6363636363636364,0.7272727272727273,0.8181818181818182,0.9090909090909092,0.0,0.0,0.0,0.0,0.0,0.0,0.0,0.0,0.0,0.0,0.0,0.0,0.0,0.0,0.0,0.0,1.0,0.0,0.0,0.0,0.0,0.0,0.0,0.0,0.18181818181818182,0.18181818181818182,0.08333333333333333,0.18181818181818182,0.5
discovery:n12:seed212:index:t4:moveable:k2,discovery,212,12,index,4,0.3333333333333333,moveable,2,0.1666666666666666,10650,False,True,15.0,1.25,19,0.0,True,"[1, 2, 4, 5, 3, 6, 0, 8, 7, 9, 10, 11]","[""none"", ""none"", ""none"", ""none"", ""none"", ""none"", ""moveable"", ""none"", ""none"", ""none"", ""none"", ""moveable""]","[""bubble"", ""bubble"", ""bubble"", ""bubble"", ""bubble"", ""bubble"", ""bubble"", ""bubble"", ""bubble"", ""bubble"", ""bubble"", ""bubble""]",12.0,0.0,0.3333333333333333,0.1666666666666666,1.0,0.0,0.2727272727272727,0.1363636363636363,0.3333333333333333,0.0,0.8333333333333334,0.1666666666666666,0.0,0.0,1.0,-0.0681818181818181,-0.0795454545454545,0.1363636363636363,0.0909090909090909,0.1818181818181818,0.3636363636363636,0.4545454545454545,0.2727272727272727,0.5454545454545454,0.0,0.7272727272727273,0.6363636363636364,0.8181818181818182,0.9090909090909092,1.0,0.0,0.0,0.0,0.0,0.0,0.0,1.0,0.0,0.0,0.0,0.0,1.0,0.0,0.0,0.0,0.0,0.0,0.0,0.0,0.0,0.0,0.0,0.0,0.0,0.2727272727272727,0.5454545454545454,0.08333333333333333,0.2727272727272727,0.0
discovery:n12:seed212:index:t4:moveable:k3,discovery,212,12,index,4,0.3333333333333333,moveable,3,0.25,10667,False,True,9.0,0.75,13,0.0,True,"[1, 2, 4, 5, 3, 6, 0, 8, 7, 9, 10, 11]","[""none"", ""none"", ""none"", ""none"", ""moveable"", ""moveable"", ""none"", ""none"", ""none"", ""moveable"", ""none"", ""none""]","[""bubble"", ""bubble"", ""bubble"", ""bubble"", ""bubble"", ""bubble"", ""bubble"", ""bubble"", ""bubble"", ""bubble"", ""bubble"", ""bubble""]",12.0,0.0,0.3333333333333333,0.25,1.0,0.0,0.2727272727272727,0.1363636363636363,0.3333333333333333,0.0,0.75,0.25,0.0,0.0,1.0,-0.0681818181818181,-0.0795454545454545,0.1363636363636363,0.0909090909090909,0.1818181818181818,0.3636363636363636,0.4545454545454545,0.2727272727272727,0.5454545454545454,0.0,0.7272727272727273,0.6363636363636364,0.8181818181818182,0.9090909090909092,1.0,0.0,0.0,0.0,0.0,1.0,1.0,0.0,0.0,0.0,1.0,0.0,0.0,0.0,0.0,0.0,0.0,0.0,0.0,0.0,0.0,0.0,0.0,0.0,0.0,0.06060606060606061,0.09090909090909091,0.16666666666666666,0.36363636363636365,0.0
discovery:n12:seed212:index:t4:immovable:k1,discovery,212,12,index,4,0.3333333333333333,immovable,1,0.0833333333333333,10633,False,False,,,6,0.0909090909090909,True,"[1, 2, 4, 5, 3, 6, 0, 8, 7, 9, 10, 11]","[""none"", ""none"", ""immovable"", ""none"", ""none"", ""none"", ""none"", ""none"", ""none"", ""none"", ""none"", ""none""]","[""bubble"", ""bubble"", ""bubble"", ""bubble"", ""bubble"", ""bubble"", ""bubble"", ""bubble"", ""bubble"", ""bubble"", ""bubble"", ""bubble""]",12.0,0.0,0.3333333333333333,0.0833333333333333,0.0,1.0,0.2727272727272727,0.1363636363636363,0.3333333333333333,0.0,0.9166666666666666,0.0,0.0833333333333333,0.0833333333333333,1.0,-0.0681818181818181,-0.0795454545454545,0.1363636363636363,0.0909090909090909,0.1818181818181818,0.3636363636363636,0.4545454545454545,0.2727272727272727,0.5454545454545454,0.0,0.7272727272727273,0.6363636363636364,0.8181818181818182,0.9090909090909092,1.0,0.0,0.0,0.0,0.0,0.0,0.0,0.0,0.0,0.0,0.0,0.0,0.0,0.0,0.0,1.0,0.0,0.0,0.0,0.0,0.0,0.0,0.0,0.0,0.0,0.18181818181818182,0.18181818181818182,0.08333333333333333,0.18181818181818182,0.4444444444444444
discovery:n12:seed212:shuffled:t4:moveable:k2,discovery,212,12,shuffled,4,0.3333333333333333,moveable,2,0.1666666666666666,10650,False,True,5.0,0.4166666666666667,9,0.0,True,"[1, 2, 0, 5, 6, 4, 10, 3, 8, 7, 9, 11]","[""none"", ""none"", ""none"", ""none"", ""none"", ""none"", ""moveable"", ""none"", ""none"", ""none"", ""none"", ""moveable""]","[""bubble"", ""bubble"", ""bubble"", ""bubble"", ""bubble"", ""bubble"", ""bubble"", ""bubble"", ""bubble"", ""bubble"", ""bubble"", ""bubble""]",12.0,1.0,0.3333333333333333,0.1666666666666666,1.0,0.0,0.3636363636363636,0.1818181818181818,0.25,0.0,0.8333333333333334,0.1666666666666666,0.0,0.0,1.0,-0.0454545454545454,-0.0681818181818181,0.0990658850804698,0.0909090909090909,0.1818181818181818,0.0,0.4545454545454545,0.5454545454545454,0.3636363636363636,0.9090909090909092,0.2727272727272727,0.7272727272727273,0.6363636363636364,0.8181818181818182,1.0,0.0,0.0,0.0,0.0,0.0,0.0,1.0,0.0,0.0,0.0,0.0,1.0,0.0,0.0,0.0,0.0,0.0,0.0,0.0,0.0,0.0,0.0,0.0,0.0,0.18181818181818182,0.36363636363636365,0.08333333333333333,0.2727272727272727,0.0
discovery:n12:seed212:shuffled:t4:moveable:k3,discovery,212,12,shuffled,4,0.3333333333333333,moveable,3,0.25,10667,False,False,,,8,0.0909090909090909,True,"[1, 2, 0, 5, 6, 4, 10, 3, 8, 7, 9, 11]","[""none"", ""none"", ""none"", ""none"", ""moveable"", ""moveable"", ""none"", ""none"", ""none"", ""moveable"", ""none"", ""none""]","[""bubble"", ""bubble"", ""bubble"", ""bubble"", ""bubble"", ""bubble"", ""bubble"", ""bubble"", ""bubble"", ""bubble"", ""bubble"", ""bubble""]",12.0,1.0,0.3333333333333333,0.25,1.0,0.0,0.3636363636363636,0.1818181818181818,0.25,0.0,0.75,0.25,0.0,0.0,0.75,-0.0454545454545454,-0.0681818181818181,0.0990658850804698,0.0909090909090909,0.1818181818181818,0.0,0.4545454545454545,0.5454545454545454,0.3636363636363636,0.9090909090909092,0.2727272727272727,0.7272727272727273,0.6363636363636364,0.8181818181818182,1.0,0.0,0.0,0.0,0.0,1.0,1.0,0.0,0.0,0.0,1.0,0.0,0.0,0.0,0.0,0.0,0.0,0.0,0.0,0.0,0.0,0.0,0.0,0.0,0.0,0.15151515151515152,0.18181818181818182,0.16666666666666666,0.36363636363636365,0.0
discovery:n12:seed212:shuffled:t4:immovable:k1,discovery,212,12,shuffled,4,0.3333333333333333,immovable,1,0.0833333333333333,10633,False,False,,,12,0.0909090909090909,True,"[1, 2, 0, 5, 6, 4, 10, 3, 8, 7, 9, 11]","[""none"", ""none"", ""immovable"", ""none"", ""none"", ""none"", ""none"", ""none"", ""none"", ""none"", ""none"", ""none""]","[""bubble"", ""bubble"", ""bubble"", ""bubble"", ""bubble"", ""bubble"", ""bubble"", ""bubble"", ""bubble"", ""bubble"", ""bubble"", ""bubble""]",12.0,1.0,0.3333333333333333,0.0833333333333333,0.0,1.0,0.3636363636363636,0.1818181818181818,0.25,0.0,0.9166666666666666,0.0,0.0833333333333333,0.0833333333333333,0.75,-0.0454545454545454,-0.0681818181818181,0.0990658850804698,0.0909090909090909,0.1818181818181818,0.0,0.4545454545454545,0.5454545454545454,0.3636363636363636,0.9090909090909092,0.2727272727272727,0.7272727272727273,0.6363636363636364,0.8181818181818182,1.0,0.0,0.0,0.0,0.0,0.0,0.0,0.0,0.0,0.0,0.0,0.0,0.0,0.0,0.0,1.0,0.0,0.0,0.0,0.0,0.0,0.0,0.0,0.0,0.0,0.18181818181818182,0.18181818181818182,0.08333333333333333,0.18181818181818182,0.16666666666666666
