"time"	"cell.id"	"cell.type"	"cell.center.x"	"cell.center.y"	"cell.volume"	"HairCell_Neighbours"	"Sustentacular_Neighbours"	"Mantle_Neighbours"	"celltype.mantle.size"	"celltype.sustentacular.size"	"celltype.hair.size"	"total_cells"
0	1	0	382.5027422	340.7952468	1641	0	2	2	3	2	0	5
0	2	0	342.2415049	389.2706311	1648	0	2	2	3	2	0	5
0	3	0	410.7577602	395.13451	1643	0	1	2	3	2	0	5
0	4	1	358.9100697	364.1925269	1579	0	1	2	3	2	0	5
0	5	1	387.7116603	382.1837769	1578	0	1	3	3	2	0	5

5000	1	0	378.1466829	339.5769933	1643	0	2	2	3	2	0	5
5000	2	0	347.6117861	398.9167679	1646	0	2	2	3	2	0	5
5000	3	0	406.1851401	395.8605359	1642	0	1	2	3	2	0	5
5000	4	1	360.2808349	365.2580645	1581	0	1	2	3	2	0	5
5000	5	1	386.269962	383.7084918	1578	0	1	3	3	2	0	5

10000	1	0	374.4180378	338.2071907	1641	0	2	2	3	2	0	5
10000	2	0	345.9404255	393.7349544	1645	0	2	2	3	2	0	5
10000	3	0	409.5148755	390.8397086	1647	0	1	2	3	2	0	5
10000	4	1	359	366.5117163	1579	0	1	2	3	2	0	5
10000	5	1	389.4559848	379.509183	1579	0	1	3	3	2	0	5

15000	1	0	379.8616697	336.8567946	1641	0	2	2	3	2	0	5
15000	2	0	342.1466829	392.7169811	1643	0	2	2	3	2	0	5
15000	3	0	401.3424741	399.4387569	1641	0	1	2	3	2	0	5
15000	4	1	361.7436709	364.4360759	1580	0	1	2	3	2	0	5
15000	5	1	382.9968374	385.456673	1581	0	1	3	3	2	0	5

20000	1	0	369.3118541	340.7683891	1645	0	2	2	3	2	0	5
20000	2	0	340.3351582	399.0650852	1644	0	2	2	3	2	0	5
20000	3	0	404.8591463	389.670122	1640	0	1	2	3	2	0	5
20000	4	1	354.1520913	366.2332066	1578	0	1	2	3	2	0	5
20000	5	1	379.1561315	386.4848293	1582	0	1	3	3	2	0	5

25000	2	0	348.385131	409.4990859	1641	0	2	2	4	2	0	6
25000	3	0	402.1211937	400.0322777	1642	0	1	2	4	2	0	6
25000	6	0	342.5	339.3215591	1642	0	1	2	4	2	0	6
25000	7	0	390.4698722	343.2933658	1643	0	2	2	4	2	0	6
25000	4	1	351.9708307	372.137603	1577	0	1	3	4	2	0	6
25000	5	1	382.0436985	382.1247625	1579	0	1	3	4	2	0	6

30000	3	0	418.4338818	393.8403413	1641	0	1	2	5	1	2	8
30000	6	0	325.720633	333.466829	1643	1	0	2	5	1	2	8
30000	7	0	401.8904443	336.0413877	1643	2	1	2	5	1	2	8
30000	10	0	313.046837	396.3905109	1644	2	0	2	5	1	2	8
30000	11	0	356.180877	427.9975639	1642	1	1	2	5	1	2	8
30000	5	1	391.7750317	396.5937896	1578	1	0	3	5	1	2	8
30000	8	2	372.3455175	375.0250096	2599	0	0	0	5	1	2	8
30000	9	2	342.0520833	359.0416667	2592	0	0	0	5	1	2	8

35000	10	0	310.0334143	402.4854192	1646	2	0	2	10	1	2	13
35000	11	0	356.8192331	438.6396835	1643	1	1	2	10	1	2	13
35000	12	0	385.6528875	322.3045593	1645	2	1	3	10	1	2	13
35000	14	0	418.1666667	325.4854015	1644	0	0	2	10	1	2	13
35000	15	0	427.9768575	358.274056	1642	1	1	3	10	1	2	13
35000	17	0	304.5054745	349.4294404	1644	1	0	3	10	1	2	13
35000	18	0	318.4318735	307.0997567	1644	0	0	2	10	1	2	13
35000	19	0	351.6886045	311.2333943	1641	1	0	3	10	1	2	13
35000	20	0	433.1218769	392.150518	1641	0	1	2	10	1	2	13
35000	21	0	409.9398176	426.9051672	1645	0	1	2	10	1	2	13
35000	5	1	389.6704689	399.9283904	1578	1	0	5	10	1	2	13
35000	8	2	362.535108	389.623071	2592	0	0	0	10	1	2	13
35000	9	2	342.8191981	360.9333076	2594	0	0	0	10	1	2	13

40000	14	0	437.9433272	304.7867154	1641	0	0	4	21	2	2	25
40000	15	0	443.220122	352.4512195	1640	0	1	3	21	2	2	25
40000	17	0	291.975076	347.4322188	1645	1	0	3	21	2	2	25
40000	19	0	352.0926829	296.6878049	1640	1	0	4	21	2	2	25
40000	20	0	454.0091185	386.2942249	1645	0	1	2	21	2	2	25
40000	22	0	281.5888078	382.1319951	1644	1	0	2	21	2	2	25
40000	23	0	295.9835366	411.520122	1640	1	1	2	21	2	2	25
40000	25	0	410.6382979	336.9537994	1645	0	1	3	21	2	2	25
40000	28	0	442.7724222	420.1995119	1639	0	1	2	21	2	2	25
40000	29	0	414.9312234	436.1332928	1643	0	2	3	21	2	2	25
40000	30	0	314.6457699	437.2854534	1643	0	1	3	21	2	2	25
40000	31	0	328.3531915	473.9142857	1645	0	0	3	21	2	2	25
40000	33	0	382.9872107	315.2691839	1642	1	1	5	21	2	2	25
40000	35	0	282.4077906	309.076689	1643	0	0	3	21	2	2	25
40000	38	0	360.543518	448.558734	1643	0	1	5	21	2	2	25
40000	40	0	376.1672749	263.6739659	1644	0	0	3	21	2	2	25
40000	41	0	408.2065814	278.5648995	1641	0	0	3	21	2	2	25
40000	42	0	316.0876446	279.3128424	1643	0	0	3	21	2	2	25
40000	43	0	324.1906212	318.818514	1642	1	0	4	21	2	2	25
40000	44	0	403.2159367	467.8880779	1644	0	0	3	21	2	2	25
40000	45	0	373.1547837	488.2797075	1641	0	0	3	21	2	2	25
40000	36	1	407.0158128	382.8096142	1581	2	1	6	21	2	2	25
40000	37	1	357.9759189	417.7617237	1578	2	1	4	21	2	2	25
40000	8	2	370.7774355	384.1917597	2597	0	0	0	21	2	2	25
40000	9	2	338.5333333	362.5306358	2595	0	0	0	21	2	2	25

45000	15	0	468.3836784	347.3422655	1642	1	0	3	37	1	6	44
45000	17	0	269.6258379	353.5045704	1641	2	0	3	37	1	6	44
45000	19	0	352.5066991	285.0852619	1642	1	0	6	37	1	6	44
45000	20	0	478.7471054	379.0304692	1641	1	0	2	37	1	6	44
45000	22	0	242.635423	373.3755326	1643	1	0	4	37	1	6	44
45000	23	0	241.8301887	412.8289714	1643	0	0	4	37	1	6	44
45000	25	0	436.9677223	317.8940317	1642	2	0	5	37	1	6	44
45000	28	0	475.8206687	409.4741641	1645	1	0	2	37	1	6	44
45000	29	0	453.5164234	430.0833333	1644	1	1	4	37	1	6	44
45000	40	0	366.3992696	240.9586123	1643	0	0	4	37	1	6	44
45000	41	0	417.0870359	244.2799757	1643	0	0	3	37	1	6	44
45000	42	0	328.5711679	256.6131387	1644	0	0	3	37	1	6	44
45000	43	0	305.3402439	318.754878	1640	2	0	5	37	1	6	44
45000	48	0	345.7013464	537.123011	1634	0	0	4	37	1	6	44
45000	53	0	251.3885505	321.8842875	1642	0	0	4	37	1	6	44
45000	54	0	465.4365079	471.1336996	1638	0	0	3	37	1	6	44
45000	55	0	435.3840049	512.3565324	1638	0	0	4	37	1	6	44
45000	58	0	449.1479002	276.558734	1643	0	0	4	37	1	6	44
45000	59	0	476.4850701	305.9171237	1641	0	0	3	37	1	6	44
45000	60	0	400.7821297	502.0893513	1634	0	0	5	37	1	6	44
45000	61	0	388.3660769	543.4258694	1639	0	0	4	37	1	6	44
45000	62	0	403.7739183	275.3205363	1641	0	0	6	37	1	6	44
45000	63	0	388.0309842	302.9113001	1646	2	0	3	37	1	6	44
45000	66	0	431.7835684	464.8700184	1631	0	0	5	37	1	6	44
45000	67	0	396.7820197	460.7112069	1624	0	1	6	37	1	6	44
45000	71	0	249.471917	471.981685	1638	0	0	4	37	1	6	44
45000	72	0	271.3339427	509.8123096	1641	0	0	4	37	1	6	44
45000	73	0	306.2768949	529.9199267	1636	0	0	3	37	1	6	44
45000	75	0	359.7840491	505.0398773	1630	0	0	6	37	1	6	44
45000	76	0	309.4436923	458.9175385	1625	1	0	7	37	1	6	44
45000	77	0	313.3782955	491.3366033	1631	0	0	7	37	1	6	44
45000	78	0	298.1527693	269.575776	1643	0	0	4	37	1	6	44
45000	79	0	278.4822955	292.1715507	1638	0	0	3	37	1	6	44
45000	80	0	283.1208054	418.147651	1639	1	0	4	37	1	6	44
45000	81	0	272.5675015	447.1588271	1637	0	0	4	37	1	6	44
45000	82	0	347.8285421	450.5585216	974	1	1	4	37	1	6	44
45000	83	0	355.8665319	473.0707786	989	0	0	5	37	1	6	44
45000	50	1	390.6500639	431.8659004	1566	3	0	3	37	1	6	44
45000	8	2	377.4996139	399.465251	2590	0	0	0	37	1	6	44
45000	9	2	348.6737288	340.8701849	2596	0	0	0	37	1	6	44
45000	56	2	395.3617103	342.5423729	2596	0	0	0	37	1	6	44
45000	57	2	425.961835	381.6592136	2594	0	0	0	37	1	6	44
45000	64	2	320.3076032	368.9741413	2591	0	0	0	37	1	6	44
45000	65	2	317.576507	406.1673107	2588	0	0	0	37	1	6	44

50000	15	0	498.0042631	339.8922046	1642	0	0	4	61	0	8	69
50000	17	0	269.120438	377.2956204	1644	2	0	4	61	0	8	69
50000	20	0	514.2030488	373.6603659	1640	0	0	3	61	0	8	69
50000	25	0	458.2604991	334.6494218	1643	2	0	5	61	0	8	69
50000	29	0	471.2971985	440.4037759	1642	1	0	5	61	0	8	69
50000	41	0	454.2184259	221.6766321	1639	0	0	4	61	0	8	69
50000	42	0	281.0213675	224.1037851	1638	0	0	5	61	0	8	69
50000	48	0	346.556231	575.4212766	1645	0	0	4	61	0	8	69
50000	54	0	484.0797322	488.8594035	1643	0	0	5	61	0	8	69
50000	55	0	447.680877	535.1565164	1642	0	0	4	61	0	8	69
50000	58	0	482.8319123	254.3093788	1642	0	0	4	61	0	8	69
50000	59	0	495.6002438	299.575259	1641	0	0	4	61	0	8	69
50000	60	0	407.4975639	536.8769793	1642	0	0	6	61	0	8	69
50000	61	0	389.6205847	569.5249695	1642	0	0	4	61	0	8	69
50000	63	0	418.2493888	306.4651589	1636	1	0	5	61	0	8	69
50000	67	0	408.1962333	484.6178615	1646	1	0	5	61	0	8	69
50000	71	0	227.9627595	487.5445665	1638	0	0	4	61	0	8	69
50000	72	0	247.372871	516.229927	1644	0	0	4	61	0	8	69
50000	75	0	362.7851491	537.7096774	1643	0	0	5	61	0	8	69
50000	76	0	304.5584653	469.9805116	1642	1	0	5	61	0	8	69
50000	77	0	294.6307786	518.5006083	1644	0	0	6	61	0	8	69
50000	78	0	255.6209628	245.5996344	1641	0	0	4	61	0	8	69
50000	79	0	220.4165652	270.6205847	1642	0	0	4	61	0	8	69
50000	80	0	282.6628049	430.3969512	1640	1	0	5	61	0	8	69
50000	81	0	270.7486306	475.6074254	1643	0	0	6	61	0	8	69
50000	82	0	344.5398661	472.7449787	1643	2	0	4	61	0	8	69
50000	84	0	407.9400245	247.6634027	1634	0	0	7	61	0	8	69
50000	86	0	445.3093788	459.8757613	1642	2	0	4	61	0	8	69
50000	87	0	439.7703524	500.1956258	1646	0	0	5	61	0	8	69
50000	89	0	509.8878049	443.2060976	1640	0	0	3	61	0	8	69
50000	92	0	470.2286585	388.1347561	1640	2	0	5	61	0	8	69
50000	93	0	500.5704698	405.1549725	1639	0	0	4	61	0	8	69
50000	97	0	362.6994502	229.6792914	1637	0	0	8	61	0	8	69
50000	98	0	274.339014	549.618381	1643	0	0	3	61	0	8	69
50000	99	0	312.1758977	563.2611077	1643	0	0	4	61	0	8	69
50000	100	0	204.0103532	361.2137637	1642	0	0	4	61	0	8	69
50000	103	0	311.6943765	288.6393643	1636	1	0	7	61	0	8	69
50000	104	0	342.0871951	180.4067073	1640	0	0	4	61	0	8	69
50000	107	0	382.5571167	279.4416616	1637	2	0	4	61	0	8	69
50000	108	0	330.6709324	512.4381475	1641	0	0	7	61	0	8	69
50000	109	0	373.3651276	500.1834751	1646	0	0	5	61	0	8	69
50000	110	0	380.1472205	171.5827734	1637	0	0	4	61	0	8	69
50000	113	0	189.3384054	322.4674376	1643	0	0	4	61	0	8	69
50000	115	0	288.7866748	337.6784841	1636	2	0	4	61	0	8	69
50000	116	0	243.9384146	439.3469512	1640	0	0	6	61	0	8	69
50000	118	0	197.3123856	423.8804149	1639	0	0	4	61	0	8	69
50000	119	0	206.8899696	460.7361702	1645	0	0	3	61	0	8	69
50000	120	0	301.4515539	189.9969531	1641	0	0	3	61	0	8	69
50000	121	0	324.8009768	220.46337	1638	0	0	5	61	0	8	69
50000	122	0	328.40743	256.274665	1642	0	0	5	61	0	8	69
50000	123	0	349.3082569	289.675841	1635	1	0	4	61	0	8	69
50000	124	0	202.2270237	393.0888618	1643	0	0	3	61	0	8	69
50000	125	0	243.5289458	395.0030469	1641	0	0	7	61	0	8	69
50000	126	0	223.6131788	307.7406955	1639	0	0	5	61	0	8	69
50000	127	0	240.2844933	338.7686203	1638	0	0	7	61	0	8	69
50000	128	0	436.711315	267.5584098	1635	0	0	5	61	0	8	69
50000	129	0	458.804893	291.8061162	1635	0	0	5	61	0	8	69
50000	130	0	265.445599	279.9492665	1636	0	0	5	61	0	8	69
50000	131	0	281.999391	305.6632156	1642	0	0	5	61	0	8	69
50000	132	0	422.4623853	195.5425076	1635	0	0	4	61	0	8	69
50000	133	0	395.212844	211.9143731	1635	0	0	4	61	0	8	69
50000	8	2	369.0952932	390.7191358	2592	0	0	0	61	0	8	69
50000	9	2	351.0038625	334.9640788	2589	0	0	0	61	0	8	69
50000	56	2	397.1924412	340.8333976	2593	0	0	0	61	0	8	69
50000	57	2	429.4243827	375.7530864	2592	0	0	0	61	0	8	69
50000	64	2	314.2393822	371.8671815	2590	0	0	0	61	0	8	69
50000	65	2	324.8162871	419.7591663	2591	0	0	0	61	0	8	69
50000	94	2	374.7487495	443.4713351	2599	0	0	0	61	0	8	69
50000	95	2	420.6881513	421.2508684	2591	0	0	0	61	0	8	69

55000	15	0	547.7285453	338.3432745	1643	0	0	4	114	0	8	122
55000	17	0	261.3179331	404.5404255	1645	2	0	5	114	0	8	122
55000	20	0	540.6836983	368.4154501	1644	0	0	5	114	0	8	122
55000	25	0	492.4236153	348.8155813	1643	1	0	5	114	0	8	122
55000	29	0	485.7112462	429.7592705	1645	2	0	5	114	0	8	122
55000	42	0	246.6481707	171.5731707	1640	0	0	5	114	0	8	122
55000	55	0	460.6220329	578.7948874	1643	0	0	4	114	0	8	122
55000	58	0	533.6109756	243.247561	1640	0	0	4	114	0	8	122
55000	60	0	429.5233758	559.2969035	1647	0	0	6	114	0	8	122
55000	61	0	415.7964656	601.5978062	1641	0	0	4	114	0	8	122
55000	71	0	179.5152253	547.9506699	1642	0	0	3	114	0	8	122
55000	72	0	213.1342649	563.4927096	1646	0	0	6	114	0	8	122
55000	75	0	385.656326	579.4689781	1644	0	0	7	114	0	8	122
55000	78	0	212.6353659	186.5878049	1640	0	0	4	114	0	8	122
55000	79	0	157.5255164	217.3699878	1646	0	0	4	114	0	8	122
55000	82	0	371.1292683	497.695122	1640	1	0	4	114	0	8	122
55000	86	0	460.1452888	459.6735562	1645	1	0	4	114	0	8	122
55000	92	0	487.8902439	386.0560976	1640	1	0	4	114	0	8	122
55000	97	0	377.5687233	182.4483812	1637	0	0	6	114	0	8	122
55000	98	0	248.0194766	607.2270237	1643	0	0	5	114	0	8	122
55000	100	0	122.4407295	383.2352584	1645	0	0	5	114	0	8	122
55000	109	0	403.7189781	534.3692214	1644	0	0	6	114	0	8	122
55000	110	0	402.9829684	131.7761557	1644	0	0	5	114	0	8	122
55000	123	0	370.5647416	282.7762918	1645	1	0	4	114	0	8	122
55000	124	0	122.2925046	416.8964046	1641	0	0	4	114	0	8	122
55000	125	0	181.4856969	404.7255021	1643	0	0	7	114	0	8	122
55000	128	0	472.7929354	247.1485993	1642	0	0	6	114	0	8	122
55000	131	0	273.6766139	269.0347138	1642	0	0	7	114	0	8	122
55000	133	0	424.0773918	181.1590494	1641	0	0	7	114	0	8	122
55000	134	0	479.6638298	183.9884498	1645	0	0	4	114	0	8	122
55000	135	0	505.2771011	211.0602923	1642	0	0	4	114	0	8	122
55000	136	0	269.7046285	434.1303289	1642	2	0	4	114	0	8	122
55000	137	0	290.2866707	453.9920876	1643	1	0	5	114	0	8	122
55000	138	0	144.2528946	504.9073736	1641	0	0	4	114	0	8	122
55000	141	0	288.3627511	180.3633597	1643	0	0	7	114	0	8	122
55000	142	0	325.2874543	174.7978076	1642	0	0	6	114	0	8	122
55000	143	0	357.5942648	211.3392312	1639	0	0	6	114	0	8	122
55000	144	0	311.9640244	307.6012195	1640	1	0	5	114	0	8	122
55000	146	0	236.6062271	503.2289377	1638	0	0	7	114	0	8	122
55000	151	0	290.9555691	362.8167985	1643	2	0	4	114	0	8	122
55000	152	0	409.7993902	244.0634146	1640	0	0	7	114	0	8	122
55000	153	0	400.1989051	290.7427007	1644	2	0	4	114	0	8	122
55000	156	0	437.0891875	271.6487477	1637	0	0	6	114	0	8	122
55000	158	0	271.1218921	219.3856883	1649	0	0	6	114	0	8	122
55000	159	0	238.324802	224.9987812	1641	0	0	6	114	0	8	122
55000	160	0	551.2445122	291.6164634	1640	0	0	4	114	0	8	122
55000	161	0	515.7606577	311.5548112	1642	0	0	6	114	0	8	122
55000	163	0	156.7004271	288.2031727	1639	0	0	7	114	0	8	122
55000	164	0	307.1879562	255.9507299	1644	0	0	6	114	0	8	122
55000	165	0	338.7602196	290.2330689	1639	1	0	4	114	0	8	122
55000	166	0	315.5313833	217.3235832	1641	0	0	6	114	0	8	122
55000	167	0	352.221816	246.3174893	1641	0	0	6	114	0	8	122
55000	170	0	435.9567864	314.3164942	1643	2	0	4	114	0	8	122
55000	171	0	468.2685749	330.2649208	1642	1	0	4	114	0	8	122
55000	172	0	374.3552712	110.5783059	1641	0	0	4	114	0	8	122
55000	174	0	168.3329276	372.4035301	1643	0	0	5	114	0	8	122
55000	175	0	219.8114704	386.6418548	1639	0	0	7	114	0	8	122
55000	176	0	454.8321168	216.3826034	1644	0	0	7	114	0	8	122
55000	177	0	406.7399513	212.7624848	1642	0	0	5	114	0	8	122
55000	178	0	333.0786106	99.41925655	1641	0	0	3	114	0	8	122
55000	183	0	228.2180819	475.8124618	1637	0	0	7	114	0	8	122
55000	184	0	140.2810219	337.5121655	1644	0	0	6	114	0	8	122
55000	185	0	106.1479903	343.1449452	1642	0	0	3	114	0	8	122
55000	186	0	512.5532562	268.4808278	1643	0	0	5	114	0	8	122
55000	187	0	477.7325228	288.0079027	1645	0	0	6	114	0	8	122
55000	188	0	287.9518586	125.4984765	1641	0	0	4	114	0	8	122
55000	189	0	257.4105839	138.1703163	1644	0	0	3	114	0	8	122
55000	190	0	356.525228	528.9246201	1645	0	0	6	114	0	8	122
55000	192	0	239.0712112	269.2148509	1643	0	0	5	114	0	8	122
55000	193	0	204.3400366	273.7483242	1641	0	0	6	114	0	8	122
55000	194	0	378.8331303	627.1912302	1642	0	0	3	114	0	8	122
55000	195	0	349.6944614	610.6944614	1643	0	0	5	114	0	8	122
55000	197	0	515.0845499	533.6776156	1644	0	0	4	114	0	8	122
55000	198	0	552.0067278	441.2850153	1635	0	0	3	114	0	8	122
55000	199	0	537.9774802	472.21972	1643	0	0	6	114	0	8	122
55000	200	0	455.5356056	511.5088253	1643	0	0	8	114	0	8	122
55000	201	0	474.9939099	537.7685749	1642	0	0	5	114	0	8	122
55000	202	0	224.0749543	433.4296161	1641	0	0	7	114	0	8	122
55000	203	0	188.0115924	446.1006711	1639	0	0	6	114	0	8	122
55000	204	0	316.4749695	533.4200244	1638	0	0	7	114	0	8	122
55000	205	0	347.9957369	561.7643118	1642	0	0	5	114	0	8	122
55000	206	0	336.4411226	475.6241611	1639	2	0	5	114	0	8	122
55000	207	0	300.2595978	485.6971359	1641	0	0	5	114	0	8	122
55000	208	0	126.1669714	260.8354662	1641	0	0	4	114	0	8	122
55000	209	0	113.3361806	300.8743136	1639	0	0	4	114	0	8	122
55000	210	0	553.0200852	402.2404139	1643	0	0	3	114	0	8	122
55000	211	0	516.7914634	409.0365854	1640	0	0	6	114	0	8	122
55000	212	0	282.7305353	319.3856448	1644	0	0	5	114	0	8	122
55000	213	0	256.8325213	361.4835566	1642	0	0	6	114	0	8	122
55000	214	0	322.984127	131.7051282	1638	0	0	6	114	0	8	122
55000	215	0	359.8625304	149.9914842	1644	0	0	5	114	0	8	122
55000	216	0	433.772175	136.6433779	1646	0	0	3	114	0	8	122
55000	217	0	462.3159174	154.5133657	1646	0	0	3	114	0	8	122
55000	218	0	199.7626293	222.2154595	1643	0	0	6	114	0	8	122
55000	219	0	171.727771	251.5639464	1642	0	0	5	114	0	8	122
55000	220	0	283.0133983	511.9390987	1642	0	0	5	114	0	8	122
55000	221	0	254.6810712	528.5027389	1643	0	0	5	114	0	8	122
55000	222	0	183.1876904	480.9835466	1641	0	0	6	114	0	8	122
55000	223	0	187.0395618	515.1819842	1643	0	0	6	114	0	8	122
55000	224	0	308.1945122	585.3530488	1640	0	0	7	114	0	8	122
55000	226	0	193.720633	312.804017	1643	0	0	5	114	0	8	122
55000	227	0	179.137028	341.7917174	1642	0	0	6	114	0	8	122
55000	228	0	150.8232078	434.300729	1646	0	0	4	114	0	8	122
55000	229	0	131.4021938	465.2285192	1641	0	0	5	114	0	8	122
55000	230	0	323.3440926	623.7003654	1642	0	0	3	114	0	8	122
55000	231	0	290.954878	629.2042683	1640	0	0	3	114	0	8	122
55000	232	0	279.9652439	568.9890244	1640	0	0	6	114	0	8	122
55000	233	0	246.5097442	568.7241169	1642	0	0	4	114	0	8	122
55000	234	0	495.413017	470.9288321	1644	0	0	5	114	0	8	122
55000	235	0	508.7484775	499.9269184	1642	0	0	5	114	0	8	122
55000	236	0	242.796837	309.9440389	1644	0	0	7	114	0	8	122
55000	237	0	225.6219512	341.6847561	1640	0	0	5	114	0	8	122
55000	238	0	428.0912964	476.7857578	1643	2	0	3	114	0	8	122
55000	239	0	407.8482633	496.7818403	1641	1	0	4	114	0	8	122
55000	8	2	377.5125434	395.3222694	2591	0	0	0	114	0	8	122
55000	9	2	356.6723142	341.0650751	2597	0	0	0	114	0	8	122
55000	56	2	403.8518091	343.6293303	2598	0	0	0	114	0	8	122
55000	57	2	439.3147149	379.9557011	2596	0	0	0	114	0	8	122
55000	64	2	321.6870906	379.1942197	2595	0	0	0	114	0	8	122
55000	65	2	331.4247788	424.5813775	2599	0	0	0	114	0	8	122
55000	94	2	381.3338473	447.5686199	2594	0	0	0	114	0	8	122
55000	95	2	429.5441573	422.5915927	2593	0	0	0	114	0	8	122

60000	15	0	586.0353228	338.0730816	1642	0	0	6	190	0	8	198
60000	25	0	540.3404255	354.7355623	1645	0	0	7	190	0	8	198
60000	29	0	503.1412051	424.7845405	1643	1	0	5	190	0	8	198
60000	42	0	195.6446331	125.4251061	1649	0	0	4	190	0	8	198
60000	55	0	525.7861482	619.3238153	1646	0	0	4	190	0	8	198
60000	58	0	601.0986001	221.0870359	1643	0	0	4	190	0	8	198
60000	71	0	134.1281117	589.7795993	1647	0	0	4	190	0	8	198
60000	72	0	170.5781155	616.5598784	1645	0	0	4	190	0	8	198
60000	78	0	155.5377588	139.7515225	1642	0	0	4	190	0	8	198
60000	79	0	107.7974453	179.4793187	1644	0	0	4	190	0	8	198
60000	82	0	353.6502433	503.7962287	1644	2	0	4	190	0	8	198
60000	86	0	476.4193548	449.0809495	1643	1	0	4	190	0	8	198
60000	92	0	493.1387705	391.4284845	1643	2	0	4	190	0	8	198
60000	97	0	371.9392097	142.6863222	1645	0	0	6	190	0	8	198
60000	98	0	209.1956258	645.8037667	1646	0	0	4	190	0	8	198
60000	110	0	419.1290323	56.27023737	1643	0	0	5	190	0	8	198
60000	125	0	127.1913467	418.7233394	1641	0	0	8	190	0	8	198
60000	131	0	241.5212895	234.0510949	1644	0	0	7	190	0	8	198
60000	134	0	541.0133901	148.6372489	1643	0	0	5	190	0	8	198
60000	137	0	300.4091185	471.5677812	1645	1	0	5	190	0	8	198
60000	142	0	324.100426	128.5404747	1643	0	0	7	190	0	8	198
60000	151	0	286.2534954	361.5537994	1645	1	0	6	190	0	8	198
60000	152	0	402.8772036	202.9489362	1645	0	0	7	190	0	8	198
60000	153	0	426.6764347	292.6202686	1638	1	0	5	190	0	8	198
60000	158	0	236.1676792	189.4441069	1646	0	0	6	190	0	8	198
60000	159	0	190.6658566	168.1956258	1646	0	0	8	190	0	8	198
60000	161	0	558.266626	301.2574741	1639	0	0	7	190	0	8	198
60000	163	0	98.58109756	265.2079268	1640	0	0	6	190	0	8	198
60000	165	0	318.059647	291.9433962	1643	0	0	6	190	0	8	198
60000	166	0	282.0804388	167.9719683	1641	0	0	7	190	0	8	198
60000	170	0	452.5069994	319.3146683	1643	2	0	4	190	0	8	198
60000	176	0	482.052471	175.0445394	1639	0	0	7	190	0	8	198
60000	177	0	426.2336791	171.3050641	1639	0	0	6	190	0	8	198
60000	183	0	181.4109422	501.9300912	1645	0	0	8	190	0	8	198
60000	184	0	93.36778116	306.9039514	1645	0	0	7	190	0	8	198
60000	186	0	548.7931873	256.0723844	1644	0	0	5	190	0	8	198
60000	187	0	512.5920732	287.254878	1640	0	0	7	190	0	8	198
60000	192	0	204.0792683	214.054878	1640	0	0	6	190	0	8	198
60000	194	0	391.2363305	684.981774	1646	0	0	4	190	0	8	198
60000	197	0	566.796837	568.5486618	1644	0	0	4	190	0	8	198
60000	198	0	608.0772036	456.8966565	1645	0	0	5	190	0	8	198
60000	200	0	481.3765207	501.0954988	1644	0	0	8	190	0	8	198
60000	202	0	188.9951368	465.3866261	1645	0	0	5	190	0	8	198
60000	203	0	147.040146	459.229927	1644	0	0	6	190	0	8	198
60000	204	0	286.6132765	592.5560292	1642	0	0	6	190	0	8	198
60000	206	0	326.546285	494.6096224	1642	1	0	4	190	0	8	198
60000	207	0	291.3993921	514.9294833	1645	0	0	6	190	0	8	198
60000	208	0	80.17582418	229.8437118	1638	0	0	4	190	0	8	198
60000	209	0	57.57881923	272.5477785	1643	0	0	4	190	0	8	198
60000	211	0	537.8461071	401.3272506	1644	0	0	6	190	0	8	198
60000	212	0	266.2091185	279.5148936	1645	0	0	6	190	0	8	198
60000	214	0	325.7084601	95.69263542	1643	0	0	5	190	0	8	198
60000	215	0	371.7056673	96.12126752	1641	0	0	8	190	0	8	198
60000	216	0	457.4143378	66.38639125	1646	0	0	4	190	0	8	198
60000	219	0	116.9506399	217.2687386	1641	0	0	6	190	0	8	198
60000	221	0	228.8250304	580.2934386	1646	0	0	6	190	0	8	198
60000	222	0	139.1218027	503.6431181	1642	0	0	5	190	0	8	198
60000	226	0	134.7627737	288.9805353	1644	0	0	6	190	0	8	198
60000	227	0	133.1934307	327.9190998	1644	0	0	6	190	0	8	198
60000	228	0	112.2040195	472.9317905	1642	0	0	7	190	0	8	198
60000	230	0	302.4960293	681.8558338	1637	0	0	5	190	0	8	198
60000	231	0	252.3298906	670.9507898	1646	0	0	4	190	0	8	198
60000	232	0	246.7990256	619.4421437	1642	0	0	7	190	0	8	198
60000	233	0	203.873633	602.9507898	1646	0	0	6	190	0	8	198
60000	235	0	556.3630844	522.5768063	1647	0	0	7	190	0	8	198
60000	238	0	453.7268856	472.6100973	1644	1	0	4	190	0	8	198
60000	241	0	174.595122	353.5963415	1640	0	0	6	190	0	8	198
60000	242	0	580.3205363	411.976234	1641	0	0	6	190	0	8	198
60000	245	0	489.3778184	139.5191956	1641	0	0	6	190	0	8	198
60000	246	0	171.5158537	306.3920732	1640	0	0	6	190	0	8	198
60000	249	0	273.6199756	564.138246	1642	0	0	6	190	0	8	198
60000	250	0	325.7687158	546.0669507	1643	0	0	8	190	0	8	198
60000	251	0	369.3138686	591.2372263	1644	0	0	8	190	0	8	198
60000	252	0	574.2563946	170.7947625	1642	0	0	4	190	0	8	198
60000	254	0	407.6642336	627.3856448	1644	0	0	5	190	0	8	198
60000	255	0	377.3873325	648.546285	1642	0	0	6	190	0	8	198
60000	256	0	280.1851401	124.635201	1642	0	0	7	190	0	8	198
60000	257	0	238.2957317	158.5329268	1640	0	0	5	190	0	8	198
60000	258	0	497.227439	91.66646341	1640	0	0	4	190	0	8	198
60000	259	0	527.2839732	118.670323	1641	0	0	3	190	0	8	198
60000	261	0	490.4899574	356.4339623	1643	1	0	5	190	0	8	198
60000	262	0	572.227439	373.5743902	1640	0	0	6	190	0	8	198
60000	263	0	624.1063183	362.0060753	1646	0	0	4	190	0	8	198
60000	264	0	138.9975684	247.3355623	1645	0	0	5	190	0	8	198
60000	265	0	174.9216758	258.7613843	1647	0	0	6	190	0	8	198
60000	266	0	582.963548	259.6294046	1646	0	0	6	190	0	8	198
60000	268	0	625.3823171	267.322561	1640	0	0	4	190	0	8	198
60000	270	0	91.77446809	524.9902736	1645	0	0	5	190	0	8	198
60000	271	0	100.8781231	558.6203534	1641	0	0	3	190	0	8	198
60000	272	0	246.6534954	82.80790274	1645	0	0	5	190	0	8	198
60000	274	0	600.523983	487.9374621	1647	0	0	4	190	0	8	198
60000	275	0	591.5234327	526.1059038	1643	0	0	3	190	0	8	198
60000	278	0	395.3114355	262.966545	1644	0	0	5	190	0	8	198
60000	280	0	355.3819951	286.0109489	1644	0	0	6	190	0	8	198
60000	281	0	387.4226553	301.8532278	1642	2	0	4	190	0	8	198
60000	283	0	439.187081	517.1194394	1641	0	0	6	190	0	8	198
60000	284	0	273.8460134	211.5812538	1643	0	0	5	190	0	8	198
60000	285	0	291.3353621	251.3700548	1643	0	0	6	190	0	8	198
60000	286	0	444.4144417	554.7536408	1648	0	0	6	190	0	8	198
60000	287	0	412.0261876	590.2953715	1642	0	0	6	190	0	8	198
60000	288	0	307.3651856	632.0523433	1643	0	0	6	190	0	8	198
60000	289	0	274.5980512	645.319123	1642	0	0	5	190	0	8	198
60000	292	0	324.2603406	582.1246959	1644	0	0	5	190	0	8	198
60000	293	0	344.0894705	614.9580037	1643	0	0	5	190	0	8	198
60000	294	0	524.7039514	238.8164134	1645	0	0	6	190	0	8	198
60000	297	0	226.6510638	423.7732523	1645	0	0	8	190	0	8	198
60000	299	0	404.7328058	137.6573341	1643	0	0	5	190	0	8	198
60000	300	0	529.2503045	186.5803898	1642	0	0	6	190	0	8	198
60000	301	0	564.7823708	208.7635258	1645	0	0	6	190	0	8	198
60000	303	0	528.6159464	572.2245892	1643	0	0	6	190	0	8	198
60000	304	0	472.5886999	657.0018226	1646	0	0	4	190	0	8	198
60000	305	0	428.825716	667.2730043	1641	0	0	5	190	0	8	198
60000	306	0	148.9780755	178.5243605	1642	0	0	5	190	0	8	198
60000	307	0	166.4386391	212.1452005	1646	0	0	6	190	0	8	198
60000	308	0	340.3848965	659.4001218	1642	0	0	6	190	0	8	198
60000	309	0	346.4945255	696.1843066	1644	0	0	3	190	0	8	198
60000	311	0	313.5821168	209.0809002	1644	0	0	6	190	0	8	198
60000	312	0	204.380085	326.1906497	1647	0	0	7	190	0	8	198
60000	315	0	518.1604863	468.687538	1645	0	0	6	190	0	8	198
60000	316	0	598.806079	296.9136778	1645	0	0	5	190	0	8	198
60000	317	0	628.7982937	320.3004266	1641	0	0	4	190	0	8	198
60000	318	0	484.7838002	563.5962241	1642	0	0	6	190	0	8	198
60000	319	0	495.068168	613.8198418	1643	0	0	6	190	0	8	198
60000	320	0	482.4116931	311.9043849	1642	0	0	5	190	0	8	198
60000	321	0	521.657108	327.2580842	1639	0	0	5	190	0	8	198
60000	322	0	137.9196592	373.9537432	1643	0	0	5	190	0	8	198
60000	323	0	107.4984784	363.5526476	1643	0	0	6	190	0	8	198
60000	324	0	551.3944005	441.6993305	1643	0	0	6	190	0	8	198
60000	325	0	558.6748017	478.5680293	1639	0	0	6	190	0	8	198
60000	326	0	206.3515483	385.5245902	1647	0	0	7	190	0	8	198
60000	327	0	246.4789506	384.4813911	1639	0	0	5	190	0	8	198
60000	328	0	43.98784933	308.1136087	1646	0	0	4	190	0	8	198
60000	330	0	66.1863581	466.2661389	1642	0	0	4	190	0	8	198
60000	331	0	72.24114774	499.5702076	1638	0	0	3	190	0	8	198
60000	332	0	167.4520049	395.7162819	1646	0	0	5	190	0	8	198
60000	333	0	178.2427007	429.0626521	1644	0	0	6	190	0	8	198
60000	334	0	248.2474101	316.8427788	1641	0	0	6	190	0	8	198
60000	335	0	239.8660986	351.2611077	1643	0	0	5	190	0	8	198
60000	336	0	70.99939247	342.8226002	1646	0	0	6	190	0	8	198
60000	338	0	91.41788321	435.0510949	1644	0	0	6	190	0	8	198
60000	339	0	36.81768293	427.575	1640	0	0	4	190	0	8	198
60000	340	0	207.4231707	89.25121951	1640	0	0	3	190	0	8	198
60000	341	0	239.1996348	123.0042605	1643	0	0	6	190	0	8	198
60000	342	0	139.0115642	540.3311016	1643	0	0	7	190	0	8	198
60000	343	0	166.8588808	571.7420925	1644	0	0	5	190	0	8	198
60000	344	0	415.2439173	99.61192214	1644	0	0	6	190	0	8	198
60000	346	0	217.6601942	530.8294903	1648	0	0	5	190	0	8	198
60000	347	0	187.9714112	544.6684915	1644	0	0	6	190	0	8	198
60000	348	0	245.5727328	501.5301278	1643	0	0	7	190	0	8	198
60000	349	0	256.0365631	538.6489945	1641	0	0	5	190	0	8	198
60000	350	0	458.477439	591.297561	1640	0	0	5	190	0	8	198
60000	351	0	449.7504565	627.321972	1643	0	0	6	190	0	8	198
60000	352	0	624.203163	395.3874696	1644	0	0	4	190	0	8	198
60000	353	0	620.6948843	428.3934227	1642	0	0	3	190	0	8	198
60000	355	0	468.230067	270.110773	1643	0	0	6	190	0	8	198
60000	356	0	495.0139648	207.9204614	1647	0	0	5	190	0	8	198
60000	357	0	481.4299635	240.0158343	1642	0	0	6	190	0	8	198
60000	359	0	332.8790274	250.0395137	1645	0	0	6	190	0	8	198
60000	360	0	29.34125533	342.7422303	1641	0	0	3	190	0	8	198
60000	361	0	24.03658537	377.1756098	1640	0	0	5	190	0	8	198
60000	362	0	417.7534997	486.78028	1643	2	0	3	190	0	8	198
60000	363	0	387.5884498	501.975076	1645	1	0	5	190	0	8	198
60000	364	0	290.1394641	317.3928136	1642	0	0	5	190	0	8	198
60000	365	0	326.6798539	331.5216068	1643	2	0	5	190	0	8	198
60000	366	0	281.0644377	404.5835866	1645	2	0	4	190	0	8	198
60000	367	0	282.0268129	436.5399147	1641	1	0	4	190	0	8	198
60000	368	0	80.92574559	385.8368837	1643	0	0	6	190	0	8	198
60000	369	0	56.74711246	406.4607903	1645	0	0	4	190	0	8	198
60000	370	0	258.379878	460.9396341	1640	0	0	5	190	0	8	198
60000	371	0	224.7128954	467.9324818	1644	0	0	5	190	0	8	198
60000	372	0	516.2577697	510.0627666	1641	0	0	5	190	0	8	198
60000	373	0	509.7752126	541.6142163	1646	0	0	5	190	0	8	198
60000	374	0	460.4364742	104.3452888	1645	0	0	5	190	0	8	198
60000	375	0	446.8487805	137.9713415	1640	0	0	6	190	0	8	198
60000	376	0	369.5442343	545.2129347	1639	0	0	5	190	0	8	198
60000	377	0	403.509434	551.2647596	1643	0	0	6	190	0	8	198
60000	378	0	264.4190998	49.42396594	1644	0	0	3	190	0	8	198
60000	379	0	290.1602914	79.76684882	1647	0	0	6	190	0	8	198
60000	380	0	204.9714112	264.9081509	1644	0	0	6	190	0	8	198
60000	381	0	230.5484461	279.4850701	1641	0	0	5	190	0	8	198
60000	382	0	446.4790018	204.7961047	1643	0	0	6	190	0	8	198
60000	383	0	431.729878	241.9634146	1640	0	0	7	190	0	8	198
60000	384	0	357.9336579	206.6421181	1643	0	0	6	190	0	8	198
60000	385	0	375.1508858	232.59438	1637	0	0	6	190	0	8	198
60000	386	0	320.5301645	167.8945765	1641	0	0	5	190	0	8	198
60000	387	0	355.3019441	168.5133657	1646	0	0	5	190	0	8	198
60000	388	0	371.1946472	30.37530414	1644	0	0	3	190	0	8	198
60000	389	0	379.8917275	59.78284672	1644	0	0	4	190	0	8	198
60000	390	0	306.4954296	36.4290067	1641	0	0	3	190	0	8	198
60000	391	0	335.6034063	53.57238443	1644	0	0	6	190	0	8	198
60000	8	2	387.7223938	399.0204633	2590	0	0	0	190	0	8	198
60000	9	2	365.5990748	350.1283732	2594	0	0	0	190	0	8	198
60000	56	2	413.2226502	346.8208783	2596	0	0	0	190	0	8	198
60000	57	2	447.6486903	381.3694145	2596	0	0	0	190	0	8	198
60000	64	2	329.122834	384.0246438	2597	0	0	0	190	0	8	198
60000	65	2	335.9287365	434.0893683	2596	0	0	0	190	0	8	198
60000	94	2	380.9976861	450.5950636	2593	0	0	0	190	0	8	198
60000	95	2	431.5534204	428.7786318	2602	0	0	0	190	0	8	198

65000	25	0	602.153378	362.8746196	1643	0	0	7	292	0	8	300
65000	55	0	573.8611449	664.1412911	1642	0	0	4	292	0	8	300
65000	71	0	68.0006105	671.7564103	1638	0	0	4	292	0	8	300
65000	78	0	53.08526188	48.33861145	1642	0	0	3	292	0	8	300
65000	79	0	40.93856448	72.54622871	1644	0	0	4	292	0	8	300
65000	82	0	380.5578563	549.0091352	1642	0	0	6	292	0	8	300
65000	86	0	533.6453382	453.7513711	1641	0	0	6	292	0	8	300
65000	92	0	534.3187348	390.8096107	1644	0	0	5	292	0	8	300
65000	98	0	198.6980559	737.3845687	1646	0	0	5	292	0	8	300
65000	110	0	516.1917225	13.91965916	1643	0	0	3	292	0	8	300
65000	134	0	623.1383303	103.2998172	1641	0	0	4	292	0	8	300
65000	137	0	334.5761267	505.4360536	1642	0	0	5	292	0	8	300
65000	151	0	289.5182704	371.4214373	1642	1	0	5	292	0	8	300
65000	152	0	455.174284	213.126752	1641	0	0	7	292	0	8	300
65000	158	0	190.5715155	152.0158247	1643	0	0	5	292	0	8	300
65000	159	0	164.452439	104.7719512	1640	0	0	8	292	0	8	300
65000	161	0	600.8045067	307.9719854	1642	0	0	7	292	0	8	300
65000	165	0	326.1444241	265.5106642	1641	0	0	6	292	0	8	300
65000	176	0	549.1607795	145.0414129	1642	0	0	6	292	0	8	300
65000	183	0	149.0915751	569.1575092	1638	0	0	6	292	0	8	300
65000	184	0	100.0444309	308.2264151	1643	0	0	6	292	0	8	300
65000	187	0	560.9860097	274.6776156	1644	0	0	7	292	0	8	300
65000	192	0	156.4128049	151.9390244	1640	0	0	7	292	0	8	300
65000	194	0	410.9829268	762.9810976	1640	0	0	4	292	0	8	300
65000	197	0	610.0213285	618.543571	1641	0	0	5	292	0	8	300
65000	204	0	266.4458637	680.2001217	1644	0	0	6	292	0	8	300
65000	211	0	579.001221	395.0927961	1638	0	0	5	292	0	8	300
65000	212	0	270.1611722	270.8113553	1638	0	0	7	292	0	8	300
65000	214	0	314.2111043	71.16229408	1639	0	0	6	292	0	8	300
65000	219	0	64.71785497	133.2023157	1641	0	0	8	292	0	8	300
65000	221	0	201.9045593	635.2942249	1645	0	0	6	292	0	8	300
65000	226	0	132.9007308	271.5956151	1642	0	0	6	292	0	8	300
65000	227	0	138.4457978	323.9878197	1642	0	0	6	292	0	8	300
65000	230	0	301.6678832	764.526764	1644	0	0	5	292	0	8	300
65000	231	0	241.0139903	758.0924574	1644	0	0	4	292	0	8	300
65000	233	0	199.6824818	678.4373479	1644	0	0	7	292	0	8	300
65000	235	0	617.5326021	560.8439976	1641	0	0	6	292	0	8	300
65000	241	0	170.7471054	345.0085314	1641	0	0	6	292	0	8	300
65000	245	0	579.0218845	100.7702128	1645	0	0	7	292	0	8	300
65000	246	0	165.454823	294.4945055	1638	0	0	6	292	0	8	300
65000	249	0	277.1217285	634.1485088	1643	0	0	6	292	0	8	300
65000	255	0	403.0670323	724.1401584	1641	0	0	6	292	0	8	300
65000	256	0	255.9335366	78.63719512	1640	0	0	7	292	0	8	300
65000	258	0	585.8856448	41.75608273	1644	0	0	4	292	0	8	300
65000	259	0	609.6818735	69.06751825	1644	0	0	3	292	0	8	300
65000	261	0	549.2766606	358.393053	1641	0	0	7	292	0	8	300
65000	262	0	651.8313033	380.8051157	1642	0	0	6	292	0	8	300
65000	264	0	104.7015834	210.8891596	1642	0	0	6	292	0	8	300
65000	265	0	160.2186358	246.1425091	1642	0	0	7	292	0	8	300
65000	268	0	691.9177331	265.4850701	1641	0	0	5	292	0	8	300
65000	271	0	34.82166768	650.6743761	1643	0	0	4	292	0	8	300
65000	272	0	192.8557517	20.7108947	1643	0	0	5	292	0	8	300
65000	275	0	643.4701946	578.4969586	1644	0	0	4	292	0	8	300
65000	278	0	435.9183425	248.3065204	1641	0	0	6	292	0	8	300
65000	280	0	387.5155393	267.5063985	1641	0	0	7	292	0	8	300
65000	281	0	433.7530488	300.4676829	1640	1	0	6	292	0	8	300
65000	289	0	267.6713329	731.9853926	1643	0	0	6	292	0	8	300
65000	292	0	319.1415497	649.0787065	1639	0	0	6	292	0	8	300
65000	293	0	341.6907655	687.3748481	1646	0	0	7	292	0	8	300
65000	294	0	574.2424058	224.8341434	1646	0	0	6	292	0	8	300
65000	299	0	421.6191347	117.8244973	1641	0	0	6	292	0	8	300
65000	300	0	586.2214112	143.2919708	1644	0	0	6	292	0	8	300
65000	303	0	570.068168	622.2057212	1643	0	0	5	292	0	8	300
65000	305	0	453.6407295	749.8206687	1645	0	0	4	292	0	8	300
65000	309	0	353.4269184	772.7423873	1642	0	0	4	292	0	8	300
65000	311	0	307.8180158	183.4716981	1643	0	0	7	292	0	8	300
65000	312	0	207.8393183	320.1698113	1643	0	0	6	292	0	8	300
65000	315	0	570.573601	470.3886861	1644	0	0	6	292	0	8	300
65000	316	0	650.965916	285.7522824	1643	0	0	6	292	0	8	300
65000	317	0	696.8174072	305.1387705	1643	0	0	5	292	0	8	300
65000	318	0	537.3211456	612.5776965	1641	0	0	6	292	0	8	300
65000	319	0	539.5837904	663.68312	1641	0	0	6	292	0	8	300
65000	320	0	538.1342282	305.0707749	1639	0	0	5	292	0	8	300
65000	321	0	569.5993921	331.0334347	1645	0	0	5	292	0	8	300
65000	322	0	131.6772229	374.40743	1642	0	0	6	292	0	8	300
65000	323	0	105.1590494	353.3918342	1641	0	0	6	292	0	8	300
65000	324	0	614.2941535	449.590134	1642	0	0	6	292	0	8	300
65000	325	0	612.9245742	489.122871	1644	0	0	5	292	0	8	300
65000	326	0	199.2530488	368.0878049	1640	0	0	7	292	0	8	300
65000	327	0	246.8448381	387.222358	1637	0	0	6	292	0	8	300
65000	328	0	30.54334554	284.4181929	1638	0	0	5	292	0	8	300
65000	330	0	26.10523114	546.63382	1644	0	0	4	292	0	8	300
65000	331	0	19.77723676	580.3937918	1643	0	0	4	292	0	8	300
65000	332	0	157.3991469	396.6843388	1641	0	0	6	292	0	8	300
65000	333	0	156.5718636	439.6406821	1642	0	0	7	292	0	8	300
65000	334	0	247.8909866	310.5164434	1642	0	0	7	292	0	8	300
65000	335	0	238.7390511	349.2445255	1644	0	0	6	292	0	8	300
65000	336	0	67.56078192	326.1881491	1637	0	0	7	292	0	8	300
65000	338	0	75.41570298	480.9677419	1643	0	0	5	292	0	8	300
65000	341	0	199.4695122	73.63170732	1640	0	0	6	292	0	8	300
65000	343	0	132.7704019	650.4409257	1642	0	0	5	292	0	8	300
65000	344	0	462.2480195	49.94149909	1641	0	0	5	292	0	8	300
65000	348	0	244.8903108	565.5240707	1641	0	0	7	292	0	8	300
65000	349	0	245.9319149	613.3671733	1645	0	0	6	292	0	8	300
65000	350	0	501.2009744	643.7515225	1642	0	0	7	292	0	8	300
65000	351	0	498.336983	680.9841849	1644	0	0	6	292	0	8	300
65000	352	0	702.1598784	389.2024316	1645	0	0	5	292	0	8	300
65000	353	0	699.4616322	426.0030451	1642	0	0	3	292	0	8	300
65000	355	0	518.7343083	269.2193784	1641	0	0	7	292	0	8	300
65000	356	0	563.1023143	186.0359318	1642	0	0	6	292	0	8	300
65000	357	0	536.8360756	226.0645948	1641	0	0	6	292	0	8	300
65000	359	0	349.0303951	228.2164134	1645	0	0	7	292	0	8	300
65000	361	0	21.49300061	375.8417529	1643	0	0	3	292	0	8	300
65000	362	0	431.366687	498.3251983	1639	1	0	4	292	0	8	300
65000	363	0	411.3933131	529.0680851	1645	0	0	5	292	0	8	300
65000	366	0	294.8110571	407.7758202	1646	1	0	5	292	0	8	300
65000	369	0	62.55542022	430.8331303	1642	0	0	7	292	0	8	300
65000	373	0	580.5403423	583.2047677	1636	0	0	7	292	0	8	300
65000	374	0	548.5973154	64.32702868	1639	0	0	6	292	0	8	300
65000	376	0	382.4019548	590.5345144	1637	0	0	6	292	0	8	300
65000	377	0	424.3215591	571.4671133	1642	0	0	7	292	0	8	300
65000	378	0	232.6800487	15.04622871	1644	0	0	3	292	0	8	300
65000	381	0	231.8781231	266.2925046	1641	0	0	5	292	0	8	300
65000	382	0	515.4045012	195.1648418	1644	0	0	7	292	0	8	300
65000	383	0	494.383869	234.8126137	1649	0	0	6	292	0	8	300
65000	384	0	378.6577345	206.7898904	1642	0	0	5	292	0	8	300
65000	385	0	401.6751825	233.4683698	1644	0	0	6	292	0	8	300
65000	387	0	372.646557	159.7471054	1641	0	0	6	292	0	8	300
65000	389	0	421.7044485	46.3503961	1641	0	0	6	292	0	8	300
65000	390	0	292.0542683	13.3847561	1640	0	0	4	292	0	8	300
65000	391	0	332.020073	28.23783455	1644	0	0	5	292	0	8	300
65000	392	0	124.0115572	115.8972019	1644	0	0	6	292	0	8	300
65000	394	0	195.4719512	229.7987805	1640	0	0	6	292	0	8	300
65000	395	0	198.5518293	279.6823171	1640	0	0	6	292	0	8	300
65000	397	0	46.34369287	167.4771481	1641	0	0	5	292	0	8	300
65000	398	0	454.9921069	672.4996964	1647	0	0	6	292	0	8	300
65000	399	0	452.6242387	713.6077954	1642	0	0	6	292	0	8	300
65000	400	0	517.5100548	419.2498477	1641	1	0	5	292	0	8	300
65000	401	0	573.2501525	429.9042099	1639	0	0	7	292	0	8	300
65000	402	0	297.3402439	686.5091463	1640	0	0	5	292	0	8	300
65000	403	0	307.104878	720.9963415	1640	0	0	5	292	0	8	300
65000	404	0	714.4476886	344.4975669	1644	0	0	3	292	0	8	300
65000	405	0	681.3252132	351.7161998	1642	0	0	6	292	0	8	300
65000	406	0	252.8433882	430.4460695	1641	0	0	6	292	0	8	300
65000	407	0	336.3628049	464.4646341	1640	2	0	5	292	0	8	300
65000	408	0	173.0383912	474.0524071	1641	0	0	5	292	0	8	300
65000	410	0	57.01157831	594.6599634	1641	0	0	7	292	0	8	300
65000	411	0	16.63193175	622.812919	1641	0	0	3	292	0	8	300
65000	414	0	99.51738865	694.5576571	1639	0	0	5	292	0	8	300
65000	417	0	499.3965937	516.2183698	1644	0	0	7	292	0	8	300
65000	418	0	369.9560708	61.13117755	1639	0	0	8	292	0	8	300
65000	419	0	410.5996344	80.34125533	1641	0	0	5	292	0	8	300
65000	421	0	524.1214155	565.0067114	1639	0	0	6	292	0	8	300
65000	422	0	353.8709677	288.8241023	1643	0	0	5	292	0	8	300
65000	423	0	396.3589275	304.3753809	1641	2	0	4	292	0	8	300
65000	425	0	459.033455	478.7183698	1644	2	0	5	292	0	8	300
65000	426	0	236.465003	661.1436397	1643	0	0	6	292	0	8	300
65000	427	0	232.8041363	713.1605839	1644	0	0	6	292	0	8	300
65000	428	0	147.9469835	528.9963437	1641	0	0	7	292	0	8	300
65000	429	0	189.2859756	539.5731707	1640	0	0	5	292	0	8	300
65000	430	0	117.9118005	422.6739659	1644	0	0	5	292	0	8	300
65000	431	0	105.5304507	462.3288672	1642	0	0	7	292	0	8	300
65000	436	0	211.8046398	461.4908425	1638	0	0	7	292	0	8	300
65000	438	0	340.0487508	575.7641682	1641	0	0	6	292	0	8	300
65000	439	0	322.7075988	611.1075988	1645	0	0	7	292	0	8	300
65000	440	0	539.7105424	101.1456429	1641	0	0	6	292	0	8	300
65000	442	0	107.424741	553.9031079	1641	0	0	6	292	0	8	300
65000	443	0	108.2070646	592.3130329	1642	0	0	7	292	0	8	300
65000	444	0	323.7614121	143.0888618	1643	0	0	8	292	0	8	300
65000	445	0	342.7204629	181.2764921	1642	0	0	5	292	0	8	300
65000	446	0	378.9591463	504.6420732	1640	2	0	6	292	0	8	300
65000	447	0	335.6411192	540.196472	1644	0	0	6	292	0	8	300
65000	448	0	611.425	226.5908537	1640	0	0	6	292	0	8	300
65000	449	0	595.1423358	268.3430657	1644	0	0	6	292	0	8	300
65000	450	0	486.0999391	445.2236441	1641	2	0	4	292	0	8	300
65000	451	0	501.8591463	481.2304878	1640	0	0	5	292	0	8	300
65000	452	0	417.2809263	642.0968921	1641	0	0	7	292	0	8	300
65000	455	0	139.6603774	723.1381619	1643	0	0	4	292	0	8	300
65000	456	0	544.5276932	501.8594035	1643	0	0	7	292	0	8	300
65000	457	0	543.6871951	545.2164634	1640	0	0	5	292	0	8	300
65000	459	0	102.5676829	252.2591463	1640	0	0	6	292	0	8	300
65000	460	0	620.4591961	407.9677223	1642	0	0	6	292	0	8	300
65000	461	0	655.2092457	421.7408759	1644	0	0	7	292	0	8	300
65000	462	0	67.18303844	375.1696156	1639	0	0	7	292	0	8	300
65000	463	0	89.79255644	406.604637	1639	0	0	6	292	0	8	300
65000	464	0	346.2923264	100.2350792	1642	0	0	5	292	0	8	300
65000	465	0	308.2579075	106.0675182	1644	0	0	5	292	0	8	300
65000	467	0	19.92082826	509.727162	1642	0	0	4	292	0	8	300
65000	468	0	604.440585	173.9244363	1641	0	0	7	292	0	8	300
65000	469	0	632.8018293	188.6262195	1640	0	0	5	292	0	8	300
65000	471	0	460.9890511	15.09245742	1644	0	0	5	292	0	8	300
65000	472	0	456.6374162	89.97135893	1641	0	0	7	292	0	8	300
65000	473	0	501.6684948	78.031688	1641	0	0	6	292	0	8	300
65000	474	0	593.5734308	514.2961609	1641	0	0	6	292	0	8	300
65000	475	0	578.4698355	541.4546009	1641	0	0	5	292	0	8	300
65000	476	0	25.18586228	409.3680683	1641	0	0	4	292	0	8	300
65000	478	0	15.16158537	164.5121951	1640	0	0	3	292	0	8	300
65000	480	0	509.6144945	42.52070646	1642	0	0	6	292	0	8	300
65000	481	0	564.3665653	18.1106383	1645	0	0	4	292	0	8	300
65000	483	0	282.9158537	528.4530488	1640	0	0	8	292	0	8	300
65000	485	0	514.7015834	152.0590743	1642	0	0	6	292	0	8	300
65000	486	0	208.8018293	194.2695122	1640	0	0	6	292	0	8	300
65000	487	0	241.087538	231.5762918	1645	0	0	7	292	0	8	300
65000	488	0	83.78819233	89.23554474	1643	0	0	7	292	0	8	300
65000	489	0	99.21781574	138.033557	1639	0	0	5	292	0	8	300
65000	490	0	374.2531954	110.7102861	1643	0	0	7	292	0	8	300
65000	492	0	68.12887538	200.1592705	1645	0	0	7	292	0	8	300
65000	494	0	132.6836673	11.93685489	1647	0	0	4	292	0	8	300
65000	495	0	173.3829787	50.20790274	1645	0	0	6	292	0	8	300
65000	497	0	240.7326007	487.1880342	1638	0	0	7	292	0	8	300
65000	498	0	429.0273889	603.6469872	1643	0	0	6	292	0	8	300
65000	499	0	459.03961	633.9731871	1641	0	0	5	292	0	8	300
65000	500	0	284.8164634	445.7926829	1640	0	0	6	292	0	8	300
65000	502	0	19.5746496	83.31992687	1641	0	0	3	292	0	8	300
65000	503	0	19.56219512	121.3609756	1640	0	0	4	292	0	8	300
65000	505	0	650.1071211	473.1211199	1643	0	0	7	292	0	8	300
65000	506	0	20.15225335	312.956151	1642	0	0	3	292	0	8	300
65000	507	0	31.69573171	346.4219512	1640	0	0	4	292	0	8	300
65000	508	0	638.0565693	129.1246959	1644	0	0	4	292	0	8	300
65000	509	0	660.6907655	152.2509113	1646	0	0	4	292	0	8	300
65000	510	0	403.5222425	145.11883	1641	0	0	5	292	0	8	300
65000	511	0	415.1913467	188.968312	1641	0	0	6	292	0	8	300
65000	512	0	298.8103659	299.1469512	1640	0	0	7	292	0	8	300
65000	513	0	283.0754258	334.5748175	1644	0	0	5	292	0	8	300
65000	514	0	74.91965916	622.7084601	1643	0	0	5	292	0	8	300
65000	515	0	103.0961656	640.0182593	1643	0	0	6	292	0	8	300
65000	516	0	110.1607795	169.6930572	1642	0	0	8	292	0	8	300
65000	518	0	282.2576313	221.3797314	1638	0	0	5	292	0	8	300
65000	519	0	309.1694089	236.9896405	1641	0	0	5	292	0	8	300
65000	520	0	498.0821668	116.4370055	1643	0	0	5	292	0	8	300
65000	521	0	466.9230303	132.9612121	1650	0	0	6	292	0	8	300
65000	522	0	139.2404139	484.5167377	1643	0	0	5	292	0	8	300
65000	523	0	109.3101343	511.2521368	1638	0	0	7	292	0	8	300
65000	524	0	144.468693	685.5440729	1645	0	0	6	292	0	8	300
65000	525	0	176.7382836	707.3779671	1643	0	0	4	292	0	8	300
65000	527	0	130.2870201	80.92870201	1641	0	0	6	292	0	8	300
65000	529	0	80.12378049	39.85121951	1640	0	0	5	292	0	8	300
65000	530	0	471.1783323	263.839927	1643	0	0	5	292	0	8	300
65000	531	0	468.7120195	297.3788896	1639	0	0	5	292	0	8	300
65000	532	0	154.242535	604.5234613	1641	0	0	8	292	0	8	300
65000	533	0	165.7570037	642.6595615	1642	0	0	5	292	0	8	300
65000	535	0	502.1330079	370.214155	1639	1	0	5	292	0	8	300
65000	536	0	268.4945122	114.270122	1640	0	0	6	292	0	8	300
65000	537	0	268.4759586	143.7650639	1643	0	0	6	292	0	8	300
65000	538	0	57.11388551	247.1181486	1642	0	0	6	292	0	8	300
65000	539	0	77.05599513	276.6932441	1643	0	0	5	292	0	8	300
65000	540	0	293.4	559.7142857	1645	0	0	5	292	0	8	300
65000	541	0	285.006079	593.1592705	1645	0	0	6	292	0	8	300
65000	542	0	58.90348198	514.4532682	1637	0	0	6	292	0	8	300
65000	543	0	72.14468085	551.0419453	1645	0	0	7	292	0	8	300
65000	544	0	13.14765101	451.6211104	1639	0	0	4	292	0	8	300
65000	545	0	37.92865854	467.8329268	1640	0	0	5	292	0	8	300
65000	546	0	445.2095006	163.2892814	1642	0	0	6	292	0	8	300
65000	547	0	479.3493609	179.6956786	1643	0	0	5	292	0	8	300
65000	548	0	288.0796837	46.57846715	1644	0	0	5	292	0	8	300
65000	549	0	245.9037759	45.29902558	1642	0	0	6	292	0	8	300
65000	550	0	675.3818514	525.3605359	1642	0	0	4	292	0	8	300
65000	551	0	641.7635588	525.6873857	1641	0	0	6	292	0	8	300
65000	552	0	305.0377129	482.6423358	1644	0	0	5	292	0	8	300
65000	553	0	271.8680851	487.4237082	1645	0	0	4	292	0	8	300
65000	554	0	90.79098111	19.92687386	1641	0	0	3	292	0	8	300
65000	555	0	138.0109689	47.30834857	1641	0	0	5	292	0	8	300
65000	556	0	661.9089798	229.0366524	1637	0	0	6	292	0	8	300
65000	557	0	636.2888483	255.408897	1641	0	0	5	292	0	8	300
65000	558	0	28.28562728	210.7381242	1642	0	0	5	292	0	8	300
65000	559	0	15.94336175	243.3958587	1642	0	0	3	292	0	8	300
65000	560	0	531.7699817	707.6394143	1639	0	0	4	292	0	8	300
65000	561	0	492.4963415	723.9164634	1640	0	0	4	292	0	8	300
65000	562	0	195.3600973	571.959854	1644	0	0	6	292	0	8	300
65000	563	0	212.0383912	601.1919561	1641	0	0	5	292	0	8	300
65000	564	0	508.6622033	319.2051126	1643	0	0	6	292	0	8	300
65000	565	0	476.575776	335.863664	1643	2	0	4	292	0	8	300
65000	566	0	384.1835366	680.5621951	1640	0	0	6	292	0	8	300
65000	567	0	419.1680877	689.3142509	1642	0	0	5	292	0	8	300
65000	568	0	347.6361974	321.3443023	1641	1	0	4	292	0	8	300
65000	569	0	321.8770542	346.9293974	1643	2	0	4	292	0	8	300
65000	570	0	676.2833638	185.1066423	1641	0	0	4	292	0	8	300
65000	571	0	695.120438	220.6253041	1644	0	0	3	292	0	8	300
65000	572	0	195.4905545	504.7202925	1641	0	0	6	292	0	8	300
65000	573	0	234.3544458	527.5261876	1642	0	0	6	292	0	8	300
65000	574	0	454.0394897	532.0710814	1646	0	0	6	292	0	8	300
65000	575	0	477.4486322	554.6638298	1645	0	0	6	292	0	8	300
65000	576	0	218.0726052	100.1543624	1639	0	0	5	292	0	8	300
65000	577	0	218.0444309	133.8271455	1643	0	0	6	292	0	8	300
65000	578	0	652.1998781	319.6160878	1641	0	0	5	292	0	8	300
65000	579	0	630.7806216	342.3948812	1641	0	0	5	292	0	8	300
65000	580	0	473.9329677	595.6447288	1641	0	0	6	292	0	8	300
65000	581	0	505.1873093	595.8023185	1639	0	0	5	292	0	8	300
65000	582	0	372.3680049	620.8935523	1644	0	0	5	292	0	8	300
65000	583	0	362.0809495	649.1552039	1643	0	0	6	292	0	8	300
65000	584	0	404.4460037	16.6485662	1639	0	0	4	292	0	8	300
65000	585	0	364.9420732	22.62987805	1640	0	0	3	292	0	8	300
65000	586	0	189.2780488	414.2158537	1640	0	0	5	292	0	8	300
65000	587	0	220.7104623	414.7773723	1644	0	0	5	292	0	8	300
65000	588	0	165.1066423	194.4357099	1641	0	0	6	292	0	8	300
65000	589	0	136.5840438	205.3922046	1642	0	0	4	292	0	8	300
65000	590	0	371.2809466	733.7518204	1648	0	0	6	292	0	8	300
65000	591	0	339.3789538	736.6472019	1644	0	0	5	292	0	8	300
65000	592	0	238.2227632	175.8715764	1643	0	0	6	292	0	8	300
65000	593	0	267.3650794	185.3565324	1638	0	0	5	292	0	8	300
65000	594	0	687.2083079	455.9670128	1637	0	0	4	292	0	8	300
65000	595	0	691.8905109	485.4020681	1644	0	0	3	292	0	8	300
65000	8	2	401.7144509	394.7807322	2595	0	0	0	292	0	8	300
65000	9	2	374.5387582	356.2005399	2593	0	0	0	292	0	8	300
65000	56	2	427.3421965	348.6196532	2595	0	0	0	292	0	8	300
65000	57	2	465.7910563	388.6484194	2594	0	0	0	292	0	8	300
65000	64	2	337.8506944	398.4537037	2592	0	0	0	292	0	8	300
65000	65	2	361.5572254	439.6273603	2595	0	0	0	292	0	8	300
65000	94	2	401.0034722	457.3433642	2592	0	0	0	292	0	8	300
65000	95	2	441.15266	429.8793369	2594	0	0	0	292	0	8	300

