family,coefficient,positive_folds,negative_folds,sign_flips,passes_max_two_flips
identity-conditioned,degree_weighted_burden,0,8,0,True
identity-conditioned,degree_weighted_burden__x_degree,8,0,0,True
identity-conditioned,degree_weighted_burden__x_fraction,8,0,0,True
identity-conditioned,degree_weighted_burden__x_random,0,8,0,True
identity-conditioned,ever_infected_fraction,0,8,0,True
identity-conditioned,ever_infected_fraction__x_degree,0,8,0,True
identity-conditioned,ever_infected_fraction__x_fraction,7,1,1,True
identity-conditioned,ever_infected_fraction__x_random,7,1,1,True
identity-conditioned,fraction,8,0,0,True
identity-conditioned,is_degree,2,6,2,True
identity-conditioned,is_random,1,7,1,True
identity-conditioned,late_infection_burden,0,8,0,True
identity-conditioned,late_infection_burden__x_degree,0,8,0,True
identity-conditioned,late_infection_burden__x_fraction,1,7,1,True
identity-conditioned,late_infection_burden__x_random,6,2,2,True
identity-conditioned,mean_infected_duration,2,6,2,True
identity-conditioned,mean_infected_duration__x_degree,8,0,0,True
identity-conditioned,mean_infected_duration__x_fraction,8,0,0,True
identity-conditioned,mean_infected_duration__x_random,0,8,0,True
network,fraction,8,0,0,True
network,infected_betweenness_share,8,0,0,True
network,infected_betweenness_share__x_degree,1,7,1,True
network,infected_betweenness_share__x_fraction,1,7,1,True
network,infected_betweenness_share__x_random,8,0,0,True
network,infected_degree_share,0,8,0,True
network,infected_degree_share__x_degree,0,8,0,True
network,infected_degree_share__x_fraction,1,7,1,True
network,infected_degree_share__x_random,0,8,0,True
network,infected_largest_component_fraction,0,8,0,True
network,infected_largest_component_fraction__x_degree,0,8,0,True
network,infected_largest_component_fraction__x_fraction,8,0,0,True
network,infected_largest_component_fraction__x_random,8,0,0,True
network,infected_mean_degree,5,3,3,False
network,infected_mean_degree__x_degree,8,0,0,True
network,infected_mean_degree__x_fraction,8,0,0,True
network,infected_mean_degree__x_random,0,8,0,True
network,is_degree,7,1,1,True
network,is_random,0,8,0,True
relational,boundary_edge_fraction,0,8,0,True
relational,boundary_edge_fraction__x_degree,0,8,0,True
relational,boundary_edge_fraction__x_fraction,2,6,2,True
relational,boundary_edge_fraction__x_random,1,7,1,True
relational,exposed_susceptible_fraction,8,0,0,True
relational,exposed_susceptible_fraction__x_degree,8,0,0,True
relational,exposed_susceptible_fraction__x_fraction,8,0,0,True
relational,exposed_susceptible_fraction__x_random,0,8,0,True
relational,fraction,8,0,0,True
relational,is_degree,1,7,1,True
relational,is_random,0,8,0,True
relational,mean_infected_neighbors_susceptible,0,8,0,True
relational,mean_infected_neighbors_susceptible__x_degree,0,8,0,True
relational,mean_infected_neighbors_susceptible__x_fraction,2,6,2,True
relational,mean_infected_neighbors_susceptible__x_random,1,7,1,True
relational,same_state_edge_fraction,8,0,0,True
relational,same_state_edge_fraction__x_degree,1,7,1,True
relational,same_state_edge_fraction__x_fraction,8,0,0,True
relational,same_state_edge_fraction__x_random,0,8,0,True
temporal,fraction,8,0,0,True
temporal,infected_slope,0,8,0,True
temporal,infected_slope__x_degree,1,7,1,True
temporal,infected_slope__x_fraction,2,6,2,True
temporal,infected_slope__x_random,6,2,2,True
temporal,infected_tick20,1,7,1,True
temporal,infected_tick20__x_degree,0,8,0,True
temporal,infected_tick20__x_fraction,5,3,3,False
temporal,infected_tick20__x_random,6,2,2,True
temporal,is_degree,4,4,4,False
temporal,is_random,0,8,0,True
temporal,resistant_slope,0,7,0,True
temporal,resistant_slope__x_degree,7,0,0,True
temporal,resistant_slope__x_fraction,0,7,0,True
temporal,resistant_slope__x_random,0,7,0,True
temporal,resistant_tick20,0,7,0,True
temporal,resistant_tick20__x_degree,7,0,0,True
temporal,resistant_tick20__x_fraction,0,7,0,True
temporal,resistant_tick20__x_random,0,7,0,True
