arm,seed_index,seed,split,fraction,is_random,is_degree,extinct,endpoint_tick,endpoint_infected,infected_tick20,infected_mean,infected_max,infected_change,infected_slope,resistant_tick20,resistant_mean,resistant_slope,boundary_edge_fraction,exposed_susceptible_fraction,mean_infected_neighbors_susceptible,same_state_edge_fraction,ever_infected_fraction,mean_infected_duration,max_infected_duration,late_infection_burden,degree_weighted_burden,infected_mean_degree,infected_max_degree,infected_degree_share,infected_largest_component_fraction,resistant_cut_fraction,infected_betweenness_share,node_count
baseline,1,10001,discovery,0.0,0,0,1,66,0,2.0,2.761904761904762,4.0,-1.0,-0.10389610389610396,0.0,0.0,0.0,0.03333333333333333,0.08108108108108109,0.10135135135135136,0.9666666666666667,0.02666666666666667,0.018412698412698412,1.0,0.013333333333333334,0.021322751322751323,7.5,9.0,0.016666666666666666,0.5,0.0,0.013852882289825553,150.0
baseline,2,10002,discovery,0.0,0,0,1,72,0,3.0,2.238095238095238,3.0,0.0,-0.05324675324675327,0.0,0.0,0.0,0.022222222222222223,0.047619047619047616,0.06802721088435375,0.9777777777777777,0.04,0.014920634920634921,1.0,0.015555555555555557,0.01455026455026455,4.666666666666667,6.0,0.015555555555555555,1.0,0.0,0.03224964339270449,150.0
baseline,3,10003,discovery,0.0,0,0,1,22,0,2.0,2.761904761904762,4.0,-1.0,-0.08311688311688303,0.0,0.0,0.0,0.02666666666666667,0.08108108108108109,0.08108108108108109,0.9733333333333334,0.02666666666666667,0.018412698412698412,1.0,0.013333333333333334,0.017195767195767195,6.0,8.0,0.013333333333333334,0.5,0.0,0.008453096378515473,150.0
baseline,4,10004,discovery,0.0,0,0,0,100,9,2.0,1.9523809523809523,3.0,-1.0,0.02727272727272725,0.0,0.0,0.0,0.02666666666666667,0.060810810810810814,0.08108108108108109,0.9733333333333334,0.03333333333333333,0.013015873015873015,1.0,0.013333333333333334,0.01566137566137566,7.0,8.0,0.015555555555555555,1.0,0.0,0.003314738400310747,150.0
baseline,5,10005,discovery,0.0,0,0,0,100,17,10.0,5.9523809523809526,10.0,7.0,0.3792207792207791,1.0,0.09523809523809523,0.02467532467532467,0.09777777777777778,0.18705035971223022,0.31654676258992803,0.8888888888888888,0.09333333333333334,0.03968253968253969,1.0,0.06,0.046031746031746035,6.8,10.0,0.07555555555555556,0.4,0.013333333333333334,0.06265671453223137,150.0
baseline,6,10006,discovery,0.0,0,0,0,100,7,3.0,4.333333333333333,6.0,0.0,0.06623376623376628,0.0,0.0,0.0,0.03777777777777778,0.061224489795918366,0.11564625850340136,0.9622222222222222,0.05333333333333334,0.02888888888888889,0.8095238095238095,0.03,0.033756613756613756,6.333333333333333,8.0,0.021111111111111112,0.6666666666666666,0.0,0.0033666051690815824,150.0
baseline,7,10007,discovery,0.0,0,0,0,100,3,1.0,2.142857142857143,4.0,-2.0,-0.09740259740259744,0.0,0.0,0.0,0.015555555555555555,0.04697986577181208,0.04697986577181208,0.9844444444444445,0.03333333333333333,0.014285714285714285,0.8571428571428571,0.007777777777777778,0.01619047619047619,7.0,7.0,0.0077777777777777776,1.0,0.0,0.010128389893765789,150.0
baseline,8,10008,discovery,0.0,0,0,0,100,17,5.0,3.142857142857143,5.0,2.0,0.050649350649350625,0.0,0.0,0.0,0.04888888888888889,0.0896551724137931,0.15172413793103448,0.9511111111111111,0.04,0.02095238095238095,1.0,0.025555555555555554,0.016825396825396827,6.0,10.0,0.03333333333333333,0.6,0.0,0.028117804511622838,150.0
baseline,14,10014,confirmation,0.0,0,0,1,53,0,2.0,2.142857142857143,3.0,-1.0,-0.08701298701298697,0.0,0.0,0.0,0.02666666666666667,0.05405405405405406,0.08108108108108109,0.9733333333333334,0.03333333333333333,0.014285714285714285,1.0,0.011111111111111112,0.015238095238095238,7.0,8.0,0.015555555555555555,1.0,0.0,0.007756852703731801,150.0
baseline,15,10015,confirmation,0.0,0,0,0,100,10,3.0,3.8095238095238093,6.0,0.0,-0.08961038961038956,0.0,0.0,0.0,0.02666666666666667,0.04081632653061224,0.08163265306122448,0.9733333333333334,0.05333333333333334,0.025396825396825397,1.0,0.017777777777777778,0.01978835978835979,6.0,8.0,0.02,1.0,0.0,0.0063757404054065265,150.0
baseline,16,10016,confirmation,0.0,0,0,0,100,2,3.0,2.6666666666666665,4.0,0.0,0.08961038961038967,1.0,0.2857142857142857,0.05844155844155843,0.03333333333333333,0.06164383561643835,0.10273972602739725,0.9488888888888889,0.06,0.017777777777777778,0.5714285714285714,0.023333333333333334,0.02164021164021164,7.333333333333333,10.0,0.024444444444444446,1.0,0.017777777777777778,0.028741197904635116,150.0
baseline,17,10017,confirmation,0.0,0,0,0,100,4,4.0,3.0,4.0,1.0,0.02077922077922076,0.0,0.0,0.0,0.03777777777777778,0.0684931506849315,0.11643835616438356,0.9622222222222222,0.04,0.02,1.0,0.02222222222222222,0.01894179894179894,5.25,6.0,0.023333333333333334,0.5,0.0,0.0053924293299641,150.0
baseline,18,10018,confirmation,0.0,0,0,0,100,8,5.0,3.4285714285714284,5.0,2.0,0.112987012987013,0.0,0.0,0.0,0.04666666666666667,0.05517241379310345,0.14482758620689656,0.9533333333333334,0.05333333333333334,0.022857142857142857,1.0,0.028888888888888888,0.027566137566137565,7.0,8.0,0.03888888888888889,1.0,0.0,0.024900629020277225,150.0
baseline,19,10019,confirmation,0.0,0,0,1,49,0,3.0,2.0,3.0,0.0,0.007792207792207837,0.0,0.0,0.0,0.022222222222222223,0.04081632653061224,0.06802721088435375,0.9777777777777777,0.04,0.013333333333333334,0.6190476190476191,0.012222222222222221,0.011587301587301587,4.666666666666667,8.0,0.015555555555555555,1.0,0.0,0.004922821727308133,150.0
baseline,20,10020,confirmation,0.0,0,0,0,100,10,5.0,3.6666666666666665,5.0,2.0,0.05194805194805195,0.0,0.0,0.0,0.057777777777777775,0.11724137931034483,0.1793103448275862,0.9422222222222222,0.05333333333333334,0.024444444444444442,1.0,0.03,0.03243386243386243,7.6,9.0,0.042222222222222223,1.0,0.0,0.02455780043281295,150.0
baseline,21,10021,confirmation,0.0,0,0,1,31,0,1.0,2.857142857142857,5.0,-2.0,-0.14025974025974022,0.0,0.0,0.0,0.008888888888888889,0.026845637583892617,0.026845637583892617,0.9911111111111112,0.03333333333333333,0.01904761904761905,1.0,0.01111111111111111,0.02142857142857143,4.0,4.0,0.0044444444444444444,1.0,0.0,0.016763348396268255,150.0
random-10,1,10001,discovery,0.1,1,0,0,100,3,2.0,2.761904761904762,4.0,-1.0,-0.10389610389610396,0.0,0.0,0.0,0.03333333333333333,0.08108108108108109,0.10135135135135136,0.9666666666666667,0.02666666666666667,0.018412698412698412,1.0,0.013333333333333334,0.021322751322751323,7.5,9.0,0.016666666666666666,0.5,0.0,0.013852882289825553,150.0
random-10,2,10002,discovery,0.1,1,0,1,75,0,3.0,2.238095238095238,3.0,0.0,-0.05324675324675327,0.0,0.0,0.0,0.022222222222222223,0.047619047619047616,0.06802721088435375,0.9777777777777777,0.04,0.014920634920634921,1.0,0.015555555555555557,0.01455026455026455,4.666666666666667,6.0,0.015555555555555555,1.0,0.0,0.03224964339270449,150.0
random-10,3,10003,discovery,0.1,1,0,0,100,2,2.0,2.761904761904762,4.0,-1.0,-0.08311688311688303,0.0,0.0,0.0,0.02666666666666667,0.08108108108108109,0.08108108108108109,0.9733333333333334,0.02666666666666667,0.018412698412698412,1.0,0.013333333333333334,0.017195767195767195,6.0,8.0,0.013333333333333334,0.5,0.0,0.008453096378515473,150.0
random-10,4,10004,discovery,0.1,1,0,0,100,5,2.0,1.9523809523809523,3.0,-1.0,0.02727272727272725,0.0,0.0,0.0,0.02666666666666667,0.060810810810810814,0.08108108108108109,0.9733333333333334,0.03333333333333333,0.013015873015873015,1.0,0.013333333333333334,0.01566137566137566,7.0,8.0,0.015555555555555555,1.0,0.0,0.003314738400310747,150.0
random-10,5,10005,discovery,0.1,1,0,0,100,12,10.0,5.9523809523809526,10.0,7.0,0.3792207792207791,1.0,0.09523809523809523,0.02467532467532467,0.09777777777777778,0.18705035971223022,0.31654676258992803,0.8888888888888888,0.09333333333333334,0.03968253968253969,1.0,0.06,0.046031746031746035,6.8,10.0,0.07555555555555556,0.4,0.013333333333333334,0.06265671453223137,150.0
random-10,6,10006,discovery,0.1,1,0,0,100,4,3.0,4.333333333333333,6.0,0.0,0.06623376623376628,0.0,0.0,0.0,0.03777777777777778,0.061224489795918366,0.11564625850340136,0.9622222222222222,0.05333333333333334,0.02888888888888889,0.8095238095238095,0.03,0.033756613756613756,6.333333333333333,8.0,0.021111111111111112,0.6666666666666666,0.0,0.0033666051690815824,150.0
random-10,7,10007,discovery,0.1,1,0,0,100,14,1.0,2.142857142857143,4.0,-2.0,-0.09740259740259744,0.0,0.0,0.0,0.015555555555555555,0.04697986577181208,0.04697986577181208,0.9844444444444445,0.03333333333333333,0.014285714285714285,0.8571428571428571,0.007777777777777778,0.01619047619047619,7.0,7.0,0.0077777777777777776,1.0,0.0,0.010128389893765789,150.0
random-10,8,10008,discovery,0.1,1,0,0,100,8,5.0,3.142857142857143,5.0,2.0,0.050649350649350625,0.0,0.0,0.0,0.04888888888888889,0.0896551724137931,0.15172413793103448,0.9511111111111111,0.04,0.02095238095238095,1.0,0.025555555555555554,0.016825396825396827,6.0,10.0,0.03333333333333333,0.6,0.0,0.028117804511622838,150.0
random-10,14,10014,confirmation,0.1,1,0,1,23,0,2.0,2.142857142857143,3.0,-1.0,-0.08701298701298697,0.0,0.0,0.0,0.02666666666666667,0.05405405405405406,0.08108108108108109,0.9733333333333334,0.03333333333333333,0.014285714285714285,1.0,0.011111111111111112,0.015238095238095238,7.0,8.0,0.015555555555555555,1.0,0.0,0.007756852703731801,150.0
random-10,15,10015,confirmation,0.1,1,0,0,100,1,3.0,3.8095238095238093,6.0,0.0,-0.08961038961038956,0.0,0.0,0.0,0.02666666666666667,0.04081632653061224,0.08163265306122448,0.9733333333333334,0.05333333333333334,0.025396825396825397,1.0,0.017777777777777778,0.01978835978835979,6.0,8.0,0.02,1.0,0.0,0.0063757404054065265,150.0
random-10,16,10016,confirmation,0.1,1,0,1,33,0,3.0,2.6666666666666665,4.0,0.0,0.08961038961038967,1.0,0.2857142857142857,0.05844155844155843,0.03333333333333333,0.06164383561643835,0.10273972602739725,0.9488888888888889,0.06,0.017777777777777778,0.5714285714285714,0.023333333333333334,0.02164021164021164,7.333333333333333,10.0,0.024444444444444446,1.0,0.017777777777777778,0.028741197904635116,150.0
random-10,17,10017,confirmation,0.1,1,0,0,100,2,4.0,3.0,4.0,1.0,0.02077922077922076,0.0,0.0,0.0,0.03777777777777778,0.0684931506849315,0.11643835616438356,0.9622222222222222,0.04,0.02,1.0,0.02222222222222222,0.01894179894179894,5.25,6.0,0.023333333333333334,0.5,0.0,0.0053924293299641,150.0
random-10,18,10018,confirmation,0.1,1,0,0,100,1,5.0,3.4285714285714284,5.0,2.0,0.112987012987013,0.0,0.0,0.0,0.04666666666666667,0.05517241379310345,0.14482758620689656,0.9533333333333334,0.05333333333333334,0.022857142857142857,1.0,0.028888888888888888,0.027566137566137565,7.0,8.0,0.03888888888888889,1.0,0.0,0.024900629020277225,150.0
random-10,19,10019,confirmation,0.1,1,0,0,100,4,3.0,2.0,3.0,0.0,0.007792207792207837,0.0,0.0,0.0,0.022222222222222223,0.04081632653061224,0.06802721088435375,0.9777777777777777,0.04,0.013333333333333334,0.6190476190476191,0.012222222222222221,0.011587301587301587,4.666666666666667,8.0,0.015555555555555555,1.0,0.0,0.004922821727308133,150.0
random-10,20,10020,confirmation,0.1,1,0,0,100,5,5.0,3.6666666666666665,5.0,2.0,0.05194805194805195,0.0,0.0,0.0,0.057777777777777775,0.11724137931034483,0.1793103448275862,0.9422222222222222,0.05333333333333334,0.024444444444444442,1.0,0.03,0.03243386243386243,7.6,9.0,0.042222222222222223,1.0,0.0,0.02455780043281295,150.0
random-10,21,10021,confirmation,0.1,1,0,1,66,0,1.0,2.857142857142857,5.0,-2.0,-0.14025974025974022,0.0,0.0,0.0,0.008888888888888889,0.026845637583892617,0.026845637583892617,0.9911111111111112,0.03333333333333333,0.01904761904761905,1.0,0.01111111111111111,0.02142857142857143,4.0,4.0,0.0044444444444444444,1.0,0.0,0.016763348396268255,150.0
degree-10,1,10001,discovery,0.1,0,1,1,26,0,2.0,2.761904761904762,4.0,-1.0,-0.10389610389610396,0.0,0.0,0.0,0.03333333333333333,0.08108108108108109,0.10135135135135136,0.9666666666666667,0.02666666666666667,0.018412698412698412,1.0,0.013333333333333334,0.021322751322751323,7.5,9.0,0.016666666666666666,0.5,0.0,0.013852882289825553,150.0
degree-10,2,10002,discovery,0.1,0,1,0,100,3,3.0,2.238095238095238,3.0,0.0,-0.05324675324675327,0.0,0.0,0.0,0.022222222222222223,0.047619047619047616,0.06802721088435375,0.9777777777777777,0.04,0.014920634920634921,1.0,0.015555555555555557,0.01455026455026455,4.666666666666667,6.0,0.015555555555555555,1.0,0.0,0.03224964339270449,150.0
degree-10,3,10003,discovery,0.1,0,1,1,56,0,2.0,2.761904761904762,4.0,-1.0,-0.08311688311688303,0.0,0.0,0.0,0.02666666666666667,0.08108108108108109,0.08108108108108109,0.9733333333333334,0.02666666666666667,0.018412698412698412,1.0,0.013333333333333334,0.017195767195767195,6.0,8.0,0.013333333333333334,0.5,0.0,0.008453096378515473,150.0
degree-10,4,10004,discovery,0.1,0,1,0,100,1,2.0,1.9523809523809523,3.0,-1.0,0.02727272727272725,0.0,0.0,0.0,0.02666666666666667,0.060810810810810814,0.08108108108108109,0.9733333333333334,0.03333333333333333,0.013015873015873015,1.0,0.013333333333333334,0.01566137566137566,7.0,8.0,0.015555555555555555,1.0,0.0,0.003314738400310747,150.0
degree-10,5,10005,discovery,0.1,0,1,0,100,4,10.0,5.9523809523809526,10.0,7.0,0.3792207792207791,1.0,0.09523809523809523,0.02467532467532467,0.09777777777777778,0.18705035971223022,0.31654676258992803,0.8888888888888888,0.09333333333333334,0.03968253968253969,1.0,0.06,0.046031746031746035,6.8,10.0,0.07555555555555556,0.4,0.013333333333333334,0.06265671453223137,150.0
degree-10,6,10006,discovery,0.1,0,1,0,100,8,3.0,4.333333333333333,6.0,0.0,0.06623376623376628,0.0,0.0,0.0,0.03777777777777778,0.061224489795918366,0.11564625850340136,0.9622222222222222,0.05333333333333334,0.02888888888888889,0.8095238095238095,0.03,0.033756613756613756,6.333333333333333,8.0,0.021111111111111112,0.6666666666666666,0.0,0.0033666051690815824,150.0
degree-10,7,10007,discovery,0.1,0,1,1,55,0,1.0,2.142857142857143,4.0,-2.0,-0.09740259740259744,0.0,0.0,0.0,0.015555555555555555,0.04697986577181208,0.04697986577181208,0.9844444444444445,0.03333333333333333,0.014285714285714285,0.8571428571428571,0.007777777777777778,0.01619047619047619,7.0,7.0,0.0077777777777777776,1.0,0.0,0.010128389893765789,150.0
degree-10,8,10008,discovery,0.1,0,1,1,34,0,5.0,3.142857142857143,5.0,2.0,0.050649350649350625,0.0,0.0,0.0,0.04888888888888889,0.0896551724137931,0.15172413793103448,0.9511111111111111,0.04,0.02095238095238095,1.0,0.025555555555555554,0.016825396825396827,6.0,10.0,0.03333333333333333,0.6,0.0,0.028117804511622838,150.0
degree-10,14,10014,confirmation,0.1,0,1,1,36,0,2.0,2.142857142857143,3.0,-1.0,-0.08701298701298697,0.0,0.0,0.0,0.02666666666666667,0.05405405405405406,0.08108108108108109,0.9733333333333334,0.03333333333333333,0.014285714285714285,1.0,0.011111111111111112,0.015238095238095238,7.0,8.0,0.015555555555555555,1.0,0.0,0.007756852703731801,150.0
degree-10,15,10015,confirmation,0.1,0,1,0,100,4,3.0,3.8095238095238093,6.0,0.0,-0.08961038961038956,0.0,0.0,0.0,0.02666666666666667,0.04081632653061224,0.08163265306122448,0.9733333333333334,0.05333333333333334,0.025396825396825397,1.0,0.017777777777777778,0.01978835978835979,6.0,8.0,0.02,1.0,0.0,0.0063757404054065265,150.0
degree-10,16,10016,confirmation,0.1,0,1,1,94,0,3.0,2.6666666666666665,4.0,0.0,0.08961038961038967,1.0,0.2857142857142857,0.05844155844155843,0.03333333333333333,0.06164383561643835,0.10273972602739725,0.9488888888888889,0.06,0.017777777777777778,0.5714285714285714,0.023333333333333334,0.02164021164021164,7.333333333333333,10.0,0.024444444444444446,1.0,0.017777777777777778,0.028741197904635116,150.0
degree-10,17,10017,confirmation,0.1,0,1,0,100,2,4.0,3.0,4.0,1.0,0.02077922077922076,0.0,0.0,0.0,0.03777777777777778,0.0684931506849315,0.11643835616438356,0.9622222222222222,0.04,0.02,1.0,0.02222222222222222,0.01894179894179894,5.25,6.0,0.023333333333333334,0.5,0.0,0.0053924293299641,150.0
degree-10,18,10018,confirmation,0.1,0,1,0,100,4,5.0,3.4285714285714284,5.0,2.0,0.112987012987013,0.0,0.0,0.0,0.04666666666666667,0.05517241379310345,0.14482758620689656,0.9533333333333334,0.05333333333333334,0.022857142857142857,1.0,0.028888888888888888,0.027566137566137565,7.0,8.0,0.03888888888888889,1.0,0.0,0.024900629020277225,150.0
degree-10,19,10019,confirmation,0.1,0,1,0,100,5,3.0,2.0,3.0,0.0,0.007792207792207837,0.0,0.0,0.0,0.022222222222222223,0.04081632653061224,0.06802721088435375,0.9777777777777777,0.04,0.013333333333333334,0.6190476190476191,0.012222222222222221,0.011587301587301587,4.666666666666667,8.0,0.015555555555555555,1.0,0.0,0.004922821727308133,150.0
degree-10,20,10020,confirmation,0.1,0,1,0,100,4,5.0,3.6666666666666665,5.0,2.0,0.05194805194805195,0.0,0.0,0.0,0.057777777777777775,0.11724137931034483,0.1793103448275862,0.9422222222222222,0.05333333333333334,0.024444444444444442,1.0,0.03,0.03243386243386243,7.6,9.0,0.042222222222222223,1.0,0.0,0.02455780043281295,150.0
degree-10,21,10021,confirmation,0.1,0,1,1,27,0,1.0,2.857142857142857,5.0,-2.0,-0.14025974025974022,0.0,0.0,0.0,0.008888888888888889,0.026845637583892617,0.026845637583892617,0.9911111111111112,0.03333333333333333,0.01904761904761905,1.0,0.01111111111111111,0.02142857142857143,4.0,4.0,0.0044444444444444444,1.0,0.0,0.016763348396268255,150.0
random-20,1,10001,discovery,0.2,1,0,1,27,0,2.0,2.761904761904762,4.0,-1.0,-0.10389610389610396,0.0,0.0,0.0,0.03333333333333333,0.08108108108108109,0.10135135135135136,0.9666666666666667,0.02666666666666667,0.018412698412698412,1.0,0.013333333333333334,0.021322751322751323,7.5,9.0,0.016666666666666666,0.5,0.0,0.013852882289825553,150.0
random-20,2,10002,discovery,0.2,1,0,1,61,0,3.0,2.238095238095238,3.0,0.0,-0.05324675324675327,0.0,0.0,0.0,0.022222222222222223,0.047619047619047616,0.06802721088435375,0.9777777777777777,0.04,0.014920634920634921,1.0,0.015555555555555557,0.01455026455026455,4.666666666666667,6.0,0.015555555555555555,1.0,0.0,0.03224964339270449,150.0
random-20,3,10003,discovery,0.2,1,0,0,100,6,2.0,2.761904761904762,4.0,-1.0,-0.08311688311688303,0.0,0.0,0.0,0.02666666666666667,0.08108108108108109,0.08108108108108109,0.9733333333333334,0.02666666666666667,0.018412698412698412,1.0,0.013333333333333334,0.017195767195767195,6.0,8.0,0.013333333333333334,0.5,0.0,0.008453096378515473,150.0
random-20,4,10004,discovery,0.2,1,0,1,22,0,2.0,1.9523809523809523,3.0,-1.0,0.02727272727272725,0.0,0.0,0.0,0.02666666666666667,0.060810810810810814,0.08108108108108109,0.9733333333333334,0.03333333333333333,0.013015873015873015,1.0,0.013333333333333334,0.01566137566137566,7.0,8.0,0.015555555555555555,1.0,0.0,0.003314738400310747,150.0
random-20,5,10005,discovery,0.2,1,0,0,100,2,10.0,5.9523809523809526,10.0,7.0,0.3792207792207791,1.0,0.09523809523809523,0.02467532467532467,0.09777777777777778,0.18705035971223022,0.31654676258992803,0.8888888888888888,0.09333333333333334,0.03968253968253969,1.0,0.06,0.046031746031746035,6.8,10.0,0.07555555555555556,0.4,0.013333333333333334,0.06265671453223137,150.0
random-20,6,10006,discovery,0.2,1,0,0,100,3,3.0,4.333333333333333,6.0,0.0,0.06623376623376628,0.0,0.0,0.0,0.03777777777777778,0.061224489795918366,0.11564625850340136,0.9622222222222222,0.05333333333333334,0.02888888888888889,0.8095238095238095,0.03,0.033756613756613756,6.333333333333333,8.0,0.021111111111111112,0.6666666666666666,0.0,0.0033666051690815824,150.0
random-20,7,10007,discovery,0.2,1,0,1,25,0,1.0,2.142857142857143,4.0,-2.0,-0.09740259740259744,0.0,0.0,0.0,0.015555555555555555,0.04697986577181208,0.04697986577181208,0.9844444444444445,0.03333333333333333,0.014285714285714285,0.8571428571428571,0.007777777777777778,0.01619047619047619,7.0,7.0,0.0077777777777777776,1.0,0.0,0.010128389893765789,150.0
random-20,8,10008,discovery,0.2,1,0,1,91,0,5.0,3.142857142857143,5.0,2.0,0.050649350649350625,0.0,0.0,0.0,0.04888888888888889,0.0896551724137931,0.15172413793103448,0.9511111111111111,0.04,0.02095238095238095,1.0,0.025555555555555554,0.016825396825396827,6.0,10.0,0.03333333333333333,0.6,0.0,0.028117804511622838,150.0
random-20,14,10014,confirmation,0.2,1,0,1,61,0,2.0,2.142857142857143,3.0,-1.0,-0.08701298701298697,0.0,0.0,0.0,0.02666666666666667,0.05405405405405406,0.08108108108108109,0.9733333333333334,0.03333333333333333,0.014285714285714285,1.0,0.011111111111111112,0.015238095238095238,7.0,8.0,0.015555555555555555,1.0,0.0,0.007756852703731801,150.0
random-20,15,10015,confirmation,0.2,1,0,0,100,2,3.0,3.8095238095238093,6.0,0.0,-0.08961038961038956,0.0,0.0,0.0,0.02666666666666667,0.04081632653061224,0.08163265306122448,0.9733333333333334,0.05333333333333334,0.025396825396825397,1.0,0.017777777777777778,0.01978835978835979,6.0,8.0,0.02,1.0,0.0,0.0063757404054065265,150.0
random-20,16,10016,confirmation,0.2,1,0,1,46,0,3.0,2.6666666666666665,4.0,0.0,0.08961038961038967,1.0,0.2857142857142857,0.05844155844155843,0.03333333333333333,0.06164383561643835,0.10273972602739725,0.9488888888888889,0.06,0.017777777777777778,0.5714285714285714,0.023333333333333334,0.02164021164021164,7.333333333333333,10.0,0.024444444444444446,1.0,0.017777777777777778,0.028741197904635116,150.0
random-20,17,10017,confirmation,0.2,1,0,1,43,0,4.0,3.0,4.0,1.0,0.02077922077922076,0.0,0.0,0.0,0.03777777777777778,0.0684931506849315,0.11643835616438356,0.9622222222222222,0.04,0.02,1.0,0.02222222222222222,0.01894179894179894,5.25,6.0,0.023333333333333334,0.5,0.0,0.0053924293299641,150.0
random-20,18,10018,confirmation,0.2,1,0,1,41,0,5.0,3.4285714285714284,5.0,2.0,0.112987012987013,0.0,0.0,0.0,0.04666666666666667,0.05517241379310345,0.14482758620689656,0.9533333333333334,0.05333333333333334,0.022857142857142857,1.0,0.028888888888888888,0.027566137566137565,7.0,8.0,0.03888888888888889,1.0,0.0,0.024900629020277225,150.0
random-20,19,10019,confirmation,0.2,1,0,1,80,0,3.0,2.0,3.0,0.0,0.007792207792207837,0.0,0.0,0.0,0.022222222222222223,0.04081632653061224,0.06802721088435375,0.9777777777777777,0.04,0.013333333333333334,0.6190476190476191,0.012222222222222221,0.011587301587301587,4.666666666666667,8.0,0.015555555555555555,1.0,0.0,0.004922821727308133,150.0
random-20,20,10020,confirmation,0.2,1,0,0,100,1,5.0,3.6666666666666665,5.0,2.0,0.05194805194805195,0.0,0.0,0.0,0.057777777777777775,0.11724137931034483,0.1793103448275862,0.9422222222222222,0.05333333333333334,0.024444444444444442,1.0,0.03,0.03243386243386243,7.6,9.0,0.042222222222222223,1.0,0.0,0.02455780043281295,150.0
random-20,21,10021,confirmation,0.2,1,0,1,69,0,1.0,2.857142857142857,5.0,-2.0,-0.14025974025974022,0.0,0.0,0.0,0.008888888888888889,0.026845637583892617,0.026845637583892617,0.9911111111111112,0.03333333333333333,0.01904761904761905,1.0,0.01111111111111111,0.02142857142857143,4.0,4.0,0.0044444444444444444,1.0,0.0,0.016763348396268255,150.0
degree-20,1,10001,discovery,0.2,0,1,1,27,0,2.0,2.761904761904762,4.0,-1.0,-0.10389610389610396,0.0,0.0,0.0,0.03333333333333333,0.08108108108108109,0.10135135135135136,0.9666666666666667,0.02666666666666667,0.018412698412698412,1.0,0.013333333333333334,0.021322751322751323,7.5,9.0,0.016666666666666666,0.5,0.0,0.013852882289825553,150.0
degree-20,2,10002,discovery,0.2,0,1,0,100,2,3.0,2.238095238095238,3.0,0.0,-0.05324675324675327,0.0,0.0,0.0,0.022222222222222223,0.047619047619047616,0.06802721088435375,0.9777777777777777,0.04,0.014920634920634921,1.0,0.015555555555555557,0.01455026455026455,4.666666666666667,6.0,0.015555555555555555,1.0,0.0,0.03224964339270449,150.0
degree-20,3,10003,discovery,0.2,0,1,1,29,0,2.0,2.761904761904762,4.0,-1.0,-0.08311688311688303,0.0,0.0,0.0,0.02666666666666667,0.08108108108108109,0.08108108108108109,0.9733333333333334,0.02666666666666667,0.018412698412698412,1.0,0.013333333333333334,0.017195767195767195,6.0,8.0,0.013333333333333334,0.5,0.0,0.008453096378515473,150.0
degree-20,4,10004,discovery,0.2,0,1,1,37,0,2.0,1.9523809523809523,3.0,-1.0,0.02727272727272725,0.0,0.0,0.0,0.02666666666666667,0.060810810810810814,0.08108108108108109,0.9733333333333334,0.03333333333333333,0.013015873015873015,1.0,0.013333333333333334,0.01566137566137566,7.0,8.0,0.015555555555555555,1.0,0.0,0.003314738400310747,150.0
degree-20,5,10005,discovery,0.2,0,1,0,100,8,10.0,5.9523809523809526,10.0,7.0,0.3792207792207791,1.0,0.09523809523809523,0.02467532467532467,0.09777777777777778,0.18705035971223022,0.31654676258992803,0.8888888888888888,0.09333333333333334,0.03968253968253969,1.0,0.06,0.046031746031746035,6.8,10.0,0.07555555555555556,0.4,0.013333333333333334,0.06265671453223137,150.0
degree-20,6,10006,discovery,0.2,0,1,1,41,0,3.0,4.333333333333333,6.0,0.0,0.06623376623376628,0.0,0.0,0.0,0.03777777777777778,0.061224489795918366,0.11564625850340136,0.9622222222222222,0.05333333333333334,0.02888888888888889,0.8095238095238095,0.03,0.033756613756613756,6.333333333333333,8.0,0.021111111111111112,0.6666666666666666,0.0,0.0033666051690815824,150.0
degree-20,7,10007,discovery,0.2,0,1,1,23,0,1.0,2.142857142857143,4.0,-2.0,-0.09740259740259744,0.0,0.0,0.0,0.015555555555555555,0.04697986577181208,0.04697986577181208,0.9844444444444445,0.03333333333333333,0.014285714285714285,0.8571428571428571,0.007777777777777778,0.01619047619047619,7.0,7.0,0.0077777777777777776,1.0,0.0,0.010128389893765789,150.0
degree-20,8,10008,discovery,0.2,0,1,0,100,4,5.0,3.142857142857143,5.0,2.0,0.050649350649350625,0.0,0.0,0.0,0.04888888888888889,0.0896551724137931,0.15172413793103448,0.9511111111111111,0.04,0.02095238095238095,1.0,0.025555555555555554,0.016825396825396827,6.0,10.0,0.03333333333333333,0.6,0.0,0.028117804511622838,150.0
degree-20,14,10014,confirmation,0.2,0,1,1,21,0,2.0,2.142857142857143,3.0,-1.0,-0.08701298701298697,0.0,0.0,0.0,0.02666666666666667,0.05405405405405406,0.08108108108108109,0.9733333333333334,0.03333333333333333,0.014285714285714285,1.0,0.011111111111111112,0.015238095238095238,7.0,8.0,0.015555555555555555,1.0,0.0,0.007756852703731801,150.0
degree-20,15,10015,confirmation,0.2,0,1,1,66,0,3.0,3.8095238095238093,6.0,0.0,-0.08961038961038956,0.0,0.0,0.0,0.02666666666666667,0.04081632653061224,0.08163265306122448,0.9733333333333334,0.05333333333333334,0.025396825396825397,1.0,0.017777777777777778,0.01978835978835979,6.0,8.0,0.02,1.0,0.0,0.0063757404054065265,150.0
degree-20,16,10016,confirmation,0.2,0,1,0,100,3,3.0,2.6666666666666665,4.0,0.0,0.08961038961038967,1.0,0.2857142857142857,0.05844155844155843,0.03333333333333333,0.06164383561643835,0.10273972602739725,0.9488888888888889,0.06,0.017777777777777778,0.5714285714285714,0.023333333333333334,0.02164021164021164,7.333333333333333,10.0,0.024444444444444446,1.0,0.017777777777777778,0.028741197904635116,150.0
degree-20,17,10017,confirmation,0.2,0,1,0,100,5,4.0,3.0,4.0,1.0,0.02077922077922076,0.0,0.0,0.0,0.03777777777777778,0.0684931506849315,0.11643835616438356,0.9622222222222222,0.04,0.02,1.0,0.02222222222222222,0.01894179894179894,5.25,6.0,0.023333333333333334,0.5,0.0,0.0053924293299641,150.0
degree-20,18,10018,confirmation,0.2,0,1,1,29,0,5.0,3.4285714285714284,5.0,2.0,0.112987012987013,0.0,0.0,0.0,0.04666666666666667,0.05517241379310345,0.14482758620689656,0.9533333333333334,0.05333333333333334,0.022857142857142857,1.0,0.028888888888888888,0.027566137566137565,7.0,8.0,0.03888888888888889,1.0,0.0,0.024900629020277225,150.0
degree-20,19,10019,confirmation,0.2,0,1,1,35,0,3.0,2.0,3.0,0.0,0.007792207792207837,0.0,0.0,0.0,0.022222222222222223,0.04081632653061224,0.06802721088435375,0.9777777777777777,0.04,0.013333333333333334,0.6190476190476191,0.012222222222222221,0.011587301587301587,4.666666666666667,8.0,0.015555555555555555,1.0,0.0,0.004922821727308133,150.0
degree-20,20,10020,confirmation,0.2,0,1,1,38,0,5.0,3.6666666666666665,5.0,2.0,0.05194805194805195,0.0,0.0,0.0,0.057777777777777775,0.11724137931034483,0.1793103448275862,0.9422222222222222,0.05333333333333334,0.024444444444444442,1.0,0.03,0.03243386243386243,7.6,9.0,0.042222222222222223,1.0,0.0,0.02455780043281295,150.0
degree-20,21,10021,confirmation,0.2,0,1,1,42,0,1.0,2.857142857142857,5.0,-2.0,-0.14025974025974022,0.0,0.0,0.0,0.008888888888888889,0.026845637583892617,0.026845637583892617,0.9911111111111112,0.03333333333333333,0.01904761904761905,1.0,0.01111111111111111,0.02142857142857143,4.0,4.0,0.0044444444444444444,1.0,0.0,0.016763348396268255,150.0
